folder,per_image_dir,sampleId,patientId,fgfr3_mutations,fgfr3_mut_count,activating_records,is_mut_activating,is_mut_any,FGFR3_status,FGFR3_status_any,hotspot,proteinChange_raw,VAF,tumorAltCount,tumorRefCount,FGFR3_RSEM,has_expression,FGFR3_CNA,total_mutation_count,AGE,SEX,STAGE,GRADE,TMB_CAT,file_name
TCGA-2F-A9KP-01A-01-TS1.1BD6FF57-7F82-4444-9918-D8CEBA1D8987,data/TCGA-2F-A9KP-01A-01-TS1.1BD6FF57-7F82-4444-9918-D8CEBA1D8987,TCGA-2F-A9KP-01,TCGA-2F-A9KP,[],0,[],False,False,WT,WT_any,,,,,,12524.8,True,,131.0,66.0,Male,Stage IV,High Grade,,TCGA-2F-A9KP-01A-01-TS1.1BD6FF57-7F82-4444-9918-D8CEBA1D8987.svs
TCGA-2F-A9KP-01Z-00-DX1.3CDF534E-958F-4467-AA7E-FD3C5A86AAAA,data/TCGA-2F-A9KP-01Z-00-DX1.3CDF534E-958F-4467-AA7E-FD3C5A86AAAA,TCGA-2F-A9KP-01,TCGA-2F-A9KP,[],0,[],False,False,WT,WT_any,,,,,,12524.8,True,,131.0,66.0,Male,Stage IV,High Grade,,TCGA-2F-A9KP-01Z-00-DX1.3CDF534E-958F-4467-AA7E-FD3C5A86AAAA.svs
TCGA-2F-A9KP-01Z-00-DX2.718C82A3-252B-498E-BFBE-F4E4EB431BF5,data/TCGA-2F-A9KP-01Z-00-DX2.718C82A3-252B-498E-BFBE-F4E4EB431BF5,TCGA-2F-A9KP-01,TCGA-2F-A9KP,[],0,[],False,False,WT,WT_any,,,,,,12524.8,True,,131.0,66.0,Male,Stage IV,High Grade,,TCGA-2F-A9KP-01Z-00-DX2.718C82A3-252B-498E-BFBE-F4E4EB431BF5.svs
TCGA-2F-A9KQ-01A-01-TSA.2B19AC4B-1FF9-4867-A9EE-B39E265EF330,data/TCGA-2F-A9KQ-01A-01-TSA.2B19AC4B-1FF9-4867-A9EE-B39E265EF330,TCGA-2F-A9KQ-01,TCGA-2F-A9KQ,"[{'uniqueSampleKey': 'VENHQS0yRi1BOUtRLTAxOmJsY2FfdGNnYV9wYW5fY2FuX2F0bGFzXzIwMTg', 'uniquePatientKey': 'VENHQS0yRi1BOUtROmJsY2FfdGNnYV9wYW5fY2FuX2F0bGFzXzIwMTg', 'molecularProfileId': 'blca_tcga_pan_can_atlas_2018_mutations', 'sampleId': 'TCGA-2F-A9KQ-01', 'patientId': 'TCGA-2F-A9KQ', 'entrezGeneId': 2261, 'gene': {'entrezGeneId': 2261, 'hugoGeneSymbol': 'FGFR3', 'type': 'protein-coding'}, 'studyId': 'blca_tcga_pan_can_atlas_2018', 'center': '.', 'mutationStatus': '.', 'validationStatus': '.', 'tumorAltCount': 69, 'tumorRefCount': 83, 'normalRefCount': 187, 'chr': '4', 'startPosition': 1806099, 'endPosition': 1806099, 'referenceAllele': 'A', 'variantAllele': 'G', 'proteinChange': 'Y373C', 'mutationType': 'Missense_Mutation', 'ncbiBuild': 'GRCh37', 'variantType': 'SNP', 'refseqMrnaId': 'NA', 'proteinPosStart': 373, 'proteinPosEnd': 373, 'keyword': 'FGFR3 Y373 missense'}]",1,"[{'uniqueSampleKey': 'VENHQS0yRi1BOUtRLTAxOmJsY2FfdGNnYV9wYW5fY2FuX2F0bGFzXzIwMTg', 'uniquePatientKey': 'VENHQS0yRi1BOUtROmJsY2FfdGNnYV9wYW5fY2FuX2F0bGFzXzIwMTg', 'molecularProfileId': 'blca_tcga_pan_can_atlas_2018_mutations', 'sampleId': 'TCGA-2F-A9KQ-01', 'patientId': 'TCGA-2F-A9KQ', 'entrezGeneId': 2261, 'gene': {'entrezGeneId': 2261, 'hugoGeneSymbol': 'FGFR3', 'type': 'protein-coding'}, 'studyId': 'blca_tcga_pan_can_atlas_2018', 'center': '.', 'mutationStatus': '.', 'validationStatus': '.', 'tumorAltCount': 69, 'tumorRefCount': 83, 'normalRefCount': 187, 'chr': '4', 'startPosition': 1806099, 'endPosition': 1806099, 'referenceAllele': 'A', 'variantAllele': 'G', 'proteinChange': 'Y373C', 'mutationType': 'Missense_Mutation', 'ncbiBuild': 'GRCh37', 'variantType': 'SNP', 'refseqMrnaId': 'NA', 'proteinPosStart': 373, 'proteinPosEnd': 373, 'keyword': 'FGFR3 Y373 missense'}]",True,True,MUT,MUT_any,Y373C/Y375C,Y373C,0.45394736842105265,69.0,83.0,11519.7,True,,63.0,69.0,Male,Stage III,High Grade,,TCGA-2F-A9KQ-01A-01-TSA.2B19AC4B-1FF9-4867-A9EE-B39E265EF330.svs
TCGA-2F-A9KQ-01Z-00-DX1.1C8CB2DD-5CC6-4E99-A0F9-32A0F598F5F9,data/TCGA-2F-A9KQ-01Z-00-DX1.1C8CB2DD-5CC6-4E99-A0F9-32A0F598F5F9,TCGA-2F-A9KQ-01,TCGA-2F-A9KQ,"[{'uniqueSampleKey': 'VENHQS0yRi1BOUtRLTAxOmJsY2FfdGNnYV9wYW5fY2FuX2F0bGFzXzIwMTg', 'uniquePatientKey': 'VENHQS0yRi1BOUtROmJsY2FfdGNnYV9wYW5fY2FuX2F0bGFzXzIwMTg', 'molecularProfileId': 'blca_tcga_pan_can_atlas_2018_mutations', 'sampleId': 'TCGA-2F-A9KQ-01', 'patientId': 'TCGA-2F-A9KQ', 'entrezGeneId': 2261, 'gene': {'entrezGeneId': 2261, 'hugoGeneSymbol': 'FGFR3', 'type': 'protein-coding'}, 'studyId': 'blca_tcga_pan_can_atlas_2018', 'center': '.', 'mutationStatus': '.', 'validationStatus': '.', 'tumorAltCount': 69, 'tumorRefCount': 83, 'normalRefCount': 187, 'chr': '4', 'startPosition': 1806099, 'endPosition': 1806099, 'referenceAllele': 'A', 'variantAllele': 'G', 'proteinChange': 'Y373C', 'mutationType': 'Missense_Mutation', 'ncbiBuild': 'GRCh37', 'variantType': 'SNP', 'refseqMrnaId': 'NA', 'proteinPosStart': 373, 'proteinPosEnd': 373, 'keyword': 'FGFR3 Y373 missense'}]",1,"[{'uniqueSampleKey': 'VENHQS0yRi1BOUtRLTAxOmJsY2FfdGNnYV9wYW5fY2FuX2F0bGFzXzIwMTg', 'uniquePatientKey': 'VENHQS0yRi1BOUtROmJsY2FfdGNnYV9wYW5fY2FuX2F0bGFzXzIwMTg', 'molecularProfileId': 'blca_tcga_pan_can_atlas_2018_mutations', 'sampleId': 'TCGA-2F-A9KQ-01', 'patientId': 'TCGA-2F-A9KQ', 'entrezGeneId': 2261, 'gene': {'entrezGeneId': 2261, 'hugoGeneSymbol': 'FGFR3', 'type': 'protein-coding'}, 'studyId': 'blca_tcga_pan_can_atlas_2018', 'center': '.', 'mutationStatus': '.', 'validationStatus': '.', 'tumorAltCount': 69, 'tumorRefCount': 83, 'normalRefCount': 187, 'chr': '4', 'startPosition': 1806099, 'endPosition': 1806099, 'referenceAllele': 'A', 'variantAllele': 'G', 'proteinChange': 'Y373C', 'mutationType': 'Missense_Mutation', 'ncbiBuild': 'GRCh37', 'variantType': 'SNP', 'refseqMrnaId': 'NA', 'proteinPosStart': 373, 'proteinPosEnd': 373, 'keyword': 'FGFR3 Y373 missense'}]",True,True,MUT,MUT_any,Y373C/Y375C,Y373C,0.45394736842105265,69.0,83.0,11519.7,True,,63.0,69.0,Male,Stage III,High Grade,,TCGA-2F-A9KQ-01Z-00-DX1.1C8CB2DD-5CC6-4E99-A0F9-32A0F598F5F9.svs
TCGA-2F-A9KQ-11A-01-TSA.A0E111E2-5B11-4C60-953B-48F3AF05F975,data/TCGA-2F-A9KQ-11A-01-TSA.A0E111E2-5B11-4C60-953B-48F3AF05F975,TCGA-2F-A9KQ-11,TCGA-2F-A9KQ,[],0,[],False,False,WT,WT_any,,,,,,,False,,0.0,69.0,Male,Stage III,,,TCGA-2F-A9KQ-11A-01-TSA.A0E111E2-5B11-4C60-953B-48F3AF05F975.svs
TCGA-2F-A9KW-01A-01-TS1.EE9C61ED-DA21-4574-841B-CF5075E3AA85,data/TCGA-2F-A9KW-01A-01-TS1.EE9C61ED-DA21-4574-841B-CF5075E3AA85,TCGA-2F-A9KW-01,TCGA-2F-A9KW,[],0,[],False,False,WT,WT_any,,,,,,23.0391,True,,94.0,67.0,Female,Stage III,High Grade,,TCGA-2F-A9KW-01A-01-TS1.EE9C61ED-DA21-4574-841B-CF5075E3AA85.svs
TCGA-2F-A9KW-01Z-00-DX1.CECFDA2E-2CE7-4115-B4E6-A3D75B130232,data/TCGA-2F-A9KW-01Z-00-DX1.CECFDA2E-2CE7-4115-B4E6-A3D75B130232,TCGA-2F-A9KW-01,TCGA-2F-A9KW,[],0,[],False,False,WT,WT_any,,,,,,23.0391,True,,94.0,,,,High Grade,,TCGA-2F-A9KW-01Z-00-DX1.CECFDA2E-2CE7-4115-B4E6-A3D75B130232.svs
TCGA-2F-A9KW-01Z-00-DX2.10D33B2F-631F-4E3D-BF53-24D40A1088A3,data/TCGA-2F-A9KW-01Z-00-DX2.10D33B2F-631F-4E3D-BF53-24D40A1088A3,TCGA-2F-A9KW-01,TCGA-2F-A9KW,[],0,[],False,False,WT,WT_any,,,,,,23.0391,True,,94.0,,,,High Grade,,TCGA-2F-A9KW-01Z-00-DX2.10D33B2F-631F-4E3D-BF53-24D40A1088A3.svs
TCGA-4Z-AA7M-01A-01-TS1.A10F52DC-3866-4EAE-99B6-12731BD21577,data/TCGA-4Z-AA7M-01A-01-TS1.A10F52DC-3866-4EAE-99B6-12731BD21577,TCGA-4Z-AA7M-01,TCGA-4Z-AA7M,[],0,[],False,False,WT,WT_any,,,,,,9491.83,True,,475.0,,,,High Grade,,TCGA-4Z-AA7M-01A-01-TS1.A10F52DC-3866-4EAE-99B6-12731BD21577.svs
TCGA-4Z-AA7M-01Z-00-DX1.05317C75-A8F3-4124-95D2-F039BEFFE63A,data/TCGA-4Z-AA7M-01Z-00-DX1.05317C75-A8F3-4124-95D2-F039BEFFE63A,TCGA-4Z-AA7M-01,TCGA-4Z-AA7M,[],0,[],False,False,WT,WT_any,,,,,,9491.83,True,,475.0,,,,High Grade,,TCGA-4Z-AA7M-01Z-00-DX1.05317C75-A8F3-4124-95D2-F039BEFFE63A.svs
TCGA-4Z-AA7N-01A-01-TS1.3698B2A4-FBA5-4D93-9056-59A63F6E33D1,data/TCGA-4Z-AA7N-01A-01-TS1.3698B2A4-FBA5-4D93-9056-59A63F6E33D1,TCGA-4Z-AA7N-01,TCGA-4Z-AA7N,[],0,[],False,False,WT,WT_any,,,,,,6499.32,True,,12.0,65.0,Male,Stage III,High Grade,,TCGA-4Z-AA7N-01A-01-TS1.3698B2A4-FBA5-4D93-9056-59A63F6E33D1.svs
TCGA-4Z-AA7N-01Z-00-DX1.10AA3499-6678-4DB2-9466-9CB3EA25CBB6,data/TCGA-4Z-AA7N-01Z-00-DX1.10AA3499-6678-4DB2-9466-9CB3EA25CBB6,TCGA-4Z-AA7N-01,TCGA-4Z-AA7N,[],0,[],False,False,WT,WT_any,,,,,,6499.32,True,,12.0,,,,High Grade,,TCGA-4Z-AA7N-01Z-00-DX1.10AA3499-6678-4DB2-9466-9CB3EA25CBB6.svs
TCGA-4Z-AA7O-01A-03-TS3.3A99E818-5C0F-4B21-8683-231B17A92096,data/TCGA-4Z-AA7O-01A-03-TS3.3A99E818-5C0F-4B21-8683-231B17A92096,TCGA-4Z-AA7O-01,TCGA-4Z-AA7O,[],0,[],False,False,WT,WT_any,,,,,,17741.6,True,,164.0,64.0,Male,Stage II,High Grade,,TCGA-4Z-AA7O-01A-03-TS3.3A99E818-5C0F-4B21-8683-231B17A92096.svs
TCGA-4Z-AA7O-01Z-00-DX1.A45C32E8-AA40-4182-8A6F-986DFE56A748,data/TCGA-4Z-AA7O-01Z-00-DX1.A45C32E8-AA40-4182-8A6F-986DFE56A748,TCGA-4Z-AA7O-01,TCGA-4Z-AA7O,[],0,[],False,False,WT,WT_any,,,,,,17741.6,True,,164.0,64.0,Male,Stage II,High Grade,,TCGA-4Z-AA7O-01Z-00-DX1.A45C32E8-AA40-4182-8A6F-986DFE56A748.svs
TCGA-4Z-AA7R-01A-01-TS1.A565505C-99ED-4E24-83E0-96B8AC772AD6,data/TCGA-4Z-AA7R-01A-01-TS1.A565505C-99ED-4E24-83E0-96B8AC772AD6,TCGA-4Z-AA7R-01,TCGA-4Z-AA7R,[],0,[],False,False,WT,WT_any,,,,,,23.142,True,,319.0,,,,High Grade,,TCGA-4Z-AA7R-01A-01-TS1.A565505C-99ED-4E24-83E0-96B8AC772AD6.svs
TCGA-4Z-AA7R-01Z-00-DX1.8FBDAFEB-265F-4594-9069-E34BAB417FC4,data/TCGA-4Z-AA7R-01Z-00-DX1.8FBDAFEB-265F-4594-9069-E34BAB417FC4,TCGA-4Z-AA7R-01,TCGA-4Z-AA7R,[],0,[],False,False,WT,WT_any,,,,,,23.142,True,,319.0,73.0,Male,Stage IV,High Grade,,TCGA-4Z-AA7R-01Z-00-DX1.8FBDAFEB-265F-4594-9069-E34BAB417FC4.svs
TCGA-4Z-AA7W-01A-01-TS1.10285360-A42D-4CB5-82CF-6F4F3AEF4231,data/TCGA-4Z-AA7W-01A-01-TS1.10285360-A42D-4CB5-82CF-6F4F3AEF4231,TCGA-4Z-AA7W-01,TCGA-4Z-AA7W,[],0,[],False,False,WT,WT_any,,,,,,1101.75,True,,518.0,55.0,Male,Stage II,High Grade,,TCGA-4Z-AA7W-01A-01-TS1.10285360-A42D-4CB5-82CF-6F4F3AEF4231.svs
TCGA-4Z-AA7W-01Z-00-DX1.9BE6DF4E-480F-483E-8299-D949B5C09B4B,data/TCGA-4Z-AA7W-01Z-00-DX1.9BE6DF4E-480F-483E-8299-D949B5C09B4B,TCGA-4Z-AA7W-01,TCGA-4Z-AA7W,[],0,[],False,False,WT,WT_any,,,,,,1101.75,True,,518.0,55.0,Male,Stage II,High Grade,,TCGA-4Z-AA7W-01Z-00-DX1.9BE6DF4E-480F-483E-8299-D949B5C09B4B.svs
TCGA-4Z-AA7Y-01A-01-TS1.88F8F6ED-C12A-426D-8058-5FCBEFA5E7F0,data/TCGA-4Z-AA7Y-01A-01-TS1.88F8F6ED-C12A-426D-8058-5FCBEFA5E7F0,TCGA-4Z-AA7Y-01,TCGA-4Z-AA7Y,"[{'uniqueSampleKey': 'VENHQS00Wi1BQTdZLTAxOmJsY2FfdGNnYV9wYW5fY2FuX2F0bGFzXzIwMTg', 'uniquePatientKey': 'VENHQS00Wi1BQTdZOmJsY2FfdGNnYV9wYW5fY2FuX2F0bGFzXzIwMTg', 'molecularProfileId': 'blca_tcga_pan_can_atlas_2018_mutations', 'sampleId': 'TCGA-4Z-AA7Y-01', 'patientId': 'TCGA-4Z-AA7Y', 'entrezGeneId': 2261, 'gene': {'entrezGeneId': 2261, 'hugoGeneSymbol': 'FGFR3', 'type': 'protein-coding'}, 'studyId': 'blca_tcga_pan_can_atlas_2018', 'center': '.', 'mutationStatus': '.', 'validationStatus': '.', 'tumorAltCount': 71, 'tumorRefCount': 1, 'normalRefCount': 23, 'chr': '4', 'startPosition': 1803568, 'endPosition': 1803568, 'referenceAllele': 'C', 'variantAllele': 'G', 'proteinChange': 'S249C', 'mutationType': 'Missense_Mutation', 'ncbiBuild': 'GRCh37', 'variantType': 'SNP', 'refseqMrnaId': 'NA', 'proteinPosStart': 249, 'proteinPosEnd': 249, 'keyword': 'FGFR3 S249 missense'}]",1,"[{'uniqueSampleKey': 'VENHQS00Wi1BQTdZLTAxOmJsY2FfdGNnYV9wYW5fY2FuX2F0bGFzXzIwMTg', 'uniquePatientKey': 'VENHQS00Wi1BQTdZOmJsY2FfdGNnYV9wYW5fY2FuX2F0bGFzXzIwMTg', 'molecularProfileId': 'blca_tcga_pan_can_atlas_2018_mutations', 'sampleId': 'TCGA-4Z-AA7Y-01', 'patientId': 'TCGA-4Z-AA7Y', 'entrezGeneId': 2261, 'gene': {'entrezGeneId': 2261, 'hugoGeneSymbol': 'FGFR3', 'type': 'protein-coding'}, 'studyId': 'blca_tcga_pan_can_atlas_2018', 'center': '.', 'mutationStatus': '.', 'validationStatus': '.', 'tumorAltCount': 71, 'tumorRefCount': 1, 'normalRefCount': 23, 'chr': '4', 'startPosition': 1803568, 'endPosition': 1803568, 'referenceAllele': 'C', 'variantAllele': 'G', 'proteinChange': 'S249C', 'mutationType': 'Missense_Mutation', 'ncbiBuild': 'GRCh37', 'variantType': 'SNP', 'refseqMrnaId': 'NA', 'proteinPosStart': 249, 'proteinPosEnd': 249, 'keyword': 'FGFR3 S249 missense'}]",True,True,MUT,MUT_any,S249C,S249C,0.9861111111111112,71.0,1.0,18594.8,True,,263.0,60.0,Male,Stage II,High Grade,,TCGA-4Z-AA7Y-01A-01-TS1.88F8F6ED-C12A-426D-8058-5FCBEFA5E7F0.svs
TCGA-4Z-AA7Y-01Z-00-DX1.5771D5DA-5163-4F6C-A99A-DA682D3F059F,data/TCGA-4Z-AA7Y-01Z-00-DX1.5771D5DA-5163-4F6C-A99A-DA682D3F059F,TCGA-4Z-AA7Y-01,TCGA-4Z-AA7Y,"[{'uniqueSampleKey': 'VENHQS00Wi1BQTdZLTAxOmJsY2FfdGNnYV9wYW5fY2FuX2F0bGFzXzIwMTg', 'uniquePatientKey': 'VENHQS00Wi1BQTdZOmJsY2FfdGNnYV9wYW5fY2FuX2F0bGFzXzIwMTg', 'molecularProfileId': 'blca_tcga_pan_can_atlas_2018_mutations', 'sampleId': 'TCGA-4Z-AA7Y-01', 'patientId': 'TCGA-4Z-AA7Y', 'entrezGeneId': 2261, 'gene': {'entrezGeneId': 2261, 'hugoGeneSymbol': 'FGFR3', 'type': 'protein-coding'}, 'studyId': 'blca_tcga_pan_can_atlas_2018', 'center': '.', 'mutationStatus': '.', 'validationStatus': '.', 'tumorAltCount': 71, 'tumorRefCount': 1, 'normalRefCount': 23, 'chr': '4', 'startPosition': 1803568, 'endPosition': 1803568, 'referenceAllele': 'C', 'variantAllele': 'G', 'proteinChange': 'S249C', 'mutationType': 'Missense_Mutation', 'ncbiBuild': 'GRCh37', 'variantType': 'SNP', 'refseqMrnaId': 'NA', 'proteinPosStart': 249, 'proteinPosEnd': 249, 'keyword': 'FGFR3 S249 missense'}]",1,"[{'uniqueSampleKey': 'VENHQS00Wi1BQTdZLTAxOmJsY2FfdGNnYV9wYW5fY2FuX2F0bGFzXzIwMTg', 'uniquePatientKey': 'VENHQS00Wi1BQTdZOmJsY2FfdGNnYV9wYW5fY2FuX2F0bGFzXzIwMTg', 'molecularProfileId': 'blca_tcga_pan_can_atlas_2018_mutations', 'sampleId': 'TCGA-4Z-AA7Y-01', 'patientId': 'TCGA-4Z-AA7Y', 'entrezGeneId': 2261, 'gene': {'entrezGeneId': 2261, 'hugoGeneSymbol': 'FGFR3', 'type': 'protein-coding'}, 'studyId': 'blca_tcga_pan_can_atlas_2018', 'center': '.', 'mutationStatus': '.', 'validationStatus': '.', 'tumorAltCount': 71, 'tumorRefCount': 1, 'normalRefCount': 23, 'chr': '4', 'startPosition': 1803568, 'endPosition': 1803568, 'referenceAllele': 'C', 'variantAllele': 'G', 'proteinChange': 'S249C', 'mutationType': 'Missense_Mutation', 'ncbiBuild': 'GRCh37', 'variantType': 'SNP', 'refseqMrnaId': 'NA', 'proteinPosStart': 249, 'proteinPosEnd': 249, 'keyword': 'FGFR3 S249 missense'}]",True,True,MUT,MUT_any,S249C,S249C,0.9861111111111112,71.0,1.0,18594.8,True,,263.0,60.0,Male,Stage II,High Grade,,TCGA-4Z-AA7Y-01Z-00-DX1.5771D5DA-5163-4F6C-A99A-DA682D3F059F.svs
TCGA-4Z-AA80-01A-01-TS1.847570E4-F988-4177-AAF3-21D0E7399CE1,data/TCGA-4Z-AA80-01A-01-TS1.847570E4-F988-4177-AAF3-21D0E7399CE1,TCGA-4Z-AA80-01,TCGA-4Z-AA80,[],0,[],False,False,WT,WT_any,,,,,,6588.38,True,,374.0,,,,High Grade,,TCGA-4Z-AA80-01A-01-TS1.847570E4-F988-4177-AAF3-21D0E7399CE1.svs
TCGA-4Z-AA80-01Z-00-DX1.303549D2-42A5-46C4-AD9D-D72337B416E5,data/TCGA-4Z-AA80-01Z-00-DX1.303549D2-42A5-46C4-AD9D-D72337B416E5,TCGA-4Z-AA80-01,TCGA-4Z-AA80,[],0,[],False,False,WT,WT_any,,,,,,6588.38,True,,374.0,73.0,Male,Stage II,High Grade,,TCGA-4Z-AA80-01Z-00-DX1.303549D2-42A5-46C4-AD9D-D72337B416E5.svs
TCGA-4Z-AA81-01A-01-TS1.162BEA3F-FAFF-40C0-AA1F-0B32AE9D88B1,data/TCGA-4Z-AA81-01A-01-TS1.162BEA3F-FAFF-40C0-AA1F-0B32AE9D88B1,TCGA-4Z-AA81-01,TCGA-4Z-AA81,"[{'uniqueSampleKey': 'VENHQS00Wi1BQTgxLTAxOmJsY2FfdGNnYV9wYW5fY2FuX2F0bGFzXzIwMTg', 'uniquePatientKey': 'VENHQS00Wi1BQTgxOmJsY2FfdGNnYV9wYW5fY2FuX2F0bGFzXzIwMTg', 'molecularProfileId': 'blca_tcga_pan_can_atlas_2018_mutations', 'sampleId': 'TCGA-4Z-AA81-01', 'patientId': 'TCGA-4Z-AA81', 'entrezGeneId': 2261, 'gene': {'entrezGeneId': 2261, 'hugoGeneSymbol': 'FGFR3', 'type': 'protein-coding'}, 'studyId': 'blca_tcga_pan_can_atlas_2018', 'center': '.', 'mutationStatus': '.', 'validationStatus': '.', 'tumorAltCount': 8, 'tumorRefCount': 28, 'normalRefCount': 49, 'chr': '4', 'startPosition': 1808044, 'endPosition': 1808044, 'referenceAllele': 'C', 'variantAllele': 'T', 'proteinChange': 'Q674*', 'mutationType': 'Nonsense_Mutation', 'ncbiBuild': 'GRCh37', 'variantType': 'SNP', 'refseqMrnaId': 'NA', 'proteinPosStart': 674, 'proteinPosEnd': 674, 'keyword': 'FGFR3 truncating'}]",1,[],False,True,WT,MUT_any,Q674*,Q674*,,,,13.7741,True,,195.0,,,,High Grade,,TCGA-4Z-AA81-01A-01-TS1.162BEA3F-FAFF-40C0-AA1F-0B32AE9D88B1.svs
TCGA-4Z-AA81-01Z-00-DX1.797432E9-56C6-4142-9AA4-233D7C565BF1,data/TCGA-4Z-AA81-01Z-00-DX1.797432E9-56C6-4142-9AA4-233D7C565BF1,TCGA-4Z-AA81-01,TCGA-4Z-AA81,"[{'uniqueSampleKey': 'VENHQS00Wi1BQTgxLTAxOmJsY2FfdGNnYV9wYW5fY2FuX2F0bGFzXzIwMTg', 'uniquePatientKey': 'VENHQS00Wi1BQTgxOmJsY2FfdGNnYV9wYW5fY2FuX2F0bGFzXzIwMTg', 'molecularProfileId': 'blca_tcga_pan_can_atlas_2018_mutations', 'sampleId': 'TCGA-4Z-AA81-01', 'patientId': 'TCGA-4Z-AA81', 'entrezGeneId': 2261, 'gene': {'entrezGeneId': 2261, 'hugoGeneSymbol': 'FGFR3', 'type': 'protein-coding'}, 'studyId': 'blca_tcga_pan_can_atlas_2018', 'center': '.', 'mutationStatus': '.', 'validationStatus': '.', 'tumorAltCount': 8, 'tumorRefCount': 28, 'normalRefCount': 49, 'chr': '4', 'startPosition': 1808044, 'endPosition': 1808044, 'referenceAllele': 'C', 'variantAllele': 'T', 'proteinChange': 'Q674*', 'mutationType': 'Nonsense_Mutation', 'ncbiBuild': 'GRCh37', 'variantType': 'SNP', 'refseqMrnaId': 'NA', 'proteinPosStart': 674, 'proteinPosEnd': 674, 'keyword': 'FGFR3 truncating'}]",1,[],False,True,WT,MUT_any,Q674*,Q674*,,,,13.7741,True,,195.0,,,,High Grade,,TCGA-4Z-AA81-01Z-00-DX1.797432E9-56C6-4142-9AA4-233D7C565BF1.svs
TCGA-4Z-AA82-01A-01-TS1.C29B520D-67D0-40D7-8222-6FD3F8531A40,data/TCGA-4Z-AA82-01A-01-TS1.C29B520D-67D0-40D7-8222-6FD3F8531A40,TCGA-4Z-AA82-01,TCGA-4Z-AA82,[],0,[],False,False,WT,WT_any,,,,,,2260.81,True,,95.0,59.0,Male,Stage IV,High Grade,,TCGA-4Z-AA82-01A-01-TS1.C29B520D-67D0-40D7-8222-6FD3F8531A40.svs
TCGA-4Z-AA82-01Z-00-DX1.D18C9339-88DE-48E7-9D75-1ACB95483F7D,data/TCGA-4Z-AA82-01Z-00-DX1.D18C9339-88DE-48E7-9D75-1ACB95483F7D,TCGA-4Z-AA82-01,TCGA-4Z-AA82,[],0,[],False,False,WT,WT_any,,,,,,2260.81,True,,95.0,59.0,Male,Stage IV,High Grade,,TCGA-4Z-AA82-01Z-00-DX1.D18C9339-88DE-48E7-9D75-1ACB95483F7D.svs
TCGA-4Z-AA83-01A-01-TS1.1C1FFC94-77E6-488C-893C-518282391D69,data/TCGA-4Z-AA83-01A-01-TS1.1C1FFC94-77E6-488C-893C-518282391D69,TCGA-4Z-AA83-01,TCGA-4Z-AA83,"[{'uniqueSampleKey': 'VENHQS00Wi1BQTgzLTAxOmJsY2FfdGNnYV9wYW5fY2FuX2F0bGFzXzIwMTg', 'uniquePatientKey': 'VENHQS00Wi1BQTgzOmJsY2FfdGNnYV9wYW5fY2FuX2F0bGFzXzIwMTg', 'molecularProfileId': 'blca_tcga_pan_can_atlas_2018_mutations', 'sampleId': 'TCGA-4Z-AA83-01', 'patientId': 'TCGA-4Z-AA83', 'entrezGeneId': 2261, 'gene': {'entrezGeneId': 2261, 'hugoGeneSymbol': 'FGFR3', 'type': 'protein-coding'}, 'studyId': 'blca_tcga_pan_can_atlas_2018', 'center': '.', 'mutationStatus': '.', 'validationStatus': '.', 'tumorAltCount': 17, 'tumorRefCount': 6, 'normalRefCount': 22, 'chr': '4', 'startPosition': 1803568, 'endPosition': 1803568, 'referenceAllele': 'C', 'variantAllele': 'G', 'proteinChange': 'S249C', 'mutationType': 'Missense_Mutation', 'ncbiBuild': 'GRCh37', 'variantType': 'SNP', 'refseqMrnaId': 'NA', 'proteinPosStart': 249, 'proteinPosEnd': 249, 'keyword': 'FGFR3 S249 missense'}]",1,"[{'uniqueSampleKey': 'VENHQS00Wi1BQTgzLTAxOmJsY2FfdGNnYV9wYW5fY2FuX2F0bGFzXzIwMTg', 'uniquePatientKey': 'VENHQS00Wi1BQTgzOmJsY2FfdGNnYV9wYW5fY2FuX2F0bGFzXzIwMTg', 'molecularProfileId': 'blca_tcga_pan_can_atlas_2018_mutations', 'sampleId': 'TCGA-4Z-AA83-01', 'patientId': 'TCGA-4Z-AA83', 'entrezGeneId': 2261, 'gene': {'entrezGeneId': 2261, 'hugoGeneSymbol': 'FGFR3', 'type': 'protein-coding'}, 'studyId': 'blca_tcga_pan_can_atlas_2018', 'center': '.', 'mutationStatus': '.', 'validationStatus': '.', 'tumorAltCount': 17, 'tumorRefCount': 6, 'normalRefCount': 22, 'chr': '4', 'startPosition': 1803568, 'endPosition': 1803568, 'referenceAllele': 'C', 'variantAllele': 'G', 'proteinChange': 'S249C', 'mutationType': 'Missense_Mutation', 'ncbiBuild': 'GRCh37', 'variantType': 'SNP', 'refseqMrnaId': 'NA', 'proteinPosStart': 249, 'proteinPosEnd': 249, 'keyword': 'FGFR3 S249 missense'}]",True,True,MUT,MUT_any,S249C,S249C,0.7391304347826086,17.0,6.0,16083.2,True,,74.0,52.0,Male,Stage II,High Grade,,TCGA-4Z-AA83-01A-01-TS1.1C1FFC94-77E6-488C-893C-518282391D69.svs
TCGA-4Z-AA83-01Z-00-DX1.432ADCAA-36B5-4F9F-B4AE-6D755805FEF5,data/TCGA-4Z-AA83-01Z-00-DX1.432ADCAA-36B5-4F9F-B4AE-6D755805FEF5,TCGA-4Z-AA83-01,TCGA-4Z-AA83,"[{'uniqueSampleKey': 'VENHQS00Wi1BQTgzLTAxOmJsY2FfdGNnYV9wYW5fY2FuX2F0bGFzXzIwMTg', 'uniquePatientKey': 'VENHQS00Wi1BQTgzOmJsY2FfdGNnYV9wYW5fY2FuX2F0bGFzXzIwMTg', 'molecularProfileId': 'blca_tcga_pan_can_atlas_2018_mutations', 'sampleId': 'TCGA-4Z-AA83-01', 'patientId': 'TCGA-4Z-AA83', 'entrezGeneId': 2261, 'gene': {'entrezGeneId': 2261, 'hugoGeneSymbol': 'FGFR3', 'type': 'protein-coding'}, 'studyId': 'blca_tcga_pan_can_atlas_2018', 'center': '.', 'mutationStatus': '.', 'validationStatus': '.', 'tumorAltCount': 17, 'tumorRefCount': 6, 'normalRefCount': 22, 'chr': '4', 'startPosition': 1803568, 'endPosition': 1803568, 'referenceAllele': 'C', 'variantAllele': 'G', 'proteinChange': 'S249C', 'mutationType': 'Missense_Mutation', 'ncbiBuild': 'GRCh37', 'variantType': 'SNP', 'refseqMrnaId': 'NA', 'proteinPosStart': 249, 'proteinPosEnd': 249, 'keyword': 'FGFR3 S249 missense'}]",1,"[{'uniqueSampleKey': 'VENHQS00Wi1BQTgzLTAxOmJsY2FfdGNnYV9wYW5fY2FuX2F0bGFzXzIwMTg', 'uniquePatientKey': 'VENHQS00Wi1BQTgzOmJsY2FfdGNnYV9wYW5fY2FuX2F0bGFzXzIwMTg', 'molecularProfileId': 'blca_tcga_pan_can_atlas_2018_mutations', 'sampleId': 'TCGA-4Z-AA83-01', 'patientId': 'TCGA-4Z-AA83', 'entrezGeneId': 2261, 'gene': {'entrezGeneId': 2261, 'hugoGeneSymbol': 'FGFR3', 'type': 'protein-coding'}, 'studyId': 'blca_tcga_pan_can_atlas_2018', 'center': '.', 'mutationStatus': '.', 'validationStatus': '.', 'tumorAltCount': 17, 'tumorRefCount': 6, 'normalRefCount': 22, 'chr': '4', 'startPosition': 1803568, 'endPosition': 1803568, 'referenceAllele': 'C', 'variantAllele': 'G', 'proteinChange': 'S249C', 'mutationType': 'Missense_Mutation', 'ncbiBuild': 'GRCh37', 'variantType': 'SNP', 'refseqMrnaId': 'NA', 'proteinPosStart': 249, 'proteinPosEnd': 249, 'keyword': 'FGFR3 S249 missense'}]",True,True,MUT,MUT_any,S249C,S249C,0.7391304347826086,17.0,6.0,16083.2,True,,74.0,,,,High Grade,,TCGA-4Z-AA83-01Z-00-DX1.432ADCAA-36B5-4F9F-B4AE-6D755805FEF5.svs
TCGA-4Z-AA84-01A-01-TS1.AD3FC2C8-D332-4800-9256-378CE446F297,data/TCGA-4Z-AA84-01A-01-TS1.AD3FC2C8-D332-4800-9256-378CE446F297,TCGA-4Z-AA84-01,TCGA-4Z-AA84,[],0,[],False,False,WT,WT_any,,,,,,21.3569,True,,423.0,61.0,Male,Stage IV,High Grade,,TCGA-4Z-AA84-01A-01-TS1.AD3FC2C8-D332-4800-9256-378CE446F297.svs
TCGA-4Z-AA84-01Z-00-DX1.604B60F3-1E19-4335-9F8D-0D6920B1ACF8,data/TCGA-4Z-AA84-01Z-00-DX1.604B60F3-1E19-4335-9F8D-0D6920B1ACF8,TCGA-4Z-AA84-01,TCGA-4Z-AA84,[],0,[],False,False,WT,WT_any,,,,,,21.3569,True,,423.0,,,,High Grade,,TCGA-4Z-AA84-01Z-00-DX1.604B60F3-1E19-4335-9F8D-0D6920B1ACF8.svs
TCGA-4Z-AA86-01A-01-TS1.864D4E6D-ED0F-426E-B3AC-613D813BD955,data/TCGA-4Z-AA86-01A-01-TS1.864D4E6D-ED0F-426E-B3AC-613D813BD955,TCGA-4Z-AA86-01,TCGA-4Z-AA86,[],0,[],False,False,WT,WT_any,,,,,,476.733,True,,196.0,66.0,Male,Stage IV,High Grade,,TCGA-4Z-AA86-01A-01-TS1.864D4E6D-ED0F-426E-B3AC-613D813BD955.svs
TCGA-4Z-AA86-01Z-00-DX1.C4DC6342-85A3-4F8A-BA6E-B63C554880B4,data/TCGA-4Z-AA86-01Z-00-DX1.C4DC6342-85A3-4F8A-BA6E-B63C554880B4,TCGA-4Z-AA86-01,TCGA-4Z-AA86,[],0,[],False,False,WT,WT_any,,,,,,476.733,True,,196.0,66.0,Male,Stage IV,High Grade,,TCGA-4Z-AA86-01Z-00-DX1.C4DC6342-85A3-4F8A-BA6E-B63C554880B4.svs
TCGA-4Z-AA87-01A-01-TS1.B03264BA-DCC0-4A23-AA3A-F9D40802AB7F,data/TCGA-4Z-AA87-01A-01-TS1.B03264BA-DCC0-4A23-AA3A-F9D40802AB7F,TCGA-4Z-AA87-01,TCGA-4Z-AA87,[],0,[],False,False,WT,WT_any,,,,,,2841.83,True,,231.0,,,,High Grade,,TCGA-4Z-AA87-01A-01-TS1.B03264BA-DCC0-4A23-AA3A-F9D40802AB7F.svs
TCGA-4Z-AA87-01Z-00-DX1.84170458-631E-49C5-9D7F-70126388ADE3,data/TCGA-4Z-AA87-01Z-00-DX1.84170458-631E-49C5-9D7F-70126388ADE3,TCGA-4Z-AA87-01,TCGA-4Z-AA87,[],0,[],False,False,WT,WT_any,,,,,,2841.83,True,,231.0,72.0,Male,Stage III,High Grade,,TCGA-4Z-AA87-01Z-00-DX1.84170458-631E-49C5-9D7F-70126388ADE3.svs
TCGA-4Z-AA89-01A-01-TS1.201C5F35-21B6-4C4A-AEC7-39EE32A42406,data/TCGA-4Z-AA89-01A-01-TS1.201C5F35-21B6-4C4A-AEC7-39EE32A42406,TCGA-4Z-AA89-01,TCGA-4Z-AA89,"[{'uniqueSampleKey': 'VENHQS00Wi1BQTg5LTAxOmJsY2FfdGNnYV9wYW5fY2FuX2F0bGFzXzIwMTg', 'uniquePatientKey': 'VENHQS00Wi1BQTg5OmJsY2FfdGNnYV9wYW5fY2FuX2F0bGFzXzIwMTg', 'molecularProfileId': 'blca_tcga_pan_can_atlas_2018_mutations', 'sampleId': 'TCGA-4Z-AA89-01', 'patientId': 'TCGA-4Z-AA89', 'entrezGeneId': 2261, 'gene': {'entrezGeneId': 2261, 'hugoGeneSymbol': 'FGFR3', 'type': 'protein-coding'}, 'studyId': 'blca_tcga_pan_can_atlas_2018', 'center': '.', 'mutationStatus': '.', 'validationStatus': '.', 'tumorAltCount': 11, 'tumorRefCount': 10, 'normalRefCount': 20, 'chr': '4', 'startPosition': 1803568, 'endPosition': 1803568, 'referenceAllele': 'C', 'variantAllele': 'G', 'proteinChange': 'S249C', 'mutationType': 'Missense_Mutation', 'ncbiBuild': 'GRCh37', 'variantType': 'SNP', 'refseqMrnaId': 'NA', 'proteinPosStart': 249, 'proteinPosEnd': 249, 'keyword': 'FGFR3 S249 missense'}]",1,"[{'uniqueSampleKey': 'VENHQS00Wi1BQTg5LTAxOmJsY2FfdGNnYV9wYW5fY2FuX2F0bGFzXzIwMTg', 'uniquePatientKey': 'VENHQS00Wi1BQTg5OmJsY2FfdGNnYV9wYW5fY2FuX2F0bGFzXzIwMTg', 'molecularProfileId': 'blca_tcga_pan_can_atlas_2018_mutations', 'sampleId': 'TCGA-4Z-AA89-01', 'patientId': 'TCGA-4Z-AA89', 'entrezGeneId': 2261, 'gene': {'entrezGeneId': 2261, 'hugoGeneSymbol': 'FGFR3', 'type': 'protein-coding'}, 'studyId': 'blca_tcga_pan_can_atlas_2018', 'center': '.', 'mutationStatus': '.', 'validationStatus': '.', 'tumorAltCount': 11, 'tumorRefCount': 10, 'normalRefCount': 20, 'chr': '4', 'startPosition': 1803568, 'endPosition': 1803568, 'referenceAllele': 'C', 'variantAllele': 'G', 'proteinChange': 'S249C', 'mutationType': 'Missense_Mutation', 'ncbiBuild': 'GRCh37', 'variantType': 'SNP', 'refseqMrnaId': 'NA', 'proteinPosStart': 249, 'proteinPosEnd': 249, 'keyword': 'FGFR3 S249 missense'}]",True,True,MUT,MUT_any,S249C,S249C,0.5238095238095238,11.0,10.0,16157.1,True,,123.0,60.0,Male,Stage IV,High Grade,,TCGA-4Z-AA89-01A-01-TS1.201C5F35-21B6-4C4A-AEC7-39EE32A42406.svs
TCGA-4Z-AA89-01Z-00-DX1.6DD89FC0-A062-41F1-AED3-FF8975FAADF3,data/TCGA-4Z-AA89-01Z-00-DX1.6DD89FC0-A062-41F1-AED3-FF8975FAADF3,TCGA-4Z-AA89-01,TCGA-4Z-AA89,"[{'uniqueSampleKey': 'VENHQS00Wi1BQTg5LTAxOmJsY2FfdGNnYV9wYW5fY2FuX2F0bGFzXzIwMTg', 'uniquePatientKey': 'VENHQS00Wi1BQTg5OmJsY2FfdGNnYV9wYW5fY2FuX2F0bGFzXzIwMTg', 'molecularProfileId': 'blca_tcga_pan_can_atlas_2018_mutations', 'sampleId': 'TCGA-4Z-AA89-01', 'patientId': 'TCGA-4Z-AA89', 'entrezGeneId': 2261, 'gene': {'entrezGeneId': 2261, 'hugoGeneSymbol': 'FGFR3', 'type': 'protein-coding'}, 'studyId': 'blca_tcga_pan_can_atlas_2018', 'center': '.', 'mutationStatus': '.', 'validationStatus': '.', 'tumorAltCount': 11, 'tumorRefCount': 10, 'normalRefCount': 20, 'chr': '4', 'startPosition': 1803568, 'endPosition': 1803568, 'referenceAllele': 'C', 'variantAllele': 'G', 'proteinChange': 'S249C', 'mutationType': 'Missense_Mutation', 'ncbiBuild': 'GRCh37', 'variantType': 'SNP', 'refseqMrnaId': 'NA', 'proteinPosStart': 249, 'proteinPosEnd': 249, 'keyword': 'FGFR3 S249 missense'}]",1,"[{'uniqueSampleKey': 'VENHQS00Wi1BQTg5LTAxOmJsY2FfdGNnYV9wYW5fY2FuX2F0bGFzXzIwMTg', 'uniquePatientKey': 'VENHQS00Wi1BQTg5OmJsY2FfdGNnYV9wYW5fY2FuX2F0bGFzXzIwMTg', 'molecularProfileId': 'blca_tcga_pan_can_atlas_2018_mutations', 'sampleId': 'TCGA-4Z-AA89-01', 'patientId': 'TCGA-4Z-AA89', 'entrezGeneId': 2261, 'gene': {'entrezGeneId': 2261, 'hugoGeneSymbol': 'FGFR3', 'type': 'protein-coding'}, 'studyId': 'blca_tcga_pan_can_atlas_2018', 'center': '.', 'mutationStatus': '.', 'validationStatus': '.', 'tumorAltCount': 11, 'tumorRefCount': 10, 'normalRefCount': 20, 'chr': '4', 'startPosition': 1803568, 'endPosition': 1803568, 'referenceAllele': 'C', 'variantAllele': 'G', 'proteinChange': 'S249C', 'mutationType': 'Missense_Mutation', 'ncbiBuild': 'GRCh37', 'variantType': 'SNP', 'refseqMrnaId': 'NA', 'proteinPosStart': 249, 'proteinPosEnd': 249, 'keyword': 'FGFR3 S249 missense'}]",True,True,MUT,MUT_any,S249C,S249C,0.5238095238095238,11.0,10.0,16157.1,True,,123.0,60.0,Male,Stage IV,High Grade,,TCGA-4Z-AA89-01Z-00-DX1.6DD89FC0-A062-41F1-AED3-FF8975FAADF3.svs
TCGA-5N-A9KI-01A-03-TS3.AB279EF9-6784-4167-B004-6CF911313591,data/TCGA-5N-A9KI-01A-03-TS3.AB279EF9-6784-4167-B004-6CF911313591,TCGA-5N-A9KI-01,TCGA-5N-A9KI,[],0,[],False,False,WT,WT_any,,,,,,241.477,True,,152.0,,,,High Grade,,TCGA-5N-A9KI-01A-03-TS3.AB279EF9-6784-4167-B004-6CF911313591.svs
TCGA-5N-A9KI-01Z-00-DX1.1BAE5EFF-859F-4D0A-8DDC-527E2901F7D4,data/TCGA-5N-A9KI-01Z-00-DX1.1BAE5EFF-859F-4D0A-8DDC-527E2901F7D4,TCGA-5N-A9KI-01,TCGA-5N-A9KI,[],0,[],False,False,WT,WT_any,,,,,,241.477,True,,152.0,,,,High Grade,,TCGA-5N-A9KI-01Z-00-DX1.1BAE5EFF-859F-4D0A-8DDC-527E2901F7D4.svs
TCGA-5N-A9KM-01A-01-TS1.6E36C19A-89BC-4484-8E26-31179B87DE5B,data/TCGA-5N-A9KM-01A-01-TS1.6E36C19A-89BC-4484-8E26-31179B87DE5B,TCGA-5N-A9KM-01,TCGA-5N-A9KM,[],0,[],False,False,WT,WT_any,,,,,,2131.55,True,,188.0,73.0,Female,Stage III,High Grade,,TCGA-5N-A9KM-01A-01-TS1.6E36C19A-89BC-4484-8E26-31179B87DE5B.svs
TCGA-5N-A9KM-01Z-00-DX1.5197F750-D17F-459B-B74D-846F5F50F7B7,data/TCGA-5N-A9KM-01Z-00-DX1.5197F750-D17F-459B-B74D-846F5F50F7B7,TCGA-5N-A9KM-01,TCGA-5N-A9KM,[],0,[],False,False,WT,WT_any,,,,,,2131.55,True,,188.0,73.0,Female,Stage III,High Grade,,TCGA-5N-A9KM-01Z-00-DX1.5197F750-D17F-459B-B74D-846F5F50F7B7.svs
TCGA-BL-A0C8-01A-01-BS1.81bdf088-09b9-4982-bd6d-51faedff76d2,data/TCGA-BL-A0C8-01A-01-BS1.81bdf088-09b9-4982-bd6d-51faedff76d2,TCGA-BL-A0C8-01,TCGA-BL-A0C8,[],0,[],False,False,WT,WT_any,,,,,,649.942,True,,111.0,73.0,Male,Stage I,High Grade,,TCGA-BL-A0C8-01A-01-BS1.81bdf088-09b9-4982-bd6d-51faedff76d2.svs
TCGA-BL-A0C8-01A-01-TS1.f49fc0a4-705a-4421-83b8-8453591b173f,data/TCGA-BL-A0C8-01A-01-TS1.f49fc0a4-705a-4421-83b8-8453591b173f,TCGA-BL-A0C8-01,TCGA-BL-A0C8,[],0,[],False,False,WT,WT_any,,,,,,649.942,True,,111.0,73.0,Male,Stage I,High Grade,,TCGA-BL-A0C8-01A-01-TS1.f49fc0a4-705a-4421-83b8-8453591b173f.svs
TCGA-BL-A0C8-01B-03-BS3.27A09548-1D6C-4B2D-BF7D-CE688BA085AE,data/TCGA-BL-A0C8-01B-03-BS3.27A09548-1D6C-4B2D-BF7D-CE688BA085AE,TCGA-BL-A0C8-01,TCGA-BL-A0C8,[],0,[],False,False,WT,WT_any,,,,,,649.942,True,,111.0,73.0,Male,Stage I,High Grade,,TCGA-BL-A0C8-01B-03-BS3.27A09548-1D6C-4B2D-BF7D-CE688BA085AE.svs
TCGA-BL-A0C8-01B-04-BS4.8AB97D27-3FB1-41C1-AAD9-AB244ADB4BCE,data/TCGA-BL-A0C8-01B-04-BS4.8AB97D27-3FB1-41C1-AAD9-AB244ADB4BCE,TCGA-BL-A0C8-01,TCGA-BL-A0C8,[],0,[],False,False,WT,WT_any,,,,,,649.942,True,,111.0,73.0,Male,Stage I,High Grade,,TCGA-BL-A0C8-01B-04-BS4.8AB97D27-3FB1-41C1-AAD9-AB244ADB4BCE.svs
TCGA-BL-A0C8-01Z-00-DX1.E7FC7156-EF0C-4C79-93D1-1345ADB36A45,data/TCGA-BL-A0C8-01Z-00-DX1.E7FC7156-EF0C-4C79-93D1-1345ADB36A45,TCGA-BL-A0C8-01,TCGA-BL-A0C8,[],0,[],False,False,WT,WT_any,,,,,,649.942,True,,111.0,73.0,Male,Stage I,High Grade,,TCGA-BL-A0C8-01Z-00-DX1.E7FC7156-EF0C-4C79-93D1-1345ADB36A45.svs
TCGA-BL-A0C8-01Z-00-DX2.1D788C7B-801F-4957-B1DE-43DCAA82A16A,data/TCGA-BL-A0C8-01Z-00-DX2.1D788C7B-801F-4957-B1DE-43DCAA82A16A,TCGA-BL-A0C8-01,TCGA-BL-A0C8,[],0,[],False,False,WT,WT_any,,,,,,649.942,True,,111.0,,,,High Grade,,TCGA-BL-A0C8-01Z-00-DX2.1D788C7B-801F-4957-B1DE-43DCAA82A16A.svs
TCGA-BL-A13J-01A-01-BS1.a2132bbb-39e8-4606-aad8-f0cbf010a138,data/TCGA-BL-A13J-01A-01-BS1.a2132bbb-39e8-4606-aad8-f0cbf010a138,TCGA-BL-A13J-01,TCGA-BL-A13J,[],0,[],False,False,WT,WT_any,,,,,,3205.97,True,,97.0,65.0,Male,Stage IV,High Grade,,TCGA-BL-A13J-01A-01-BS1.a2132bbb-39e8-4606-aad8-f0cbf010a138.svs
TCGA-BL-A13J-01A-01-TS1.e1ec785a-e7c8-4c27-a6a6-e4e8aaa88507,data/TCGA-BL-A13J-01A-01-TS1.e1ec785a-e7c8-4c27-a6a6-e4e8aaa88507,TCGA-BL-A13J-01,TCGA-BL-A13J,[],0,[],False,False,WT,WT_any,,,,,,3205.97,True,,97.0,65.0,Male,Stage IV,High Grade,,TCGA-BL-A13J-01A-01-TS1.e1ec785a-e7c8-4c27-a6a6-e4e8aaa88507.svs
TCGA-BL-A13J-01B-03-BS3.E5DF36D1-F2DE-426C-886D-5AD847929EB3,data/TCGA-BL-A13J-01B-03-BS3.E5DF36D1-F2DE-426C-886D-5AD847929EB3,TCGA-BL-A13J-01,TCGA-BL-A13J,[],0,[],False,False,WT,WT_any,,,,,,3205.97,True,,97.0,,,,High Grade,,TCGA-BL-A13J-01B-03-BS3.E5DF36D1-F2DE-426C-886D-5AD847929EB3.svs
TCGA-BL-A13J-01B-04-BS4.1061BA91-692B-4183-B473-99236FA21899,data/TCGA-BL-A13J-01B-04-BS4.1061BA91-692B-4183-B473-99236FA21899,TCGA-BL-A13J-01,TCGA-BL-A13J,[],0,[],False,False,WT,WT_any,,,,,,3205.97,True,,97.0,65.0,Male,Stage IV,High Grade,,TCGA-BL-A13J-01B-04-BS4.1061BA91-692B-4183-B473-99236FA21899.svs
TCGA-BL-A13J-01Z-00-DX1.F2AFDD81-C88A-45EA-AC10-D9B38E878019,data/TCGA-BL-A13J-01Z-00-DX1.F2AFDD81-C88A-45EA-AC10-D9B38E878019,TCGA-BL-A13J-01,TCGA-BL-A13J,[],0,[],False,False,WT,WT_any,,,,,,3205.97,True,,97.0,65.0,Male,Stage IV,High Grade,,TCGA-BL-A13J-01Z-00-DX1.F2AFDD81-C88A-45EA-AC10-D9B38E878019.svs
TCGA-BL-A13J-01Z-00-DX2.289B5C8E-56AF-440D-A844-36BD98B573AF,data/TCGA-BL-A13J-01Z-00-DX2.289B5C8E-56AF-440D-A844-36BD98B573AF,TCGA-BL-A13J-01,TCGA-BL-A13J,[],0,[],False,False,WT,WT_any,,,,,,3205.97,True,,97.0,65.0,Male,Stage IV,High Grade,,TCGA-BL-A13J-01Z-00-DX2.289B5C8E-56AF-440D-A844-36BD98B573AF.svs
TCGA-BL-A13J-11A-01-TS1.02e153ec-4497-4d52-a6b1-6b80e50a426d,data/TCGA-BL-A13J-11A-01-TS1.02e153ec-4497-4d52-a6b1-6b80e50a426d,TCGA-BL-A13J-11,TCGA-BL-A13J,[],0,[],False,False,WT,WT_any,,,,,,,False,,0.0,65.0,Male,Stage IV,,,TCGA-BL-A13J-11A-01-TS1.02e153ec-4497-4d52-a6b1-6b80e50a426d.svs
TCGA-BL-A3JM-01A-01-TSA.678D0707-AA11-496B-AB25-9D92DE589064,data/TCGA-BL-A3JM-01A-01-TSA.678D0707-AA11-496B-AB25-9D92DE589064,TCGA-BL-A3JM-01,TCGA-BL-A3JM,[],0,[],False,False,WT,WT_any,,,,,,96.3658,True,,181.0,62.0,Male,Stage III,High Grade,,TCGA-BL-A3JM-01A-01-TSA.678D0707-AA11-496B-AB25-9D92DE589064.svs
TCGA-BL-A3JM-01Z-00-DX1.33E53972-CEA4-4D84-A5D2-7DAD7B0C27F8,data/TCGA-BL-A3JM-01Z-00-DX1.33E53972-CEA4-4D84-A5D2-7DAD7B0C27F8,TCGA-BL-A3JM-01,TCGA-BL-A3JM,[],0,[],False,False,WT,WT_any,,,,,,96.3658,True,,181.0,62.0,Male,Stage III,High Grade,,TCGA-BL-A3JM-01Z-00-DX1.33E53972-CEA4-4D84-A5D2-7DAD7B0C27F8.svs
TCGA-BL-A3JM-11A-03-TS3.5A4413E1-A887-43D1-9ECC-3D863089FF4D,data/TCGA-BL-A3JM-11A-03-TS3.5A4413E1-A887-43D1-9ECC-3D863089FF4D,TCGA-BL-A3JM-11,TCGA-BL-A3JM,[],0,[],False,False,WT,WT_any,,,,,,,False,,0.0,62.0,Male,Stage III,,,TCGA-BL-A3JM-11A-03-TS3.5A4413E1-A887-43D1-9ECC-3D863089FF4D.svs
TCGA-BT-A0S7-01A-01-BSA.2598f6b9-c077-43da-b6e0-b3662b134365,data/TCGA-BT-A0S7-01A-01-BSA.2598f6b9-c077-43da-b6e0-b3662b134365,TCGA-BT-A0S7-01,TCGA-BT-A0S7,"[{'uniqueSampleKey': 'VENHQS1CVC1BMFM3LTAxOmJsY2FfdGNnYV9wYW5fY2FuX2F0bGFzXzIwMTg', 'uniquePatientKey': 'VENHQS1CVC1BMFM3OmJsY2FfdGNnYV9wYW5fY2FuX2F0bGFzXzIwMTg', 'molecularProfileId': 'blca_tcga_pan_can_atlas_2018_mutations', 'sampleId': 'TCGA-BT-A0S7-01', 'patientId': 'TCGA-BT-A0S7', 'entrezGeneId': 2261, 'gene': {'entrezGeneId': 2261, 'hugoGeneSymbol': 'FGFR3', 'type': 'protein-coding'}, 'studyId': 'blca_tcga_pan_can_atlas_2018', 'center': '.', 'mutationStatus': '.', 'validationStatus': '.', 'tumorAltCount': 10, 'tumorRefCount': 16, 'normalRefCount': 29, 'chr': '4', 'startPosition': 1803564, 'endPosition': 1803564, 'referenceAllele': 'C', 'variantAllele': 'T', 'proteinChange': 'R248C', 'mutationType': 'Missense_Mutation', 'ncbiBuild': 'GRCh37', 'variantType': 'SNP', 'refseqMrnaId': 'NA', 'proteinPosStart': 248, 'proteinPosEnd': 248, 'keyword': 'FGFR3 R248 missense'}]",1,"[{'uniqueSampleKey': 'VENHQS1CVC1BMFM3LTAxOmJsY2FfdGNnYV9wYW5fY2FuX2F0bGFzXzIwMTg', 'uniquePatientKey': 'VENHQS1CVC1BMFM3OmJsY2FfdGNnYV9wYW5fY2FuX2F0bGFzXzIwMTg', 'molecularProfileId': 'blca_tcga_pan_can_atlas_2018_mutations', 'sampleId': 'TCGA-BT-A0S7-01', 'patientId': 'TCGA-BT-A0S7', 'entrezGeneId': 2261, 'gene': {'entrezGeneId': 2261, 'hugoGeneSymbol': 'FGFR3', 'type': 'protein-coding'}, 'studyId': 'blca_tcga_pan_can_atlas_2018', 'center': '.', 'mutationStatus': '.', 'validationStatus': '.', 'tumorAltCount': 10, 'tumorRefCount': 16, 'normalRefCount': 29, 'chr': '4', 'startPosition': 1803564, 'endPosition': 1803564, 'referenceAllele': 'C', 'variantAllele': 'T', 'proteinChange': 'R248C', 'mutationType': 'Missense_Mutation', 'ncbiBuild': 'GRCh37', 'variantType': 'SNP', 'refseqMrnaId': 'NA', 'proteinPosStart': 248, 'proteinPosEnd': 248, 'keyword': 'FGFR3 R248 missense'}]",True,True,MUT,MUT_any,R248C,R248C,0.38461538461538464,10.0,16.0,9588.41,True,,37.0,,,,High Grade,,TCGA-BT-A0S7-01A-01-BSA.2598f6b9-c077-43da-b6e0-b3662b134365.svs
TCGA-BT-A0S7-01A-01-TSA.a48d10f1-b338-4985-bb2e-068d4b5b9214,data/TCGA-BT-A0S7-01A-01-TSA.a48d10f1-b338-4985-bb2e-068d4b5b9214,TCGA-BT-A0S7-01,TCGA-BT-A0S7,"[{'uniqueSampleKey': 'VENHQS1CVC1BMFM3LTAxOmJsY2FfdGNnYV9wYW5fY2FuX2F0bGFzXzIwMTg', 'uniquePatientKey': 'VENHQS1CVC1BMFM3OmJsY2FfdGNnYV9wYW5fY2FuX2F0bGFzXzIwMTg', 'molecularProfileId': 'blca_tcga_pan_can_atlas_2018_mutations', 'sampleId': 'TCGA-BT-A0S7-01', 'patientId': 'TCGA-BT-A0S7', 'entrezGeneId': 2261, 'gene': {'entrezGeneId': 2261, 'hugoGeneSymbol': 'FGFR3', 'type': 'protein-coding'}, 'studyId': 'blca_tcga_pan_can_atlas_2018', 'center': '.', 'mutationStatus': '.', 'validationStatus': '.', 'tumorAltCount': 10, 'tumorRefCount': 16, 'normalRefCount': 29, 'chr': '4', 'startPosition': 1803564, 'endPosition': 1803564, 'referenceAllele': 'C', 'variantAllele': 'T', 'proteinChange': 'R248C', 'mutationType': 'Missense_Mutation', 'ncbiBuild': 'GRCh37', 'variantType': 'SNP', 'refseqMrnaId': 'NA', 'proteinPosStart': 248, 'proteinPosEnd': 248, 'keyword': 'FGFR3 R248 missense'}]",1,"[{'uniqueSampleKey': 'VENHQS1CVC1BMFM3LTAxOmJsY2FfdGNnYV9wYW5fY2FuX2F0bGFzXzIwMTg', 'uniquePatientKey': 'VENHQS1CVC1BMFM3OmJsY2FfdGNnYV9wYW5fY2FuX2F0bGFzXzIwMTg', 'molecularProfileId': 'blca_tcga_pan_can_atlas_2018_mutations', 'sampleId': 'TCGA-BT-A0S7-01', 'patientId': 'TCGA-BT-A0S7', 'entrezGeneId': 2261, 'gene': {'entrezGeneId': 2261, 'hugoGeneSymbol': 'FGFR3', 'type': 'protein-coding'}, 'studyId': 'blca_tcga_pan_can_atlas_2018', 'center': '.', 'mutationStatus': '.', 'validationStatus': '.', 'tumorAltCount': 10, 'tumorRefCount': 16, 'normalRefCount': 29, 'chr': '4', 'startPosition': 1803564, 'endPosition': 1803564, 'referenceAllele': 'C', 'variantAllele': 'T', 'proteinChange': 'R248C', 'mutationType': 'Missense_Mutation', 'ncbiBuild': 'GRCh37', 'variantType': 'SNP', 'refseqMrnaId': 'NA', 'proteinPosStart': 248, 'proteinPosEnd': 248, 'keyword': 'FGFR3 R248 missense'}]",True,True,MUT,MUT_any,R248C,R248C,0.38461538461538464,10.0,16.0,9588.41,True,,37.0,,,,High Grade,,TCGA-BT-A0S7-01A-01-TSA.a48d10f1-b338-4985-bb2e-068d4b5b9214.svs
TCGA-BT-A0S7-01Z-00-DX1.32588823-EE4E-4F55-B586-29E8E9D98EDE,data/TCGA-BT-A0S7-01Z-00-DX1.32588823-EE4E-4F55-B586-29E8E9D98EDE,TCGA-BT-A0S7-01,TCGA-BT-A0S7,"[{'uniqueSampleKey': 'VENHQS1CVC1BMFM3LTAxOmJsY2FfdGNnYV9wYW5fY2FuX2F0bGFzXzIwMTg', 'uniquePatientKey': 'VENHQS1CVC1BMFM3OmJsY2FfdGNnYV9wYW5fY2FuX2F0bGFzXzIwMTg', 'molecularProfileId': 'blca_tcga_pan_can_atlas_2018_mutations', 'sampleId': 'TCGA-BT-A0S7-01', 'patientId': 'TCGA-BT-A0S7', 'entrezGeneId': 2261, 'gene': {'entrezGeneId': 2261, 'hugoGeneSymbol': 'FGFR3', 'type': 'protein-coding'}, 'studyId': 'blca_tcga_pan_can_atlas_2018', 'center': '.', 'mutationStatus': '.', 'validationStatus': '.', 'tumorAltCount': 10, 'tumorRefCount': 16, 'normalRefCount': 29, 'chr': '4', 'startPosition': 1803564, 'endPosition': 1803564, 'referenceAllele': 'C', 'variantAllele': 'T', 'proteinChange': 'R248C', 'mutationType': 'Missense_Mutation', 'ncbiBuild': 'GRCh37', 'variantType': 'SNP', 'refseqMrnaId': 'NA', 'proteinPosStart': 248, 'proteinPosEnd': 248, 'keyword': 'FGFR3 R248 missense'}]",1,"[{'uniqueSampleKey': 'VENHQS1CVC1BMFM3LTAxOmJsY2FfdGNnYV9wYW5fY2FuX2F0bGFzXzIwMTg', 'uniquePatientKey': 'VENHQS1CVC1BMFM3OmJsY2FfdGNnYV9wYW5fY2FuX2F0bGFzXzIwMTg', 'molecularProfileId': 'blca_tcga_pan_can_atlas_2018_mutations', 'sampleId': 'TCGA-BT-A0S7-01', 'patientId': 'TCGA-BT-A0S7', 'entrezGeneId': 2261, 'gene': {'entrezGeneId': 2261, 'hugoGeneSymbol': 'FGFR3', 'type': 'protein-coding'}, 'studyId': 'blca_tcga_pan_can_atlas_2018', 'center': '.', 'mutationStatus': '.', 'validationStatus': '.', 'tumorAltCount': 10, 'tumorRefCount': 16, 'normalRefCount': 29, 'chr': '4', 'startPosition': 1803564, 'endPosition': 1803564, 'referenceAllele': 'C', 'variantAllele': 'T', 'proteinChange': 'R248C', 'mutationType': 'Missense_Mutation', 'ncbiBuild': 'GRCh37', 'variantType': 'SNP', 'refseqMrnaId': 'NA', 'proteinPosStart': 248, 'proteinPosEnd': 248, 'keyword': 'FGFR3 R248 missense'}]",True,True,MUT,MUT_any,R248C,R248C,0.38461538461538464,10.0,16.0,9588.41,True,,37.0,,,,High Grade,,TCGA-BT-A0S7-01Z-00-DX1.32588823-EE4E-4F55-B586-29E8E9D98EDE.svs
TCGA-BT-A0YX-01A-01-BSA.7c9e8fd9-9be9-44aa-a1c2-2ffa34edabd0,data/TCGA-BT-A0YX-01A-01-BSA.7c9e8fd9-9be9-44aa-a1c2-2ffa34edabd0,TCGA-BT-A0YX-01,TCGA-BT-A0YX,[],0,[],False,False,WT,WT_any,,,,,,9395.89,True,,589.0,70.0,Female,Stage III,High Grade,,TCGA-BT-A0YX-01A-01-BSA.7c9e8fd9-9be9-44aa-a1c2-2ffa34edabd0.svs
TCGA-BT-A0YX-01A-01-TSA.d7779cf8-1752-4623-950d-58521ec87b7a,data/TCGA-BT-A0YX-01A-01-TSA.d7779cf8-1752-4623-950d-58521ec87b7a,TCGA-BT-A0YX-01,TCGA-BT-A0YX,[],0,[],False,False,WT,WT_any,,,,,,9395.89,True,,589.0,,,,High Grade,,TCGA-BT-A0YX-01A-01-TSA.d7779cf8-1752-4623-950d-58521ec87b7a.svs
TCGA-BT-A0YX-01Z-00-DX1.B28C49EA-BF1C-44D8-B9A0-DC0A6172702E,data/TCGA-BT-A0YX-01Z-00-DX1.B28C49EA-BF1C-44D8-B9A0-DC0A6172702E,TCGA-BT-A0YX-01,TCGA-BT-A0YX,[],0,[],False,False,WT,WT_any,,,,,,9395.89,True,,589.0,70.0,Female,Stage III,High Grade,,TCGA-BT-A0YX-01Z-00-DX1.B28C49EA-BF1C-44D8-B9A0-DC0A6172702E.svs
TCGA-BT-A20J-01A-01-TSA.93c0ef1a-f83b-4dae-968b-6fc4e1084dd7,data/TCGA-BT-A20J-01A-01-TSA.93c0ef1a-f83b-4dae-968b-6fc4e1084dd7,TCGA-BT-A20J-01,TCGA-BT-A20J,[],0,[],False,False,WT,WT_any,,,,,,13.431,True,,420.0,75.0,Male,Stage II,High Grade,,TCGA-BT-A20J-01A-01-TSA.93c0ef1a-f83b-4dae-968b-6fc4e1084dd7.svs
TCGA-BT-A20J-01Z-00-DX1.EB1BC7DB-9BF1-467D-B897-9BA2130320CB,data/TCGA-BT-A20J-01Z-00-DX1.EB1BC7DB-9BF1-467D-B897-9BA2130320CB,TCGA-BT-A20J-01,TCGA-BT-A20J,[],0,[],False,False,WT,WT_any,,,,,,13.431,True,,420.0,75.0,Male,Stage II,High Grade,,TCGA-BT-A20J-01Z-00-DX1.EB1BC7DB-9BF1-467D-B897-9BA2130320CB.svs
TCGA-BT-A20J-11A-01-TSA.3090f58a-b56d-4a36-8afd-9cf51f699717,data/TCGA-BT-A20J-11A-01-TSA.3090f58a-b56d-4a36-8afd-9cf51f699717,TCGA-BT-A20J-11,TCGA-BT-A20J,[],0,[],False,False,WT,WT_any,,,,,,,False,,0.0,75.0,Male,Stage II,,,TCGA-BT-A20J-11A-01-TSA.3090f58a-b56d-4a36-8afd-9cf51f699717.svs
TCGA-BT-A20Q-01A-01-TSA.a8c23e1d-ff24-4e7d-b680-a55d38c62ec0,data/TCGA-BT-A20Q-01A-01-TSA.a8c23e1d-ff24-4e7d-b680-a55d38c62ec0,TCGA-BT-A20Q-01,TCGA-BT-A20Q,[],0,[],False,False,WT,WT_any,,,,,,1654.75,True,,90.0,73.0,Male,Stage IV,High Grade,,TCGA-BT-A20Q-01A-01-TSA.a8c23e1d-ff24-4e7d-b680-a55d38c62ec0.svs
TCGA-BT-A20Q-01Z-00-DX1.BFF3D35C-CB0C-49C3-8D35-D5C84E133B49,data/TCGA-BT-A20Q-01Z-00-DX1.BFF3D35C-CB0C-49C3-8D35-D5C84E133B49,TCGA-BT-A20Q-01,TCGA-BT-A20Q,[],0,[],False,False,WT,WT_any,,,,,,1654.75,True,,90.0,73.0,Male,Stage IV,High Grade,,TCGA-BT-A20Q-01Z-00-DX1.BFF3D35C-CB0C-49C3-8D35-D5C84E133B49.svs
TCGA-BT-A20Q-11A-01-TSA.76bfc6fb-cfa0-4292-bf66-2e6a5ab71f23,data/TCGA-BT-A20Q-11A-01-TSA.76bfc6fb-cfa0-4292-bf66-2e6a5ab71f23,TCGA-BT-A20Q-11,TCGA-BT-A20Q,[],0,[],False,False,WT,WT_any,,,,,,,False,,0.0,,,,,,TCGA-BT-A20Q-11A-01-TSA.76bfc6fb-cfa0-4292-bf66-2e6a5ab71f23.svs
TCGA-BT-A20T-01A-01-TSA.aa2eb218-f0b5-49fc-b812-83c09ce3a2fc,data/TCGA-BT-A20T-01A-01-TSA.aa2eb218-f0b5-49fc-b812-83c09ce3a2fc,TCGA-BT-A20T-01,TCGA-BT-A20T,"[{'uniqueSampleKey': 'VENHQS1CVC1BMjBULTAxOmJsY2FfdGNnYV9wYW5fY2FuX2F0bGFzXzIwMTg', 'uniquePatientKey': 'VENHQS1CVC1BMjBUOmJsY2FfdGNnYV9wYW5fY2FuX2F0bGFzXzIwMTg', 'molecularProfileId': 'blca_tcga_pan_can_atlas_2018_mutations', 'sampleId': 'TCGA-BT-A20T-01', 'patientId': 'TCGA-BT-A20T', 'entrezGeneId': 2261, 'gene': {'entrezGeneId': 2261, 'hugoGeneSymbol': 'FGFR3', 'type': 'protein-coding'}, 'studyId': 'blca_tcga_pan_can_atlas_2018', 'center': '.', 'mutationStatus': '.', 'validationStatus': '.', 'tumorAltCount': 165, 'tumorRefCount': 232, 'normalRefCount': 236, 'chr': '4', 'startPosition': 1806119, 'endPosition': 1806119, 'referenceAllele': 'G', 'variantAllele': 'A', 'proteinChange': 'G380R', 'mutationType': 'Missense_Mutation', 'ncbiBuild': 'GRCh37', 'variantType': 'SNP', 'refseqMrnaId': 'NA', 'proteinPosStart': 380, 'proteinPosEnd': 380, 'keyword': 'FGFR3 G380 missense'}]",1,"[{'uniqueSampleKey': 'VENHQS1CVC1BMjBULTAxOmJsY2FfdGNnYV9wYW5fY2FuX2F0bGFzXzIwMTg', 'uniquePatientKey': 'VENHQS1CVC1BMjBUOmJsY2FfdGNnYV9wYW5fY2FuX2F0bGFzXzIwMTg', 'molecularProfileId': 'blca_tcga_pan_can_atlas_2018_mutations', 'sampleId': 'TCGA-BT-A20T-01', 'patientId': 'TCGA-BT-A20T', 'entrezGeneId': 2261, 'gene': {'entrezGeneId': 2261, 'hugoGeneSymbol': 'FGFR3', 'type': 'protein-coding'}, 'studyId': 'blca_tcga_pan_can_atlas_2018', 'center': '.', 'mutationStatus': '.', 'validationStatus': '.', 'tumorAltCount': 165, 'tumorRefCount': 232, 'normalRefCount': 236, 'chr': '4', 'startPosition': 1806119, 'endPosition': 1806119, 'referenceAllele': 'G', 'variantAllele': 'A', 'proteinChange': 'G380R', 'mutationType': 'Missense_Mutation', 'ncbiBuild': 'GRCh37', 'variantType': 'SNP', 'refseqMrnaId': 'NA', 'proteinPosStart': 380, 'proteinPosEnd': 380, 'keyword': 'FGFR3 G380 missense'}]",True,True,MUT,MUT_any,G380R/G382R,G380R,0.4156171284634761,165.0,232.0,21597.6,True,,240.0,,,,High Grade,,TCGA-BT-A20T-01A-01-TSA.aa2eb218-f0b5-49fc-b812-83c09ce3a2fc.svs
TCGA-BT-A20T-01Z-00-DX1.96460E53-65E0-425F-B079-939D7AA537BE,data/TCGA-BT-A20T-01Z-00-DX1.96460E53-65E0-425F-B079-939D7AA537BE,TCGA-BT-A20T-01,TCGA-BT-A20T,"[{'uniqueSampleKey': 'VENHQS1CVC1BMjBULTAxOmJsY2FfdGNnYV9wYW5fY2FuX2F0bGFzXzIwMTg', 'uniquePatientKey': 'VENHQS1CVC1BMjBUOmJsY2FfdGNnYV9wYW5fY2FuX2F0bGFzXzIwMTg', 'molecularProfileId': 'blca_tcga_pan_can_atlas_2018_mutations', 'sampleId': 'TCGA-BT-A20T-01', 'patientId': 'TCGA-BT-A20T', 'entrezGeneId': 2261, 'gene': {'entrezGeneId': 2261, 'hugoGeneSymbol': 'FGFR3', 'type': 'protein-coding'}, 'studyId': 'blca_tcga_pan_can_atlas_2018', 'center': '.', 'mutationStatus': '.', 'validationStatus': '.', 'tumorAltCount': 165, 'tumorRefCount': 232, 'normalRefCount': 236, 'chr': '4', 'startPosition': 1806119, 'endPosition': 1806119, 'referenceAllele': 'G', 'variantAllele': 'A', 'proteinChange': 'G380R', 'mutationType': 'Missense_Mutation', 'ncbiBuild': 'GRCh37', 'variantType': 'SNP', 'refseqMrnaId': 'NA', 'proteinPosStart': 380, 'proteinPosEnd': 380, 'keyword': 'FGFR3 G380 missense'}]",1,"[{'uniqueSampleKey': 'VENHQS1CVC1BMjBULTAxOmJsY2FfdGNnYV9wYW5fY2FuX2F0bGFzXzIwMTg', 'uniquePatientKey': 'VENHQS1CVC1BMjBUOmJsY2FfdGNnYV9wYW5fY2FuX2F0bGFzXzIwMTg', 'molecularProfileId': 'blca_tcga_pan_can_atlas_2018_mutations', 'sampleId': 'TCGA-BT-A20T-01', 'patientId': 'TCGA-BT-A20T', 'entrezGeneId': 2261, 'gene': {'entrezGeneId': 2261, 'hugoGeneSymbol': 'FGFR3', 'type': 'protein-coding'}, 'studyId': 'blca_tcga_pan_can_atlas_2018', 'center': '.', 'mutationStatus': '.', 'validationStatus': '.', 'tumorAltCount': 165, 'tumorRefCount': 232, 'normalRefCount': 236, 'chr': '4', 'startPosition': 1806119, 'endPosition': 1806119, 'referenceAllele': 'G', 'variantAllele': 'A', 'proteinChange': 'G380R', 'mutationType': 'Missense_Mutation', 'ncbiBuild': 'GRCh37', 'variantType': 'SNP', 'refseqMrnaId': 'NA', 'proteinPosStart': 380, 'proteinPosEnd': 380, 'keyword': 'FGFR3 G380 missense'}]",True,True,MUT,MUT_any,G380R/G382R,G380R,0.4156171284634761,165.0,232.0,21597.6,True,,240.0,,,,High Grade,,TCGA-BT-A20T-01Z-00-DX1.96460E53-65E0-425F-B079-939D7AA537BE.svs
TCGA-BT-A20T-11A-01-TSA.8253289f-ce66-4f49-84c4-8e0905436b15,data/TCGA-BT-A20T-11A-01-TSA.8253289f-ce66-4f49-84c4-8e0905436b15,TCGA-BT-A20T-11,TCGA-BT-A20T,[],0,[],False,False,WT,WT_any,,,,,,,False,,0.0,,,,,,TCGA-BT-A20T-11A-01-TSA.8253289f-ce66-4f49-84c4-8e0905436b15.svs
TCGA-BT-A20V-01A-01-TSA.69b8b994-469c-483e-8027-108444183c32,data/TCGA-BT-A20V-01A-01-TSA.69b8b994-469c-483e-8027-108444183c32,TCGA-BT-A20V-01,TCGA-BT-A20V,[],0,[],False,False,WT,WT_any,,,,,,739.345,True,,99.0,,,,High Grade,,TCGA-BT-A20V-01A-01-TSA.69b8b994-469c-483e-8027-108444183c32.svs
TCGA-BT-A20V-11A-01-TSA.21e455f9-8b38-4b81-a155-3be0908acea6,data/TCGA-BT-A20V-11A-01-TSA.21e455f9-8b38-4b81-a155-3be0908acea6,TCGA-BT-A20V-11,TCGA-BT-A20V,[],0,[],False,False,WT,WT_any,,,,,,,False,,0.0,,,,,,TCGA-BT-A20V-11A-01-TSA.21e455f9-8b38-4b81-a155-3be0908acea6.svs
TCGA-BT-A20W-01A-02-TSB.d59b951c-6760-4732-a16e-c5def1d94970,data/TCGA-BT-A20W-01A-02-TSB.d59b951c-6760-4732-a16e-c5def1d94970,TCGA-BT-A20W-01,TCGA-BT-A20W,[],0,[],False,False,WT,WT_any,,,,,,1932.86,True,,84.0,,,,High Grade,,TCGA-BT-A20W-01A-02-TSB.d59b951c-6760-4732-a16e-c5def1d94970.svs
TCGA-BT-A20W-01Z-00-DX1.26F73765-704B-4D81-923D-F20860A3EFFC,data/TCGA-BT-A20W-01Z-00-DX1.26F73765-704B-4D81-923D-F20860A3EFFC,TCGA-BT-A20W-01,TCGA-BT-A20W,[],0,[],False,False,WT,WT_any,,,,,,1932.86,True,,84.0,71.0,Male,Stage II,High Grade,,TCGA-BT-A20W-01Z-00-DX1.26F73765-704B-4D81-923D-F20860A3EFFC.svs
TCGA-BT-A20W-11A-01-TSA.3a5d5d16-a8e5-4be8-ac64-f50ac598983f,data/TCGA-BT-A20W-11A-01-TSA.3a5d5d16-a8e5-4be8-ac64-f50ac598983f,TCGA-BT-A20W-11,TCGA-BT-A20W,[],0,[],False,False,WT,WT_any,,,,,,,False,,0.0,71.0,Male,Stage II,,,TCGA-BT-A20W-11A-01-TSA.3a5d5d16-a8e5-4be8-ac64-f50ac598983f.svs
TCGA-BT-A2LA-01A-01-TSA.28CC6A2E-8721-4DEB-B8B5-035912E5CE11,data/TCGA-BT-A2LA-01A-01-TSA.28CC6A2E-8721-4DEB-B8B5-035912E5CE11,TCGA-BT-A2LA-01,TCGA-BT-A2LA,[],0,[],False,False,WT,WT_any,,,,,,52.0129,True,,178.0,54.0,Male,Stage III,High Grade,,TCGA-BT-A2LA-01A-01-TSA.28CC6A2E-8721-4DEB-B8B5-035912E5CE11.svs
TCGA-BT-A3PH-01Z-00-DX1.18FB196C-9F66-4676-81DC-F58A0A5577D8,data/TCGA-BT-A3PH-01Z-00-DX1.18FB196C-9F66-4676-81DC-F58A0A5577D8,TCGA-BT-A3PH-01,TCGA-BT-A3PH,[],0,[],False,False,WT,WT_any,,,,,,12606.6,True,,417.0,76.0,Male,Stage IV,High Grade,,TCGA-BT-A3PH-01Z-00-DX1.18FB196C-9F66-4676-81DC-F58A0A5577D8.svs
TCGA-BT-A3PJ-01A-02-TSB.1125A68A-3409-435A-B357-359CCABEBF2D,data/TCGA-BT-A3PJ-01A-02-TSB.1125A68A-3409-435A-B357-359CCABEBF2D,TCGA-BT-A3PJ-01,TCGA-BT-A3PJ,[],0,[],False,False,WT,WT_any,,,,,,1122.13,True,,441.0,76.0,Male,Stage III,High Grade,,TCGA-BT-A3PJ-01A-02-TSB.1125A68A-3409-435A-B357-359CCABEBF2D.svs
TCGA-BT-A3PJ-01Z-00-DX1.C730AD35-81DF-4758-97B5-1E9F58E67A2B,data/TCGA-BT-A3PJ-01Z-00-DX1.C730AD35-81DF-4758-97B5-1E9F58E67A2B,TCGA-BT-A3PJ-01,TCGA-BT-A3PJ,[],0,[],False,False,WT,WT_any,,,,,,1122.13,True,,441.0,,,,High Grade,,TCGA-BT-A3PJ-01Z-00-DX1.C730AD35-81DF-4758-97B5-1E9F58E67A2B.svs
TCGA-BT-A3PK-01A-02-TSB.DF6C0810-D5E2-4832-9578-2CF4A23D1E5D,data/TCGA-BT-A3PK-01A-02-TSB.DF6C0810-D5E2-4832-9578-2CF4A23D1E5D,TCGA-BT-A3PK-01,TCGA-BT-A3PK,[],0,[],False,False,WT,WT_any,,,,,,6360.17,True,,342.0,,,,High Grade,,TCGA-BT-A3PK-01A-02-TSB.DF6C0810-D5E2-4832-9578-2CF4A23D1E5D.svs
TCGA-BT-A3PK-01Z-00-DX1.0C10EB75-B766-47DB-8BD0-853F81074355,data/TCGA-BT-A3PK-01Z-00-DX1.0C10EB75-B766-47DB-8BD0-853F81074355,TCGA-BT-A3PK-01,TCGA-BT-A3PK,[],0,[],False,False,WT,WT_any,,,,,,6360.17,True,,342.0,,,,High Grade,,TCGA-BT-A3PK-01Z-00-DX1.0C10EB75-B766-47DB-8BD0-853F81074355.svs
TCGA-BT-A42C-01A-01-TSA.2FEE5057-2B0F-4BE6-A8FE-AB03819088D0,data/TCGA-BT-A42C-01A-01-TSA.2FEE5057-2B0F-4BE6-A8FE-AB03819088D0,TCGA-BT-A42C-01,TCGA-BT-A42C,"[{'uniqueSampleKey': 'VENHQS1CVC1BNDJDLTAxOmJsY2FfdGNnYV9wYW5fY2FuX2F0bGFzXzIwMTg', 'uniquePatientKey': 'VENHQS1CVC1BNDJDOmJsY2FfdGNnYV9wYW5fY2FuX2F0bGFzXzIwMTg', 'molecularProfileId': 'blca_tcga_pan_can_atlas_2018_mutations', 'sampleId': 'TCGA-BT-A42C-01', 'patientId': 'TCGA-BT-A42C', 'entrezGeneId': 2261, 'gene': {'entrezGeneId': 2261, 'hugoGeneSymbol': 'FGFR3', 'type': 'protein-coding'}, 'studyId': 'blca_tcga_pan_can_atlas_2018', 'center': '.', 'mutationStatus': '.', 'validationStatus': '.', 'tumorAltCount': 168, 'tumorRefCount': 71, 'normalRefCount': 323, 'chr': '4', 'startPosition': 1806099, 'endPosition': 1806099, 'referenceAllele': 'A', 'variantAllele': 'G', 'proteinChange': 'Y373C', 'mutationType': 'Missense_Mutation', 'ncbiBuild': 'GRCh37', 'variantType': 'SNP', 'refseqMrnaId': 'NA', 'proteinPosStart': 373, 'proteinPosEnd': 373, 'keyword': 'FGFR3 Y373 missense'}]",1,"[{'uniqueSampleKey': 'VENHQS1CVC1BNDJDLTAxOmJsY2FfdGNnYV9wYW5fY2FuX2F0bGFzXzIwMTg', 'uniquePatientKey': 'VENHQS1CVC1BNDJDOmJsY2FfdGNnYV9wYW5fY2FuX2F0bGFzXzIwMTg', 'molecularProfileId': 'blca_tcga_pan_can_atlas_2018_mutations', 'sampleId': 'TCGA-BT-A42C-01', 'patientId': 'TCGA-BT-A42C', 'entrezGeneId': 2261, 'gene': {'entrezGeneId': 2261, 'hugoGeneSymbol': 'FGFR3', 'type': 'protein-coding'}, 'studyId': 'blca_tcga_pan_can_atlas_2018', 'center': '.', 'mutationStatus': '.', 'validationStatus': '.', 'tumorAltCount': 168, 'tumorRefCount': 71, 'normalRefCount': 323, 'chr': '4', 'startPosition': 1806099, 'endPosition': 1806099, 'referenceAllele': 'A', 'variantAllele': 'G', 'proteinChange': 'Y373C', 'mutationType': 'Missense_Mutation', 'ncbiBuild': 'GRCh37', 'variantType': 'SNP', 'refseqMrnaId': 'NA', 'proteinPosStart': 373, 'proteinPosEnd': 373, 'keyword': 'FGFR3 Y373 missense'}]",True,True,MUT,MUT_any,Y373C/Y375C,Y373C,0.702928870292887,168.0,71.0,3040.73,True,,344.0,,,,High Grade,,TCGA-BT-A42C-01A-01-TSA.2FEE5057-2B0F-4BE6-A8FE-AB03819088D0.svs
TCGA-BT-A42C-01Z-00-DX1.49949E15-B218-4E43-947C-5D73B87B1CA9,data/TCGA-BT-A42C-01Z-00-DX1.49949E15-B218-4E43-947C-5D73B87B1CA9,TCGA-BT-A42C-01,TCGA-BT-A42C,"[{'uniqueSampleKey': 'VENHQS1CVC1BNDJDLTAxOmJsY2FfdGNnYV9wYW5fY2FuX2F0bGFzXzIwMTg', 'uniquePatientKey': 'VENHQS1CVC1BNDJDOmJsY2FfdGNnYV9wYW5fY2FuX2F0bGFzXzIwMTg', 'molecularProfileId': 'blca_tcga_pan_can_atlas_2018_mutations', 'sampleId': 'TCGA-BT-A42C-01', 'patientId': 'TCGA-BT-A42C', 'entrezGeneId': 2261, 'gene': {'entrezGeneId': 2261, 'hugoGeneSymbol': 'FGFR3', 'type': 'protein-coding'}, 'studyId': 'blca_tcga_pan_can_atlas_2018', 'center': '.', 'mutationStatus': '.', 'validationStatus': '.', 'tumorAltCount': 168, 'tumorRefCount': 71, 'normalRefCount': 323, 'chr': '4', 'startPosition': 1806099, 'endPosition': 1806099, 'referenceAllele': 'A', 'variantAllele': 'G', 'proteinChange': 'Y373C', 'mutationType': 'Missense_Mutation', 'ncbiBuild': 'GRCh37', 'variantType': 'SNP', 'refseqMrnaId': 'NA', 'proteinPosStart': 373, 'proteinPosEnd': 373, 'keyword': 'FGFR3 Y373 missense'}]",1,"[{'uniqueSampleKey': 'VENHQS1CVC1BNDJDLTAxOmJsY2FfdGNnYV9wYW5fY2FuX2F0bGFzXzIwMTg', 'uniquePatientKey': 'VENHQS1CVC1BNDJDOmJsY2FfdGNnYV9wYW5fY2FuX2F0bGFzXzIwMTg', 'molecularProfileId': 'blca_tcga_pan_can_atlas_2018_mutations', 'sampleId': 'TCGA-BT-A42C-01', 'patientId': 'TCGA-BT-A42C', 'entrezGeneId': 2261, 'gene': {'entrezGeneId': 2261, 'hugoGeneSymbol': 'FGFR3', 'type': 'protein-coding'}, 'studyId': 'blca_tcga_pan_can_atlas_2018', 'center': '.', 'mutationStatus': '.', 'validationStatus': '.', 'tumorAltCount': 168, 'tumorRefCount': 71, 'normalRefCount': 323, 'chr': '4', 'startPosition': 1806099, 'endPosition': 1806099, 'referenceAllele': 'A', 'variantAllele': 'G', 'proteinChange': 'Y373C', 'mutationType': 'Missense_Mutation', 'ncbiBuild': 'GRCh37', 'variantType': 'SNP', 'refseqMrnaId': 'NA', 'proteinPosStart': 373, 'proteinPosEnd': 373, 'keyword': 'FGFR3 Y373 missense'}]",True,True,MUT,MUT_any,Y373C/Y375C,Y373C,0.702928870292887,168.0,71.0,3040.73,True,,344.0,,,,High Grade,,TCGA-BT-A42C-01Z-00-DX1.49949E15-B218-4E43-947C-5D73B87B1CA9.svs
TCGA-C4-A0EZ-01A-01-BS1.f1b25afc-18f9-4494-af43-3430f5e3dda5,data/TCGA-C4-A0EZ-01A-01-BS1.f1b25afc-18f9-4494-af43-3430f5e3dda5,TCGA-C4-A0EZ-01,TCGA-C4-A0EZ,[],0,[],False,False,WT,WT_any,,,,,,588.894,True,,172.0,69.0,Female,Stage IV,High Grade,,TCGA-C4-A0EZ-01A-01-BS1.f1b25afc-18f9-4494-af43-3430f5e3dda5.svs
TCGA-C4-A0EZ-01A-02-BS2.6f3290c1-6a2b-46e2-958d-be4f2cd77900,data/TCGA-C4-A0EZ-01A-02-BS2.6f3290c1-6a2b-46e2-958d-be4f2cd77900,TCGA-C4-A0EZ-01,TCGA-C4-A0EZ,[],0,[],False,False,WT,WT_any,,,,,,588.894,True,,172.0,69.0,Female,Stage IV,High Grade,,TCGA-C4-A0EZ-01A-02-BS2.6f3290c1-6a2b-46e2-958d-be4f2cd77900.svs
TCGA-C4-A0EZ-01Z-00-DX1.993A12F0-9687-4E56-B887-13C9453A7E63,data/TCGA-C4-A0EZ-01Z-00-DX1.993A12F0-9687-4E56-B887-13C9453A7E63,TCGA-C4-A0EZ-01,TCGA-C4-A0EZ,[],0,[],False,False,WT,WT_any,,,,,,588.894,True,,172.0,69.0,Female,Stage IV,High Grade,,TCGA-C4-A0EZ-01Z-00-DX1.993A12F0-9687-4E56-B887-13C9453A7E63.svs
TCGA-C4-A0F0-01A-01-BS1.76fc3ba5-7e92-40bc-b634-d3abf9f77616,data/TCGA-C4-A0F0-01A-01-BS1.76fc3ba5-7e92-40bc-b634-d3abf9f77616,TCGA-C4-A0F0-01,TCGA-C4-A0F0,[],0,[],False,False,WT,WT_any,,,,,,2471.32,True,,90.0,,,,High Grade,,TCGA-C4-A0F0-01A-01-BS1.76fc3ba5-7e92-40bc-b634-d3abf9f77616.svs
TCGA-C4-A0F0-01A-01-MS1.100087a3-8eaa-4932-8ab2-aeb90074f86f,data/TCGA-C4-A0F0-01A-01-MS1.100087a3-8eaa-4932-8ab2-aeb90074f86f,TCGA-C4-A0F0-01,TCGA-C4-A0F0,[],0,[],False,False,WT,WT_any,,,,,,2471.32,True,,90.0,,,,High Grade,,TCGA-C4-A0F0-01A-01-MS1.100087a3-8eaa-4932-8ab2-aeb90074f86f.svs
TCGA-C4-A0F0-01Z-00-DX1.8EBBC2EF-DA6F-4901-838D-C1AC80E83E92,data/TCGA-C4-A0F0-01Z-00-DX1.8EBBC2EF-DA6F-4901-838D-C1AC80E83E92,TCGA-C4-A0F0-01,TCGA-C4-A0F0,[],0,[],False,False,WT,WT_any,,,,,,2471.32,True,,90.0,60.0,Male,Stage II,High Grade,,TCGA-C4-A0F0-01Z-00-DX1.8EBBC2EF-DA6F-4901-838D-C1AC80E83E92.svs
TCGA-C4-A0F6-01A-01-BS1.f6d7c990-0c7c-433c-b8c6-463f40a966ae,data/TCGA-C4-A0F6-01A-01-BS1.f6d7c990-0c7c-433c-b8c6-463f40a966ae,TCGA-C4-A0F6-01,TCGA-C4-A0F6,[],0,[],False,False,WT,WT_any,,,,,,14269.5,True,,191.0,82.0,Female,Stage III,High Grade,,TCGA-C4-A0F6-01A-01-BS1.f6d7c990-0c7c-433c-b8c6-463f40a966ae.svs
TCGA-C4-A0F6-01A-01-TS1.de349f74-f986-468d-a2c0-4bec403956f6,data/TCGA-C4-A0F6-01A-01-TS1.de349f74-f986-468d-a2c0-4bec403956f6,TCGA-C4-A0F6-01,TCGA-C4-A0F6,[],0,[],False,False,WT,WT_any,,,,,,14269.5,True,,191.0,82.0,Female,Stage III,High Grade,,TCGA-C4-A0F6-01A-01-TS1.de349f74-f986-468d-a2c0-4bec403956f6.svs
TCGA-C4-A0F6-01Z-00-DX1.05FAB26A-4BE9-42B4-95F0-6BD15EBE8792,data/TCGA-C4-A0F6-01Z-00-DX1.05FAB26A-4BE9-42B4-95F0-6BD15EBE8792,TCGA-C4-A0F6-01,TCGA-C4-A0F6,[],0,[],False,False,WT,WT_any,,,,,,14269.5,True,,191.0,82.0,Female,Stage III,High Grade,,TCGA-C4-A0F6-01Z-00-DX1.05FAB26A-4BE9-42B4-95F0-6BD15EBE8792.svs
TCGA-C4-A0F7-01A-01-BS1.3312b0e1-7991-42e9-8fda-48e00cf53adf,data/TCGA-C4-A0F7-01A-01-BS1.3312b0e1-7991-42e9-8fda-48e00cf53adf,TCGA-C4-A0F7-01,TCGA-C4-A0F7,[],0,[],False,False,WT,WT_any,,,,,,21284.3,True,,66.0,77.0,Male,Stage IV,High Grade,,TCGA-C4-A0F7-01A-01-BS1.3312b0e1-7991-42e9-8fda-48e00cf53adf.svs
TCGA-C4-A0F7-01A-01-TS1.c66fc2c3-7ca2-4e96-a919-96ebe2e6b617,data/TCGA-C4-A0F7-01A-01-TS1.c66fc2c3-7ca2-4e96-a919-96ebe2e6b617,TCGA-C4-A0F7-01,TCGA-C4-A0F7,[],0,[],False,False,WT,WT_any,,,,,,21284.3,True,,66.0,,,,High Grade,,TCGA-C4-A0F7-01A-01-TS1.c66fc2c3-7ca2-4e96-a919-96ebe2e6b617.svs
TCGA-C4-A0F7-01Z-00-DX1.606C3AFA-F93D-4226-AA49-41B5916F9018,data/TCGA-C4-A0F7-01Z-00-DX1.606C3AFA-F93D-4226-AA49-41B5916F9018,TCGA-C4-A0F7-01,TCGA-C4-A0F7,[],0,[],False,False,WT,WT_any,,,,,,21284.3,True,,66.0,,,,High Grade,,TCGA-C4-A0F7-01Z-00-DX1.606C3AFA-F93D-4226-AA49-41B5916F9018.svs
TCGA-CF-A1HR-01A-01-TS1.fb7810ac-8da1-4d51-b702-e3f8c53f8544,data/TCGA-CF-A1HR-01A-01-TS1.fb7810ac-8da1-4d51-b702-e3f8c53f8544,TCGA-CF-A1HR-01,TCGA-CF-A1HR,[],0,[],False,False,WT,WT_any,,,,,,5646.66,True,,255.0,,,,High Grade,,TCGA-CF-A1HR-01A-01-TS1.fb7810ac-8da1-4d51-b702-e3f8c53f8544.svs
TCGA-CF-A1HR-01Z-00-DX1.C56E4296-EB85-4DBA-B0A0-9D6FA097A74F,data/TCGA-CF-A1HR-01Z-00-DX1.C56E4296-EB85-4DBA-B0A0-9D6FA097A74F,TCGA-CF-A1HR-01,TCGA-CF-A1HR,[],0,[],False,False,WT,WT_any,,,,,,5646.66,True,,255.0,,,,High Grade,,TCGA-CF-A1HR-01Z-00-DX1.C56E4296-EB85-4DBA-B0A0-9D6FA097A74F.svs
TCGA-CF-A27C-01A-01-TSA.3469908c-9cf3-44bd-806c-d57e2a94b0a1,data/TCGA-CF-A27C-01A-01-TSA.3469908c-9cf3-44bd-806c-d57e2a94b0a1,TCGA-CF-A27C-01,TCGA-CF-A27C,"[{'uniqueSampleKey': 'VENHQS1DRi1BMjdDLTAxOmJsY2FfdGNnYV9wYW5fY2FuX2F0bGFzXzIwMTg', 'uniquePatientKey': 'VENHQS1DRi1BMjdDOmJsY2FfdGNnYV9wYW5fY2FuX2F0bGFzXzIwMTg', 'molecularProfileId': 'blca_tcga_pan_can_atlas_2018_mutations', 'sampleId': 'TCGA-CF-A27C-01', 'patientId': 'TCGA-CF-A27C', 'entrezGeneId': 2261, 'gene': {'entrezGeneId': 2261, 'hugoGeneSymbol': 'FGFR3', 'type': 'protein-coding'}, 'studyId': 'blca_tcga_pan_can_atlas_2018', 'center': '.', 'mutationStatus': '.', 'validationStatus': '.', 'tumorAltCount': 20, 'tumorRefCount': 22, 'normalRefCount': 18, 'chr': '4', 'startPosition': 1803568, 'endPosition': 1803568, 'referenceAllele': 'C', 'variantAllele': 'G', 'proteinChange': 'S249C', 'mutationType': 'Missense_Mutation', 'ncbiBuild': 'GRCh37', 'variantType': 'SNP', 'refseqMrnaId': 'NA', 'proteinPosStart': 249, 'proteinPosEnd': 249, 'keyword': 'FGFR3 S249 missense'}]",1,"[{'uniqueSampleKey': 'VENHQS1DRi1BMjdDLTAxOmJsY2FfdGNnYV9wYW5fY2FuX2F0bGFzXzIwMTg', 'uniquePatientKey': 'VENHQS1DRi1BMjdDOmJsY2FfdGNnYV9wYW5fY2FuX2F0bGFzXzIwMTg', 'molecularProfileId': 'blca_tcga_pan_can_atlas_2018_mutations', 'sampleId': 'TCGA-CF-A27C-01', 'patientId': 'TCGA-CF-A27C', 'entrezGeneId': 2261, 'gene': {'entrezGeneId': 2261, 'hugoGeneSymbol': 'FGFR3', 'type': 'protein-coding'}, 'studyId': 'blca_tcga_pan_can_atlas_2018', 'center': '.', 'mutationStatus': '.', 'validationStatus': '.', 'tumorAltCount': 20, 'tumorRefCount': 22, 'normalRefCount': 18, 'chr': '4', 'startPosition': 1803568, 'endPosition': 1803568, 'referenceAllele': 'C', 'variantAllele': 'G', 'proteinChange': 'S249C', 'mutationType': 'Missense_Mutation', 'ncbiBuild': 'GRCh37', 'variantType': 'SNP', 'refseqMrnaId': 'NA', 'proteinPosStart': 249, 'proteinPosEnd': 249, 'keyword': 'FGFR3 S249 missense'}]",True,True,MUT,MUT_any,S249C,S249C,0.47619047619047616,20.0,22.0,8806.28,True,,133.0,,,,High Grade,,TCGA-CF-A27C-01A-01-TSA.3469908c-9cf3-44bd-806c-d57e2a94b0a1.svs
TCGA-CF-A27C-01Z-00-DX1.0FDBC44E-EC0D-4C6F-8B77-177CB1516CF1,data/TCGA-CF-A27C-01Z-00-DX1.0FDBC44E-EC0D-4C6F-8B77-177CB1516CF1,TCGA-CF-A27C-01,TCGA-CF-A27C,"[{'uniqueSampleKey': 'VENHQS1DRi1BMjdDLTAxOmJsY2FfdGNnYV9wYW5fY2FuX2F0bGFzXzIwMTg', 'uniquePatientKey': 'VENHQS1DRi1BMjdDOmJsY2FfdGNnYV9wYW5fY2FuX2F0bGFzXzIwMTg', 'molecularProfileId': 'blca_tcga_pan_can_atlas_2018_mutations', 'sampleId': 'TCGA-CF-A27C-01', 'patientId': 'TCGA-CF-A27C', 'entrezGeneId': 2261, 'gene': {'entrezGeneId': 2261, 'hugoGeneSymbol': 'FGFR3', 'type': 'protein-coding'}, 'studyId': 'blca_tcga_pan_can_atlas_2018', 'center': '.', 'mutationStatus': '.', 'validationStatus': '.', 'tumorAltCount': 20, 'tumorRefCount': 22, 'normalRefCount': 18, 'chr': '4', 'startPosition': 1803568, 'endPosition': 1803568, 'referenceAllele': 'C', 'variantAllele': 'G', 'proteinChange': 'S249C', 'mutationType': 'Missense_Mutation', 'ncbiBuild': 'GRCh37', 'variantType': 'SNP', 'refseqMrnaId': 'NA', 'proteinPosStart': 249, 'proteinPosEnd': 249, 'keyword': 'FGFR3 S249 missense'}]",1,"[{'uniqueSampleKey': 'VENHQS1DRi1BMjdDLTAxOmJsY2FfdGNnYV9wYW5fY2FuX2F0bGFzXzIwMTg', 'uniquePatientKey': 'VENHQS1DRi1BMjdDOmJsY2FfdGNnYV9wYW5fY2FuX2F0bGFzXzIwMTg', 'molecularProfileId': 'blca_tcga_pan_can_atlas_2018_mutations', 'sampleId': 'TCGA-CF-A27C-01', 'patientId': 'TCGA-CF-A27C', 'entrezGeneId': 2261, 'gene': {'entrezGeneId': 2261, 'hugoGeneSymbol': 'FGFR3', 'type': 'protein-coding'}, 'studyId': 'blca_tcga_pan_can_atlas_2018', 'center': '.', 'mutationStatus': '.', 'validationStatus': '.', 'tumorAltCount': 20, 'tumorRefCount': 22, 'normalRefCount': 18, 'chr': '4', 'startPosition': 1803568, 'endPosition': 1803568, 'referenceAllele': 'C', 'variantAllele': 'G', 'proteinChange': 'S249C', 'mutationType': 'Missense_Mutation', 'ncbiBuild': 'GRCh37', 'variantType': 'SNP', 'refseqMrnaId': 'NA', 'proteinPosStart': 249, 'proteinPosEnd': 249, 'keyword': 'FGFR3 S249 missense'}]",True,True,MUT,MUT_any,S249C,S249C,0.47619047619047616,20.0,22.0,8806.28,True,,133.0,52.0,Male,Stage III,High Grade,,TCGA-CF-A27C-01Z-00-DX1.0FDBC44E-EC0D-4C6F-8B77-177CB1516CF1.svs
TCGA-CF-A3MF-01A-01-TSA.47D11180-87D1-468A-8D89-BB57ED67931B,data/TCGA-CF-A3MF-01A-01-TSA.47D11180-87D1-468A-8D89-BB57ED67931B,TCGA-CF-A3MF-01,TCGA-CF-A3MF,[],0,[],False,False,WT,WT_any,,,,,,24950.5,True,,23.0,34.0,Male,Stage III,Low Grade,,TCGA-CF-A3MF-01A-01-TSA.47D11180-87D1-468A-8D89-BB57ED67931B.svs
TCGA-CF-A3MF-01Z-00-DX1.91768C26-5BB1-4DE6-9737-AA26BD687A75,data/TCGA-CF-A3MF-01Z-00-DX1.91768C26-5BB1-4DE6-9737-AA26BD687A75,TCGA-CF-A3MF-01,TCGA-CF-A3MF,[],0,[],False,False,WT,WT_any,,,,,,24950.5,True,,23.0,34.0,Male,Stage III,Low Grade,,TCGA-CF-A3MF-01Z-00-DX1.91768C26-5BB1-4DE6-9737-AA26BD687A75.svs
TCGA-CF-A3MG-01A-01-TS1.42B7A804-04DB-4E02-9A72-55A6D9B21D13,data/TCGA-CF-A3MG-01A-01-TS1.42B7A804-04DB-4E02-9A72-55A6D9B21D13,TCGA-CF-A3MG-01,TCGA-CF-A3MG,[],0,[],False,False,WT,WT_any,,,,,,16230.8,True,,125.0,48.0,Male,Stage II,Low Grade,,TCGA-CF-A3MG-01A-01-TS1.42B7A804-04DB-4E02-9A72-55A6D9B21D13.svs
TCGA-CF-A3MG-01Z-00-DX1.49D55C73-735B-496E-82DA-1F6BFE88D607,data/TCGA-CF-A3MG-01Z-00-DX1.49D55C73-735B-496E-82DA-1F6BFE88D607,TCGA-CF-A3MG-01,TCGA-CF-A3MG,[],0,[],False,False,WT,WT_any,,,,,,16230.8,True,,125.0,48.0,Male,Stage II,Low Grade,,TCGA-CF-A3MG-01Z-00-DX1.49D55C73-735B-496E-82DA-1F6BFE88D607.svs
TCGA-CF-A47T-01A-01-TSA.30A8886A-5B14-4AC1-9908-0B2C9694D789,data/TCGA-CF-A47T-01A-01-TSA.30A8886A-5B14-4AC1-9908-0B2C9694D789,TCGA-CF-A47T-01,TCGA-CF-A47T,[],0,[],False,False,WT,WT_any,,,,,,7984.89,True,,27.0,58.0,Female,Stage II,Low Grade,,TCGA-CF-A47T-01A-01-TSA.30A8886A-5B14-4AC1-9908-0B2C9694D789.svs
TCGA-CF-A47T-01Z-00-DX1.2AFA4BB3-B97C-4C0D-86F4-53A5F3317129,data/TCGA-CF-A47T-01Z-00-DX1.2AFA4BB3-B97C-4C0D-86F4-53A5F3317129,TCGA-CF-A47T-01,TCGA-CF-A47T,[],0,[],False,False,WT,WT_any,,,,,,7984.89,True,,27.0,,,,Low Grade,,TCGA-CF-A47T-01Z-00-DX1.2AFA4BB3-B97C-4C0D-86F4-53A5F3317129.svs
TCGA-CF-A47W-01A-01-TSA.E2DA86A5-7B32-434F-8084-50DAA208730C,data/TCGA-CF-A47W-01A-01-TSA.E2DA86A5-7B32-434F-8084-50DAA208730C,TCGA-CF-A47W-01,TCGA-CF-A47W,"[{'uniqueSampleKey': 'VENHQS1DRi1BNDdXLTAxOmJsY2FfdGNnYV9wYW5fY2FuX2F0bGFzXzIwMTg', 'uniquePatientKey': 'VENHQS1DRi1BNDdXOmJsY2FfdGNnYV9wYW5fY2FuX2F0bGFzXzIwMTg', 'molecularProfileId': 'blca_tcga_pan_can_atlas_2018_mutations', 'sampleId': 'TCGA-CF-A47W-01', 'patientId': 'TCGA-CF-A47W', 'entrezGeneId': 2261, 'gene': {'entrezGeneId': 2261, 'hugoGeneSymbol': 'FGFR3', 'type': 'protein-coding'}, 'studyId': 'blca_tcga_pan_can_atlas_2018', 'center': '.', 'mutationStatus': '.', 'validationStatus': '.', 'tumorAltCount': 62, 'tumorRefCount': 66, 'normalRefCount': 313, 'chr': '4', 'startPosition': 1806099, 'endPosition': 1806099, 'referenceAllele': 'A', 'variantAllele': 'G', 'proteinChange': 'Y373C', 'mutationType': 'Missense_Mutation', 'ncbiBuild': 'GRCh37', 'variantType': 'SNP', 'refseqMrnaId': 'NA', 'proteinPosStart': 373, 'proteinPosEnd': 373, 'keyword': 'FGFR3 Y373 missense'}]",1,"[{'uniqueSampleKey': 'VENHQS1DRi1BNDdXLTAxOmJsY2FfdGNnYV9wYW5fY2FuX2F0bGFzXzIwMTg', 'uniquePatientKey': 'VENHQS1DRi1BNDdXOmJsY2FfdGNnYV9wYW5fY2FuX2F0bGFzXzIwMTg', 'molecularProfileId': 'blca_tcga_pan_can_atlas_2018_mutations', 'sampleId': 'TCGA-CF-A47W-01', 'patientId': 'TCGA-CF-A47W', 'entrezGeneId': 2261, 'gene': {'entrezGeneId': 2261, 'hugoGeneSymbol': 'FGFR3', 'type': 'protein-coding'}, 'studyId': 'blca_tcga_pan_can_atlas_2018', 'center': '.', 'mutationStatus': '.', 'validationStatus': '.', 'tumorAltCount': 62, 'tumorRefCount': 66, 'normalRefCount': 313, 'chr': '4', 'startPosition': 1806099, 'endPosition': 1806099, 'referenceAllele': 'A', 'variantAllele': 'G', 'proteinChange': 'Y373C', 'mutationType': 'Missense_Mutation', 'ncbiBuild': 'GRCh37', 'variantType': 'SNP', 'refseqMrnaId': 'NA', 'proteinPosStart': 373, 'proteinPosEnd': 373, 'keyword': 'FGFR3 Y373 missense'}]",True,True,MUT,MUT_any,Y373C/Y375C,Y373C,0.484375,62.0,66.0,12473.6,True,,27.0,,,,Low Grade,,TCGA-CF-A47W-01A-01-TSA.E2DA86A5-7B32-434F-8084-50DAA208730C.svs
TCGA-CF-A47W-01Z-00-DX1.D14F1F9A-E684-4140-9714-3197A4325568,data/TCGA-CF-A47W-01Z-00-DX1.D14F1F9A-E684-4140-9714-3197A4325568,TCGA-CF-A47W-01,TCGA-CF-A47W,"[{'uniqueSampleKey': 'VENHQS1DRi1BNDdXLTAxOmJsY2FfdGNnYV9wYW5fY2FuX2F0bGFzXzIwMTg', 'uniquePatientKey': 'VENHQS1DRi1BNDdXOmJsY2FfdGNnYV9wYW5fY2FuX2F0bGFzXzIwMTg', 'molecularProfileId': 'blca_tcga_pan_can_atlas_2018_mutations', 'sampleId': 'TCGA-CF-A47W-01', 'patientId': 'TCGA-CF-A47W', 'entrezGeneId': 2261, 'gene': {'entrezGeneId': 2261, 'hugoGeneSymbol': 'FGFR3', 'type': 'protein-coding'}, 'studyId': 'blca_tcga_pan_can_atlas_2018', 'center': '.', 'mutationStatus': '.', 'validationStatus': '.', 'tumorAltCount': 62, 'tumorRefCount': 66, 'normalRefCount': 313, 'chr': '4', 'startPosition': 1806099, 'endPosition': 1806099, 'referenceAllele': 'A', 'variantAllele': 'G', 'proteinChange': 'Y373C', 'mutationType': 'Missense_Mutation', 'ncbiBuild': 'GRCh37', 'variantType': 'SNP', 'refseqMrnaId': 'NA', 'proteinPosStart': 373, 'proteinPosEnd': 373, 'keyword': 'FGFR3 Y373 missense'}]",1,"[{'uniqueSampleKey': 'VENHQS1DRi1BNDdXLTAxOmJsY2FfdGNnYV9wYW5fY2FuX2F0bGFzXzIwMTg', 'uniquePatientKey': 'VENHQS1DRi1BNDdXOmJsY2FfdGNnYV9wYW5fY2FuX2F0bGFzXzIwMTg', 'molecularProfileId': 'blca_tcga_pan_can_atlas_2018_mutations', 'sampleId': 'TCGA-CF-A47W-01', 'patientId': 'TCGA-CF-A47W', 'entrezGeneId': 2261, 'gene': {'entrezGeneId': 2261, 'hugoGeneSymbol': 'FGFR3', 'type': 'protein-coding'}, 'studyId': 'blca_tcga_pan_can_atlas_2018', 'center': '.', 'mutationStatus': '.', 'validationStatus': '.', 'tumorAltCount': 62, 'tumorRefCount': 66, 'normalRefCount': 313, 'chr': '4', 'startPosition': 1806099, 'endPosition': 1806099, 'referenceAllele': 'A', 'variantAllele': 'G', 'proteinChange': 'Y373C', 'mutationType': 'Missense_Mutation', 'ncbiBuild': 'GRCh37', 'variantType': 'SNP', 'refseqMrnaId': 'NA', 'proteinPosStart': 373, 'proteinPosEnd': 373, 'keyword': 'FGFR3 Y373 missense'}]",True,True,MUT,MUT_any,Y373C/Y375C,Y373C,0.484375,62.0,66.0,12473.6,True,,27.0,42.0,Male,Stage II,Low Grade,,TCGA-CF-A47W-01Z-00-DX1.D14F1F9A-E684-4140-9714-3197A4325568.svs
TCGA-CF-A47X-01A-03-TSC.A7484F9B-2ECD-41EF-ACE4-66DFB432D58C,data/TCGA-CF-A47X-01A-03-TSC.A7484F9B-2ECD-41EF-ACE4-66DFB432D58C,TCGA-CF-A47X-01,TCGA-CF-A47X,[],0,[],False,False,WT,WT_any,,,,,,2095.72,True,,288.0,60.0,Male,Stage II,Low Grade,,TCGA-CF-A47X-01A-03-TSC.A7484F9B-2ECD-41EF-ACE4-66DFB432D58C.svs
TCGA-CF-A47X-01Z-00-DX1.1FA2C95C-CFB9-47AA-9BA8-2C2D391BA5D7,data/TCGA-CF-A47X-01Z-00-DX1.1FA2C95C-CFB9-47AA-9BA8-2C2D391BA5D7,TCGA-CF-A47X-01,TCGA-CF-A47X,[],0,[],False,False,WT,WT_any,,,,,,2095.72,True,,288.0,60.0,Male,Stage II,Low Grade,,TCGA-CF-A47X-01Z-00-DX1.1FA2C95C-CFB9-47AA-9BA8-2C2D391BA5D7.svs
TCGA-CF-A47Y-01A-01-TSA.6051E23D-DD52-4053-8E21-EA9DE229DF77,data/TCGA-CF-A47Y-01A-01-TSA.6051E23D-DD52-4053-8E21-EA9DE229DF77,,,[],0,[],False,False,WT,WT_any,,,,,,,False,,,,,,,,TCGA-CF-A47Y-01A-01-TSA.6051E23D-DD52-4053-8E21-EA9DE229DF77.svs
TCGA-CF-A47Y-01Z-00-DX1.1D4B8964-E7AB-4C6F-80AC-AF84B80B80C2,data/TCGA-CF-A47Y-01Z-00-DX1.1D4B8964-E7AB-4C6F-80AC-AF84B80B80C2,TCGA-CF-A47Y-01,TCGA-CF-A47Y,"[{'uniqueSampleKey': 'VENHQS1DRi1BNDdZLTAxOmJsY2FfdGNnYV9wYW5fY2FuX2F0bGFzXzIwMTg', 'uniquePatientKey': 'VENHQS1DRi1BNDdZOmJsY2FfdGNnYV9wYW5fY2FuX2F0bGFzXzIwMTg', 'molecularProfileId': 'blca_tcga_pan_can_atlas_2018_mutations', 'sampleId': 'TCGA-CF-A47Y-01', 'patientId': 'TCGA-CF-A47Y', 'entrezGeneId': 2261, 'gene': {'entrezGeneId': 2261, 'hugoGeneSymbol': 'FGFR3', 'type': 'protein-coding'}, 'studyId': 'blca_tcga_pan_can_atlas_2018', 'center': '.', 'mutationStatus': '.', 'validationStatus': '.', 'tumorAltCount': 13, 'tumorRefCount': 7, 'normalRefCount': 43, 'chr': '4', 'startPosition': 1803564, 'endPosition': 1803564, 'referenceAllele': 'C', 'variantAllele': 'T', 'proteinChange': 'R248C', 'mutationType': 'Missense_Mutation', 'ncbiBuild': 'GRCh37', 'variantType': 'SNP', 'refseqMrnaId': 'NA', 'proteinPosStart': 248, 'proteinPosEnd': 248, 'keyword': 'FGFR3 R248 missense'}]",1,"[{'uniqueSampleKey': 'VENHQS1DRi1BNDdZLTAxOmJsY2FfdGNnYV9wYW5fY2FuX2F0bGFzXzIwMTg', 'uniquePatientKey': 'VENHQS1DRi1BNDdZOmJsY2FfdGNnYV9wYW5fY2FuX2F0bGFzXzIwMTg', 'molecularProfileId': 'blca_tcga_pan_can_atlas_2018_mutations', 'sampleId': 'TCGA-CF-A47Y-01', 'patientId': 'TCGA-CF-A47Y', 'entrezGeneId': 2261, 'gene': {'entrezGeneId': 2261, 'hugoGeneSymbol': 'FGFR3', 'type': 'protein-coding'}, 'studyId': 'blca_tcga_pan_can_atlas_2018', 'center': '.', 'mutationStatus': '.', 'validationStatus': '.', 'tumorAltCount': 13, 'tumorRefCount': 7, 'normalRefCount': 43, 'chr': '4', 'startPosition': 1803564, 'endPosition': 1803564, 'referenceAllele': 'C', 'variantAllele': 'T', 'proteinChange': 'R248C', 'mutationType': 'Missense_Mutation', 'ncbiBuild': 'GRCh37', 'variantType': 'SNP', 'refseqMrnaId': 'NA', 'proteinPosStart': 248, 'proteinPosEnd': 248, 'keyword': 'FGFR3 R248 missense'}]",True,True,MUT,MUT_any,R248C,R248C,0.65,13.0,7.0,22759.0,True,,60.0,55.0,Male,Stage II,Low Grade,,TCGA-CF-A47Y-01Z-00-DX1.1D4B8964-E7AB-4C6F-80AC-AF84B80B80C2.svs
TCGA-CF-A5U8-01A-01-TSA.CB3B5182-B41C-4499-9769-1720760C914C,data/TCGA-CF-A5U8-01A-01-TSA.CB3B5182-B41C-4499-9769-1720760C914C,TCGA-CF-A5U8-01,TCGA-CF-A5U8,"[{'uniqueSampleKey': 'VENHQS1DRi1BNVU4LTAxOmJsY2FfdGNnYV9wYW5fY2FuX2F0bGFzXzIwMTg', 'uniquePatientKey': 'VENHQS1DRi1BNVU4OmJsY2FfdGNnYV9wYW5fY2FuX2F0bGFzXzIwMTg', 'molecularProfileId': 'blca_tcga_pan_can_atlas_2018_mutations', 'sampleId': 'TCGA-CF-A5U8-01', 'patientId': 'TCGA-CF-A5U8', 'entrezGeneId': 2261, 'gene': {'entrezGeneId': 2261, 'hugoGeneSymbol': 'FGFR3', 'type': 'protein-coding'}, 'studyId': 'blca_tcga_pan_can_atlas_2018', 'center': '.', 'mutationStatus': '.', 'validationStatus': '.', 'tumorAltCount': 126, 'tumorRefCount': 153, 'normalRefCount': 415, 'chr': '4', 'startPosition': 1806089, 'endPosition': 1806089, 'referenceAllele': 'G', 'variantAllele': 'T', 'proteinChange': 'G370C', 'mutationType': 'Missense_Mutation', 'ncbiBuild': 'GRCh37', 'variantType': 'SNP', 'refseqMrnaId': 'NA', 'proteinPosStart': 370, 'proteinPosEnd': 370, 'keyword': 'FGFR3 G370 missense'}]",1,"[{'uniqueSampleKey': 'VENHQS1DRi1BNVU4LTAxOmJsY2FfdGNnYV9wYW5fY2FuX2F0bGFzXzIwMTg', 'uniquePatientKey': 'VENHQS1DRi1BNVU4OmJsY2FfdGNnYV9wYW5fY2FuX2F0bGFzXzIwMTg', 'molecularProfileId': 'blca_tcga_pan_can_atlas_2018_mutations', 'sampleId': 'TCGA-CF-A5U8-01', 'patientId': 'TCGA-CF-A5U8', 'entrezGeneId': 2261, 'gene': {'entrezGeneId': 2261, 'hugoGeneSymbol': 'FGFR3', 'type': 'protein-coding'}, 'studyId': 'blca_tcga_pan_can_atlas_2018', 'center': '.', 'mutationStatus': '.', 'validationStatus': '.', 'tumorAltCount': 126, 'tumorRefCount': 153, 'normalRefCount': 415, 'chr': '4', 'startPosition': 1806089, 'endPosition': 1806089, 'referenceAllele': 'G', 'variantAllele': 'T', 'proteinChange': 'G370C', 'mutationType': 'Missense_Mutation', 'ncbiBuild': 'GRCh37', 'variantType': 'SNP', 'refseqMrnaId': 'NA', 'proteinPosStart': 370, 'proteinPosEnd': 370, 'keyword': 'FGFR3 G370 missense'}]",True,True,MUT,MUT_any,G370C/G372C,G370C,0.45161290322580644,126.0,153.0,12326.1,True,,46.0,,,,Low Grade,,TCGA-CF-A5U8-01A-01-TSA.CB3B5182-B41C-4499-9769-1720760C914C.svs
TCGA-CF-A5U8-01Z-00-DX1.D0385BD3-3128-41C6-889D-4EC916B2B228,data/TCGA-CF-A5U8-01Z-00-DX1.D0385BD3-3128-41C6-889D-4EC916B2B228,TCGA-CF-A5U8-01,TCGA-CF-A5U8,"[{'uniqueSampleKey': 'VENHQS1DRi1BNVU4LTAxOmJsY2FfdGNnYV9wYW5fY2FuX2F0bGFzXzIwMTg', 'uniquePatientKey': 'VENHQS1DRi1BNVU4OmJsY2FfdGNnYV9wYW5fY2FuX2F0bGFzXzIwMTg', 'molecularProfileId': 'blca_tcga_pan_can_atlas_2018_mutations', 'sampleId': 'TCGA-CF-A5U8-01', 'patientId': 'TCGA-CF-A5U8', 'entrezGeneId': 2261, 'gene': {'entrezGeneId': 2261, 'hugoGeneSymbol': 'FGFR3', 'type': 'protein-coding'}, 'studyId': 'blca_tcga_pan_can_atlas_2018', 'center': '.', 'mutationStatus': '.', 'validationStatus': '.', 'tumorAltCount': 126, 'tumorRefCount': 153, 'normalRefCount': 415, 'chr': '4', 'startPosition': 1806089, 'endPosition': 1806089, 'referenceAllele': 'G', 'variantAllele': 'T', 'proteinChange': 'G370C', 'mutationType': 'Missense_Mutation', 'ncbiBuild': 'GRCh37', 'variantType': 'SNP', 'refseqMrnaId': 'NA', 'proteinPosStart': 370, 'proteinPosEnd': 370, 'keyword': 'FGFR3 G370 missense'}]",1,"[{'uniqueSampleKey': 'VENHQS1DRi1BNVU4LTAxOmJsY2FfdGNnYV9wYW5fY2FuX2F0bGFzXzIwMTg', 'uniquePatientKey': 'VENHQS1DRi1BNVU4OmJsY2FfdGNnYV9wYW5fY2FuX2F0bGFzXzIwMTg', 'molecularProfileId': 'blca_tcga_pan_can_atlas_2018_mutations', 'sampleId': 'TCGA-CF-A5U8-01', 'patientId': 'TCGA-CF-A5U8', 'entrezGeneId': 2261, 'gene': {'entrezGeneId': 2261, 'hugoGeneSymbol': 'FGFR3', 'type': 'protein-coding'}, 'studyId': 'blca_tcga_pan_can_atlas_2018', 'center': '.', 'mutationStatus': '.', 'validationStatus': '.', 'tumorAltCount': 126, 'tumorRefCount': 153, 'normalRefCount': 415, 'chr': '4', 'startPosition': 1806089, 'endPosition': 1806089, 'referenceAllele': 'G', 'variantAllele': 'T', 'proteinChange': 'G370C', 'mutationType': 'Missense_Mutation', 'ncbiBuild': 'GRCh37', 'variantType': 'SNP', 'refseqMrnaId': 'NA', 'proteinPosStart': 370, 'proteinPosEnd': 370, 'keyword': 'FGFR3 G370 missense'}]",True,True,MUT,MUT_any,G370C/G372C,G370C,0.45161290322580644,126.0,153.0,12326.1,True,,46.0,59.0,Male,Stage II,Low Grade,,TCGA-CF-A5U8-01Z-00-DX1.D0385BD3-3128-41C6-889D-4EC916B2B228.svs
TCGA-CF-A7I0-01A-02-TS2.45507815-841D-45ED-BB49-16BE4AA106CD,data/TCGA-CF-A7I0-01A-02-TS2.45507815-841D-45ED-BB49-16BE4AA106CD,TCGA-CF-A7I0-01,TCGA-CF-A7I0,"[{'uniqueSampleKey': 'VENHQS1DRi1BN0kwLTAxOmJsY2FfdGNnYV9wYW5fY2FuX2F0bGFzXzIwMTg', 'uniquePatientKey': 'VENHQS1DRi1BN0kwOmJsY2FfdGNnYV9wYW5fY2FuX2F0bGFzXzIwMTg', 'molecularProfileId': 'blca_tcga_pan_can_atlas_2018_mutations', 'sampleId': 'TCGA-CF-A7I0-01', 'patientId': 'TCGA-CF-A7I0', 'entrezGeneId': 2261, 'gene': {'entrezGeneId': 2261, 'hugoGeneSymbol': 'FGFR3', 'type': 'protein-coding'}, 'studyId': 'blca_tcga_pan_can_atlas_2018', 'center': '.', 'mutationStatus': '.', 'validationStatus': '.', 'tumorAltCount': 10, 'tumorRefCount': 17, 'normalRefCount': 22, 'chr': '4', 'startPosition': 1803568, 'endPosition': 1803568, 'referenceAllele': 'C', 'variantAllele': 'G', 'proteinChange': 'S249C', 'mutationType': 'Missense_Mutation', 'ncbiBuild': 'GRCh37', 'variantType': 'SNP', 'refseqMrnaId': 'NA', 'proteinPosStart': 249, 'proteinPosEnd': 249, 'keyword': 'FGFR3 S249 missense'}]",1,"[{'uniqueSampleKey': 'VENHQS1DRi1BN0kwLTAxOmJsY2FfdGNnYV9wYW5fY2FuX2F0bGFzXzIwMTg', 'uniquePatientKey': 'VENHQS1DRi1BN0kwOmJsY2FfdGNnYV9wYW5fY2FuX2F0bGFzXzIwMTg', 'molecularProfileId': 'blca_tcga_pan_can_atlas_2018_mutations', 'sampleId': 'TCGA-CF-A7I0-01', 'patientId': 'TCGA-CF-A7I0', 'entrezGeneId': 2261, 'gene': {'entrezGeneId': 2261, 'hugoGeneSymbol': 'FGFR3', 'type': 'protein-coding'}, 'studyId': 'blca_tcga_pan_can_atlas_2018', 'center': '.', 'mutationStatus': '.', 'validationStatus': '.', 'tumorAltCount': 10, 'tumorRefCount': 17, 'normalRefCount': 22, 'chr': '4', 'startPosition': 1803568, 'endPosition': 1803568, 'referenceAllele': 'C', 'variantAllele': 'G', 'proteinChange': 'S249C', 'mutationType': 'Missense_Mutation', 'ncbiBuild': 'GRCh37', 'variantType': 'SNP', 'refseqMrnaId': 'NA', 'proteinPosStart': 249, 'proteinPosEnd': 249, 'keyword': 'FGFR3 S249 missense'}]",True,True,MUT,MUT_any,S249C,S249C,0.37037037037037035,10.0,17.0,15017.8,True,,37.0,,,,Low Grade,,TCGA-CF-A7I0-01A-02-TS2.45507815-841D-45ED-BB49-16BE4AA106CD.svs
TCGA-CF-A7I0-01Z-00-DX1.9920A024-B523-4CB6-992F-0BD80D9E11C9,data/TCGA-CF-A7I0-01Z-00-DX1.9920A024-B523-4CB6-992F-0BD80D9E11C9,TCGA-CF-A7I0-01,TCGA-CF-A7I0,"[{'uniqueSampleKey': 'VENHQS1DRi1BN0kwLTAxOmJsY2FfdGNnYV9wYW5fY2FuX2F0bGFzXzIwMTg', 'uniquePatientKey': 'VENHQS1DRi1BN0kwOmJsY2FfdGNnYV9wYW5fY2FuX2F0bGFzXzIwMTg', 'molecularProfileId': 'blca_tcga_pan_can_atlas_2018_mutations', 'sampleId': 'TCGA-CF-A7I0-01', 'patientId': 'TCGA-CF-A7I0', 'entrezGeneId': 2261, 'gene': {'entrezGeneId': 2261, 'hugoGeneSymbol': 'FGFR3', 'type': 'protein-coding'}, 'studyId': 'blca_tcga_pan_can_atlas_2018', 'center': '.', 'mutationStatus': '.', 'validationStatus': '.', 'tumorAltCount': 10, 'tumorRefCount': 17, 'normalRefCount': 22, 'chr': '4', 'startPosition': 1803568, 'endPosition': 1803568, 'referenceAllele': 'C', 'variantAllele': 'G', 'proteinChange': 'S249C', 'mutationType': 'Missense_Mutation', 'ncbiBuild': 'GRCh37', 'variantType': 'SNP', 'refseqMrnaId': 'NA', 'proteinPosStart': 249, 'proteinPosEnd': 249, 'keyword': 'FGFR3 S249 missense'}]",1,"[{'uniqueSampleKey': 'VENHQS1DRi1BN0kwLTAxOmJsY2FfdGNnYV9wYW5fY2FuX2F0bGFzXzIwMTg', 'uniquePatientKey': 'VENHQS1DRi1BN0kwOmJsY2FfdGNnYV9wYW5fY2FuX2F0bGFzXzIwMTg', 'molecularProfileId': 'blca_tcga_pan_can_atlas_2018_mutations', 'sampleId': 'TCGA-CF-A7I0-01', 'patientId': 'TCGA-CF-A7I0', 'entrezGeneId': 2261, 'gene': {'entrezGeneId': 2261, 'hugoGeneSymbol': 'FGFR3', 'type': 'protein-coding'}, 'studyId': 'blca_tcga_pan_can_atlas_2018', 'center': '.', 'mutationStatus': '.', 'validationStatus': '.', 'tumorAltCount': 10, 'tumorRefCount': 17, 'normalRefCount': 22, 'chr': '4', 'startPosition': 1803568, 'endPosition': 1803568, 'referenceAllele': 'C', 'variantAllele': 'G', 'proteinChange': 'S249C', 'mutationType': 'Missense_Mutation', 'ncbiBuild': 'GRCh37', 'variantType': 'SNP', 'refseqMrnaId': 'NA', 'proteinPosStart': 249, 'proteinPosEnd': 249, 'keyword': 'FGFR3 S249 missense'}]",True,True,MUT,MUT_any,S249C,S249C,0.37037037037037035,10.0,17.0,15017.8,True,,37.0,54.0,Male,Stage II,Low Grade,,TCGA-CF-A7I0-01Z-00-DX1.9920A024-B523-4CB6-992F-0BD80D9E11C9.svs
TCGA-CF-A8HX-01A-01-TS1.E7B00B91-4488-4EC3-A03D-64DCCD5665FD,data/TCGA-CF-A8HX-01A-01-TS1.E7B00B91-4488-4EC3-A03D-64DCCD5665FD,TCGA-CF-A8HX-01,TCGA-CF-A8HX,[],0,[],False,False,WT,WT_any,,,,,,15041.5,True,,52.0,,,,High Grade,,TCGA-CF-A8HX-01A-01-TS1.E7B00B91-4488-4EC3-A03D-64DCCD5665FD.svs
TCGA-CF-A8HX-01Z-00-DX1.92B22756-3D98-4DE6-A077-36C9F1AF1EC2,data/TCGA-CF-A8HX-01Z-00-DX1.92B22756-3D98-4DE6-A077-36C9F1AF1EC2,TCGA-CF-A8HX-01,TCGA-CF-A8HX,[],0,[],False,False,WT,WT_any,,,,,,15041.5,True,,52.0,,,,High Grade,,TCGA-CF-A8HX-01Z-00-DX1.92B22756-3D98-4DE6-A077-36C9F1AF1EC2.svs
TCGA-CF-A8HY-01A-01-TSA.3899AA69-CCD2-4710-B964-AF71D602AB1C,data/TCGA-CF-A8HY-01A-01-TSA.3899AA69-CCD2-4710-B964-AF71D602AB1C,TCGA-CF-A8HY-01,TCGA-CF-A8HY,[],0,[],False,False,WT,WT_any,,,,,,7456.03,True,,89.0,59.0,Male,Stage II,High Grade,,TCGA-CF-A8HY-01A-01-TSA.3899AA69-CCD2-4710-B964-AF71D602AB1C.svs
TCGA-CF-A8HY-01Z-00-DX1.53F599FE-3A6D-4BAC-92B2-CBE3F183BB71,data/TCGA-CF-A8HY-01Z-00-DX1.53F599FE-3A6D-4BAC-92B2-CBE3F183BB71,TCGA-CF-A8HY-01,TCGA-CF-A8HY,[],0,[],False,False,WT,WT_any,,,,,,7456.03,True,,89.0,59.0,Male,Stage II,High Grade,,TCGA-CF-A8HY-01Z-00-DX1.53F599FE-3A6D-4BAC-92B2-CBE3F183BB71.svs
TCGA-CF-A9FF-01A-01-TSA.FAF0C1A6-C70A-49BC-A7B9-42264FF3BCE4,data/TCGA-CF-A9FF-01A-01-TSA.FAF0C1A6-C70A-49BC-A7B9-42264FF3BCE4,TCGA-CF-A9FF-01,TCGA-CF-A9FF,"[{'uniqueSampleKey': 'VENHQS1DRi1BOUZGLTAxOmJsY2FfdGNnYV9wYW5fY2FuX2F0bGFzXzIwMTg', 'uniquePatientKey': 'VENHQS1DRi1BOUZGOmJsY2FfdGNnYV9wYW5fY2FuX2F0bGFzXzIwMTg', 'molecularProfileId': 'blca_tcga_pan_can_atlas_2018_mutations', 'sampleId': 'TCGA-CF-A9FF-01', 'patientId': 'TCGA-CF-A9FF', 'entrezGeneId': 2261, 'gene': {'entrezGeneId': 2261, 'hugoGeneSymbol': 'FGFR3', 'type': 'protein-coding'}, 'studyId': 'blca_tcga_pan_can_atlas_2018', 'center': '.', 'mutationStatus': '.', 'validationStatus': '.', 'tumorAltCount': 18, 'tumorRefCount': 19, 'normalRefCount': 22, 'chr': '4', 'startPosition': 1803568, 'endPosition': 1803568, 'referenceAllele': 'C', 'variantAllele': 'G', 'proteinChange': 'S249C', 'mutationType': 'Missense_Mutation', 'ncbiBuild': 'GRCh37', 'variantType': 'SNP', 'refseqMrnaId': 'NA', 'proteinPosStart': 249, 'proteinPosEnd': 249, 'keyword': 'FGFR3 S249 missense'}]",1,"[{'uniqueSampleKey': 'VENHQS1DRi1BOUZGLTAxOmJsY2FfdGNnYV9wYW5fY2FuX2F0bGFzXzIwMTg', 'uniquePatientKey': 'VENHQS1DRi1BOUZGOmJsY2FfdGNnYV9wYW5fY2FuX2F0bGFzXzIwMTg', 'molecularProfileId': 'blca_tcga_pan_can_atlas_2018_mutations', 'sampleId': 'TCGA-CF-A9FF-01', 'patientId': 'TCGA-CF-A9FF', 'entrezGeneId': 2261, 'gene': {'entrezGeneId': 2261, 'hugoGeneSymbol': 'FGFR3', 'type': 'protein-coding'}, 'studyId': 'blca_tcga_pan_can_atlas_2018', 'center': '.', 'mutationStatus': '.', 'validationStatus': '.', 'tumorAltCount': 18, 'tumorRefCount': 19, 'normalRefCount': 22, 'chr': '4', 'startPosition': 1803568, 'endPosition': 1803568, 'referenceAllele': 'C', 'variantAllele': 'G', 'proteinChange': 'S249C', 'mutationType': 'Missense_Mutation', 'ncbiBuild': 'GRCh37', 'variantType': 'SNP', 'refseqMrnaId': 'NA', 'proteinPosStart': 249, 'proteinPosEnd': 249, 'keyword': 'FGFR3 S249 missense'}]",True,True,MUT,MUT_any,S249C,S249C,0.4864864864864865,18.0,19.0,8966.58,True,,132.0,52.0,Male,Stage II,High Grade,,TCGA-CF-A9FF-01A-01-TSA.FAF0C1A6-C70A-49BC-A7B9-42264FF3BCE4.svs
TCGA-CF-A9FF-01Z-00-DX1.69267287-0015-4BC2-A965-CEE9D0CFC5AA,data/TCGA-CF-A9FF-01Z-00-DX1.69267287-0015-4BC2-A965-CEE9D0CFC5AA,TCGA-CF-A9FF-01,TCGA-CF-A9FF,"[{'uniqueSampleKey': 'VENHQS1DRi1BOUZGLTAxOmJsY2FfdGNnYV9wYW5fY2FuX2F0bGFzXzIwMTg', 'uniquePatientKey': 'VENHQS1DRi1BOUZGOmJsY2FfdGNnYV9wYW5fY2FuX2F0bGFzXzIwMTg', 'molecularProfileId': 'blca_tcga_pan_can_atlas_2018_mutations', 'sampleId': 'TCGA-CF-A9FF-01', 'patientId': 'TCGA-CF-A9FF', 'entrezGeneId': 2261, 'gene': {'entrezGeneId': 2261, 'hugoGeneSymbol': 'FGFR3', 'type': 'protein-coding'}, 'studyId': 'blca_tcga_pan_can_atlas_2018', 'center': '.', 'mutationStatus': '.', 'validationStatus': '.', 'tumorAltCount': 18, 'tumorRefCount': 19, 'normalRefCount': 22, 'chr': '4', 'startPosition': 1803568, 'endPosition': 1803568, 'referenceAllele': 'C', 'variantAllele': 'G', 'proteinChange': 'S249C', 'mutationType': 'Missense_Mutation', 'ncbiBuild': 'GRCh37', 'variantType': 'SNP', 'refseqMrnaId': 'NA', 'proteinPosStart': 249, 'proteinPosEnd': 249, 'keyword': 'FGFR3 S249 missense'}]",1,"[{'uniqueSampleKey': 'VENHQS1DRi1BOUZGLTAxOmJsY2FfdGNnYV9wYW5fY2FuX2F0bGFzXzIwMTg', 'uniquePatientKey': 'VENHQS1DRi1BOUZGOmJsY2FfdGNnYV9wYW5fY2FuX2F0bGFzXzIwMTg', 'molecularProfileId': 'blca_tcga_pan_can_atlas_2018_mutations', 'sampleId': 'TCGA-CF-A9FF-01', 'patientId': 'TCGA-CF-A9FF', 'entrezGeneId': 2261, 'gene': {'entrezGeneId': 2261, 'hugoGeneSymbol': 'FGFR3', 'type': 'protein-coding'}, 'studyId': 'blca_tcga_pan_can_atlas_2018', 'center': '.', 'mutationStatus': '.', 'validationStatus': '.', 'tumorAltCount': 18, 'tumorRefCount': 19, 'normalRefCount': 22, 'chr': '4', 'startPosition': 1803568, 'endPosition': 1803568, 'referenceAllele': 'C', 'variantAllele': 'G', 'proteinChange': 'S249C', 'mutationType': 'Missense_Mutation', 'ncbiBuild': 'GRCh37', 'variantType': 'SNP', 'refseqMrnaId': 'NA', 'proteinPosStart': 249, 'proteinPosEnd': 249, 'keyword': 'FGFR3 S249 missense'}]",True,True,MUT,MUT_any,S249C,S249C,0.4864864864864865,18.0,19.0,8966.58,True,,132.0,52.0,Male,Stage II,High Grade,,TCGA-CF-A9FF-01Z-00-DX1.69267287-0015-4BC2-A965-CEE9D0CFC5AA.svs
TCGA-CF-A9FL-01A-01-TSA.3735FA9C-C590-4983-BFF5-C1FFC979352D,data/TCGA-CF-A9FL-01A-01-TSA.3735FA9C-C590-4983-BFF5-C1FFC979352D,TCGA-CF-A9FL-01,TCGA-CF-A9FL,[],0,[],False,False,WT,WT_any,,,,,,69707.4,True,,58.0,85.0,Male,Stage III,High Grade,,TCGA-CF-A9FL-01A-01-TSA.3735FA9C-C590-4983-BFF5-C1FFC979352D.svs
TCGA-CF-A9FL-01Z-00-DX1.711B523B-E033-41ED-AE06-6233C89DCC57,data/TCGA-CF-A9FL-01Z-00-DX1.711B523B-E033-41ED-AE06-6233C89DCC57,TCGA-CF-A9FL-01,TCGA-CF-A9FL,[],0,[],False,False,WT,WT_any,,,,,,69707.4,True,,58.0,85.0,Male,Stage III,High Grade,,TCGA-CF-A9FL-01Z-00-DX1.711B523B-E033-41ED-AE06-6233C89DCC57.svs
TCGA-CF-A9FM-01A-01-TSA.A8A47050-75B5-42BE-ABF0-70AAA85EA88C,data/TCGA-CF-A9FM-01A-01-TSA.A8A47050-75B5-42BE-ABF0-70AAA85EA88C,TCGA-CF-A9FM-01,TCGA-CF-A9FM,"[{'uniqueSampleKey': 'VENHQS1DRi1BOUZNLTAxOmJsY2FfdGNnYV9wYW5fY2FuX2F0bGFzXzIwMTg', 'uniquePatientKey': 'VENHQS1DRi1BOUZNOmJsY2FfdGNnYV9wYW5fY2FuX2F0bGFzXzIwMTg', 'molecularProfileId': 'blca_tcga_pan_can_atlas_2018_mutations', 'sampleId': 'TCGA-CF-A9FM-01', 'patientId': 'TCGA-CF-A9FM', 'entrezGeneId': 2261, 'gene': {'entrezGeneId': 2261, 'hugoGeneSymbol': 'FGFR3', 'type': 'protein-coding'}, 'studyId': 'blca_tcga_pan_can_atlas_2018', 'center': '.', 'mutationStatus': '.', 'validationStatus': '.', 'tumorAltCount': 12, 'tumorRefCount': 13, 'normalRefCount': 24, 'chr': '4', 'startPosition': 1803568, 'endPosition': 1803568, 'referenceAllele': 'C', 'variantAllele': 'G', 'proteinChange': 'S249C', 'mutationType': 'Missense_Mutation', 'ncbiBuild': 'GRCh37', 'variantType': 'SNP', 'refseqMrnaId': 'NA', 'proteinPosStart': 249, 'proteinPosEnd': 249, 'keyword': 'FGFR3 S249 missense'}]",1,"[{'uniqueSampleKey': 'VENHQS1DRi1BOUZNLTAxOmJsY2FfdGNnYV9wYW5fY2FuX2F0bGFzXzIwMTg', 'uniquePatientKey': 'VENHQS1DRi1BOUZNOmJsY2FfdGNnYV9wYW5fY2FuX2F0bGFzXzIwMTg', 'molecularProfileId': 'blca_tcga_pan_can_atlas_2018_mutations', 'sampleId': 'TCGA-CF-A9FM-01', 'patientId': 'TCGA-CF-A9FM', 'entrezGeneId': 2261, 'gene': {'entrezGeneId': 2261, 'hugoGeneSymbol': 'FGFR3', 'type': 'protein-coding'}, 'studyId': 'blca_tcga_pan_can_atlas_2018', 'center': '.', 'mutationStatus': '.', 'validationStatus': '.', 'tumorAltCount': 12, 'tumorRefCount': 13, 'normalRefCount': 24, 'chr': '4', 'startPosition': 1803568, 'endPosition': 1803568, 'referenceAllele': 'C', 'variantAllele': 'G', 'proteinChange': 'S249C', 'mutationType': 'Missense_Mutation', 'ncbiBuild': 'GRCh37', 'variantType': 'SNP', 'refseqMrnaId': 'NA', 'proteinPosStart': 249, 'proteinPosEnd': 249, 'keyword': 'FGFR3 S249 missense'}]",True,True,MUT,MUT_any,S249C,S249C,0.48,12.0,13.0,14770.7,True,,21.0,50.0,Male,Stage I,High Grade,,TCGA-CF-A9FM-01A-01-TSA.A8A47050-75B5-42BE-ABF0-70AAA85EA88C.svs
TCGA-CF-A9FM-01Z-00-DX1.F9379708-8E04-435E-BF12-8E3222AE728D,data/TCGA-CF-A9FM-01Z-00-DX1.F9379708-8E04-435E-BF12-8E3222AE728D,TCGA-CF-A9FM-01,TCGA-CF-A9FM,"[{'uniqueSampleKey': 'VENHQS1DRi1BOUZNLTAxOmJsY2FfdGNnYV9wYW5fY2FuX2F0bGFzXzIwMTg', 'uniquePatientKey': 'VENHQS1DRi1BOUZNOmJsY2FfdGNnYV9wYW5fY2FuX2F0bGFzXzIwMTg', 'molecularProfileId': 'blca_tcga_pan_can_atlas_2018_mutations', 'sampleId': 'TCGA-CF-A9FM-01', 'patientId': 'TCGA-CF-A9FM', 'entrezGeneId': 2261, 'gene': {'entrezGeneId': 2261, 'hugoGeneSymbol': 'FGFR3', 'type': 'protein-coding'}, 'studyId': 'blca_tcga_pan_can_atlas_2018', 'center': '.', 'mutationStatus': '.', 'validationStatus': '.', 'tumorAltCount': 12, 'tumorRefCount': 13, 'normalRefCount': 24, 'chr': '4', 'startPosition': 1803568, 'endPosition': 1803568, 'referenceAllele': 'C', 'variantAllele': 'G', 'proteinChange': 'S249C', 'mutationType': 'Missense_Mutation', 'ncbiBuild': 'GRCh37', 'variantType': 'SNP', 'refseqMrnaId': 'NA', 'proteinPosStart': 249, 'proteinPosEnd': 249, 'keyword': 'FGFR3 S249 missense'}]",1,"[{'uniqueSampleKey': 'VENHQS1DRi1BOUZNLTAxOmJsY2FfdGNnYV9wYW5fY2FuX2F0bGFzXzIwMTg', 'uniquePatientKey': 'VENHQS1DRi1BOUZNOmJsY2FfdGNnYV9wYW5fY2FuX2F0bGFzXzIwMTg', 'molecularProfileId': 'blca_tcga_pan_can_atlas_2018_mutations', 'sampleId': 'TCGA-CF-A9FM-01', 'patientId': 'TCGA-CF-A9FM', 'entrezGeneId': 2261, 'gene': {'entrezGeneId': 2261, 'hugoGeneSymbol': 'FGFR3', 'type': 'protein-coding'}, 'studyId': 'blca_tcga_pan_can_atlas_2018', 'center': '.', 'mutationStatus': '.', 'validationStatus': '.', 'tumorAltCount': 12, 'tumorRefCount': 13, 'normalRefCount': 24, 'chr': '4', 'startPosition': 1803568, 'endPosition': 1803568, 'referenceAllele': 'C', 'variantAllele': 'G', 'proteinChange': 'S249C', 'mutationType': 'Missense_Mutation', 'ncbiBuild': 'GRCh37', 'variantType': 'SNP', 'refseqMrnaId': 'NA', 'proteinPosStart': 249, 'proteinPosEnd': 249, 'keyword': 'FGFR3 S249 missense'}]",True,True,MUT,MUT_any,S249C,S249C,0.48,12.0,13.0,14770.7,True,,21.0,50.0,Male,Stage I,High Grade,,TCGA-CF-A9FM-01Z-00-DX1.F9379708-8E04-435E-BF12-8E3222AE728D.svs
TCGA-CU-A0YN-01A-02-BSB.3f747a70-289c-4dfb-a0f5-4547cdc26eda,data/TCGA-CU-A0YN-01A-02-BSB.3f747a70-289c-4dfb-a0f5-4547cdc26eda,TCGA-CU-A0YN-01,TCGA-CU-A0YN,[],0,[],False,False,WT,WT_any,,,,,,991.856,True,,145.0,60.0,Male,Stage III,High Grade,,TCGA-CU-A0YN-01A-02-BSB.3f747a70-289c-4dfb-a0f5-4547cdc26eda.svs
TCGA-CU-A0YN-01A-02-TSB.bdc4ba09-b77f-44a3-9d46-16c0ac07fda1,data/TCGA-CU-A0YN-01A-02-TSB.bdc4ba09-b77f-44a3-9d46-16c0ac07fda1,TCGA-CU-A0YN-01,TCGA-CU-A0YN,[],0,[],False,False,WT,WT_any,,,,,,991.856,True,,145.0,60.0,Male,Stage III,High Grade,,TCGA-CU-A0YN-01A-02-TSB.bdc4ba09-b77f-44a3-9d46-16c0ac07fda1.svs
TCGA-CU-A0YN-01Z-00-DX1.6C5EAAAF-8F14-49D3-8FFC-9BDAE56CAFD0,data/TCGA-CU-A0YN-01Z-00-DX1.6C5EAAAF-8F14-49D3-8FFC-9BDAE56CAFD0,TCGA-CU-A0YN-01,TCGA-CU-A0YN,[],0,[],False,False,WT,WT_any,,,,,,991.856,True,,145.0,60.0,Male,Stage III,High Grade,,TCGA-CU-A0YN-01Z-00-DX1.6C5EAAAF-8F14-49D3-8FFC-9BDAE56CAFD0.svs
TCGA-CU-A0YN-11A-01-TS1.68404c9c-0e8b-4519-8286-d4925bf2029f,data/TCGA-CU-A0YN-11A-01-TS1.68404c9c-0e8b-4519-8286-d4925bf2029f,TCGA-CU-A0YN-11,TCGA-CU-A0YN,[],0,[],False,False,WT,WT_any,,,,,,,False,,0.0,60.0,Male,Stage III,,,TCGA-CU-A0YN-11A-01-TS1.68404c9c-0e8b-4519-8286-d4925bf2029f.svs
TCGA-CU-A0YO-01A-01-BS1.741a8272-fc06-484a-85e3-3dad89add7b0,data/TCGA-CU-A0YO-01A-01-BS1.741a8272-fc06-484a-85e3-3dad89add7b0,TCGA-CU-A0YO-01,TCGA-CU-A0YO,[],0,[],False,False,WT,WT_any,,,,,,6219.63,True,,90.0,84.0,Male,Stage IV,High Grade,,TCGA-CU-A0YO-01A-01-BS1.741a8272-fc06-484a-85e3-3dad89add7b0.svs
TCGA-CU-A0YO-01A-01-TS1.6c571ef8-3f4a-48b7-abff-61a0985739a7,data/TCGA-CU-A0YO-01A-01-TS1.6c571ef8-3f4a-48b7-abff-61a0985739a7,TCGA-CU-A0YO-01,TCGA-CU-A0YO,[],0,[],False,False,WT,WT_any,,,,,,6219.63,True,,90.0,84.0,Male,Stage IV,High Grade,,TCGA-CU-A0YO-01A-01-TS1.6c571ef8-3f4a-48b7-abff-61a0985739a7.svs
TCGA-CU-A0YO-01Z-00-DX1.847097EC-2E17-44BA-9162-6AA298B7CAFD,data/TCGA-CU-A0YO-01Z-00-DX1.847097EC-2E17-44BA-9162-6AA298B7CAFD,TCGA-CU-A0YO-01,TCGA-CU-A0YO,[],0,[],False,False,WT,WT_any,,,,,,6219.63,True,,90.0,,,,High Grade,,TCGA-CU-A0YO-01Z-00-DX1.847097EC-2E17-44BA-9162-6AA298B7CAFD.svs
TCGA-CU-A0YR-01A-01-BS1.cd5d7ac1-8851-4716-b46b-064de826e254,data/TCGA-CU-A0YR-01A-01-BS1.cd5d7ac1-8851-4716-b46b-064de826e254,TCGA-CU-A0YR-01,TCGA-CU-A0YR,[],0,[],False,False,WT,WT_any,,,,,,4147.96,True,,140.0,83.0,Male,Stage IV,High Grade,,TCGA-CU-A0YR-01A-01-BS1.cd5d7ac1-8851-4716-b46b-064de826e254.svs
TCGA-CU-A0YR-01A-01-TS1.cb201822-eaeb-4c83-aa10-f1724a36ef32,data/TCGA-CU-A0YR-01A-01-TS1.cb201822-eaeb-4c83-aa10-f1724a36ef32,TCGA-CU-A0YR-01,TCGA-CU-A0YR,[],0,[],False,False,WT,WT_any,,,,,,4147.96,True,,140.0,,,,High Grade,,TCGA-CU-A0YR-01A-01-TS1.cb201822-eaeb-4c83-aa10-f1724a36ef32.svs
TCGA-CU-A0YR-01Z-00-DX1.B3690B2C-0B90-47D6-8709-D493A74E3F7B,data/TCGA-CU-A0YR-01Z-00-DX1.B3690B2C-0B90-47D6-8709-D493A74E3F7B,TCGA-CU-A0YR-01,TCGA-CU-A0YR,[],0,[],False,False,WT,WT_any,,,,,,4147.96,True,,140.0,,,,High Grade,,TCGA-CU-A0YR-01Z-00-DX1.B3690B2C-0B90-47D6-8709-D493A74E3F7B.svs
TCGA-CU-A0YR-11A-01-TS1.35ccad4f-e144-4781-b26c-90eb0f395e7e,data/TCGA-CU-A0YR-11A-01-TS1.35ccad4f-e144-4781-b26c-90eb0f395e7e,TCGA-CU-A0YR-11,TCGA-CU-A0YR,[],0,[],False,False,WT,WT_any,,,,,,,False,,0.0,83.0,Male,Stage IV,,,TCGA-CU-A0YR-11A-01-TS1.35ccad4f-e144-4781-b26c-90eb0f395e7e.svs
TCGA-CU-A3KJ-01A-01-TSA.073C82B1-AE75-4A24-B0DF-4EBC42C31EBC,data/TCGA-CU-A3KJ-01A-01-TSA.073C82B1-AE75-4A24-B0DF-4EBC42C31EBC,TCGA-CU-A3KJ-01,TCGA-CU-A3KJ,[],0,[],False,False,WT,WT_any,,,,,,179.816,True,,203.0,75.0,Male,Stage III,High Grade,,TCGA-CU-A3KJ-01A-01-TSA.073C82B1-AE75-4A24-B0DF-4EBC42C31EBC.svs
TCGA-CU-A3KJ-01Z-00-DX1.5E6E8B80-4059-4625-AED8-D049F4B63FF7,data/TCGA-CU-A3KJ-01Z-00-DX1.5E6E8B80-4059-4625-AED8-D049F4B63FF7,TCGA-CU-A3KJ-01,TCGA-CU-A3KJ,[],0,[],False,False,WT,WT_any,,,,,,179.816,True,,203.0,75.0,Male,Stage III,High Grade,,TCGA-CU-A3KJ-01Z-00-DX1.5E6E8B80-4059-4625-AED8-D049F4B63FF7.svs
TCGA-CU-A3YL-01A-01-TS1.F7DDC75F-0DD0-44E0-AAAA-582A847B038F,data/TCGA-CU-A3YL-01A-01-TS1.F7DDC75F-0DD0-44E0-AAAA-582A847B038F,TCGA-CU-A3YL-01,TCGA-CU-A3YL,[],0,[],False,False,WT,WT_any,,,,,,1317.67,True,,212.0,67.0,Male,Stage III,High Grade,,TCGA-CU-A3YL-01A-01-TS1.F7DDC75F-0DD0-44E0-AAAA-582A847B038F.svs
TCGA-CU-A3YL-01Z-00-DX1.813C9F59-869C-4B8E-B295-22F67AD83F37,data/TCGA-CU-A3YL-01Z-00-DX1.813C9F59-869C-4B8E-B295-22F67AD83F37,TCGA-CU-A3YL-01,TCGA-CU-A3YL,[],0,[],False,False,WT,WT_any,,,,,,1317.67,True,,212.0,67.0,Male,Stage III,High Grade,,TCGA-CU-A3YL-01Z-00-DX1.813C9F59-869C-4B8E-B295-22F67AD83F37.svs
TCGA-DK-A1A5-01A-01-TSA.566f48a1-36f9-4932-ad84-7b576a0442ab,data/TCGA-DK-A1A5-01A-01-TSA.566f48a1-36f9-4932-ad84-7b576a0442ab,TCGA-DK-A1A5-01,TCGA-DK-A1A5,[],0,[],False,False,WT,WT_any,,,,,,3318.5,True,,237.0,,,,High Grade,,TCGA-DK-A1A5-01A-01-TSA.566f48a1-36f9-4932-ad84-7b576a0442ab.svs
TCGA-DK-A1A5-01Z-00-DX1.463753DB-C4EA-4973-AF04-4BD0FF39C19D,data/TCGA-DK-A1A5-01Z-00-DX1.463753DB-C4EA-4973-AF04-4BD0FF39C19D,TCGA-DK-A1A5-01,TCGA-DK-A1A5,[],0,[],False,False,WT,WT_any,,,,,,3318.5,True,,237.0,,,,High Grade,,TCGA-DK-A1A5-01Z-00-DX1.463753DB-C4EA-4973-AF04-4BD0FF39C19D.svs
TCGA-DK-A1A7-01A-01-TS1.9919ce34-84bb-4e0a-ab3a-270528e5a20c,data/TCGA-DK-A1A7-01A-01-TS1.9919ce34-84bb-4e0a-ab3a-270528e5a20c,TCGA-DK-A1A7-01,TCGA-DK-A1A7,[],0,[],False,False,WT,WT_any,,,,,,4058.7,True,,216.0,,,,High Grade,,TCGA-DK-A1A7-01A-01-TS1.9919ce34-84bb-4e0a-ab3a-270528e5a20c.svs
TCGA-DK-A1A7-01Z-00-DX1.57B1442D-8862-447F-98D4-0D52F7B94E62,data/TCGA-DK-A1A7-01Z-00-DX1.57B1442D-8862-447F-98D4-0D52F7B94E62,TCGA-DK-A1A7-01,TCGA-DK-A1A7,[],0,[],False,False,WT,WT_any,,,,,,4058.7,True,,216.0,67.0,Female,Stage IV,High Grade,,TCGA-DK-A1A7-01Z-00-DX1.57B1442D-8862-447F-98D4-0D52F7B94E62.svs
TCGA-DK-A1AA-01A-01-TSA.6fa88a79-42b9-4443-9a7d-f03711efa0d4,data/TCGA-DK-A1AA-01A-01-TSA.6fa88a79-42b9-4443-9a7d-f03711efa0d4,TCGA-DK-A1AA-01,TCGA-DK-A1AA,[],0,[],False,False,WT,WT_any,,,,,,12615.7,True,,76.0,,,,High Grade,,TCGA-DK-A1AA-01A-01-TSA.6fa88a79-42b9-4443-9a7d-f03711efa0d4.svs
TCGA-DK-A1AA-01Z-00-DX1.11F015AE-3B8A-4827-93E2-54F8563BE248,data/TCGA-DK-A1AA-01Z-00-DX1.11F015AE-3B8A-4827-93E2-54F8563BE248,TCGA-DK-A1AA-01,TCGA-DK-A1AA,[],0,[],False,False,WT,WT_any,,,,,,12615.7,True,,76.0,57.0,Male,Stage III,High Grade,,TCGA-DK-A1AA-01Z-00-DX1.11F015AE-3B8A-4827-93E2-54F8563BE248.svs
TCGA-DK-A1AC-01A-01-TSA.61c5ef15-d2d0-4091-b71a-edf8e6a38b03,data/TCGA-DK-A1AC-01A-01-TSA.61c5ef15-d2d0-4091-b71a-edf8e6a38b03,TCGA-DK-A1AC-01,TCGA-DK-A1AC,[],0,[],False,False,WT,WT_any,,,,,,17.8509,True,,1293.0,72.0,Male,Stage III,High Grade,,TCGA-DK-A1AC-01A-01-TSA.61c5ef15-d2d0-4091-b71a-edf8e6a38b03.svs
TCGA-DK-A1AC-01Z-00-DX1.6F484315-00FC-4D41-86E2-16200DC61A04,data/TCGA-DK-A1AC-01Z-00-DX1.6F484315-00FC-4D41-86E2-16200DC61A04,TCGA-DK-A1AC-01,TCGA-DK-A1AC,[],0,[],False,False,WT,WT_any,,,,,,17.8509,True,,1293.0,,,,High Grade,,TCGA-DK-A1AC-01Z-00-DX1.6F484315-00FC-4D41-86E2-16200DC61A04.svs
TCGA-DK-A1AD-01A-01-TSA.4450ce53-4e52-480f-9053-a594b71bd4cb,data/TCGA-DK-A1AD-01A-01-TSA.4450ce53-4e52-480f-9053-a594b71bd4cb,TCGA-DK-A1AD-01,TCGA-DK-A1AD,[],0,[],False,False,WT,WT_any,,,,,,4305.58,True,,222.0,69.0,Male,Stage IV,High Grade,,TCGA-DK-A1AD-01A-01-TSA.4450ce53-4e52-480f-9053-a594b71bd4cb.svs
TCGA-DK-A1AE-01A-01-TSA.2055a8d3-ac6f-4d9f-a0a4-42de261c514a,data/TCGA-DK-A1AE-01A-01-TSA.2055a8d3-ac6f-4d9f-a0a4-42de261c514a,TCGA-DK-A1AE-01,TCGA-DK-A1AE,[],0,[],False,False,WT,WT_any,,,,,,28956.3,True,,107.0,84.0,Male,Stage III,High Grade,,TCGA-DK-A1AE-01A-01-TSA.2055a8d3-ac6f-4d9f-a0a4-42de261c514a.svs
TCGA-DK-A1AE-01Z-00-DX1.85F1B791-E0CD-479F-9C2D-E411981E4471,data/TCGA-DK-A1AE-01Z-00-DX1.85F1B791-E0CD-479F-9C2D-E411981E4471,TCGA-DK-A1AE-01,TCGA-DK-A1AE,[],0,[],False,False,WT,WT_any,,,,,,28956.3,True,,107.0,,,,High Grade,,TCGA-DK-A1AE-01Z-00-DX1.85F1B791-E0CD-479F-9C2D-E411981E4471.svs
TCGA-DK-A2HX-01A-01-TSA.42631926-F1A6-4FEE-BC0C-4D85A1315984,data/TCGA-DK-A2HX-01A-01-TSA.42631926-F1A6-4FEE-BC0C-4D85A1315984,TCGA-DK-A2HX-01,TCGA-DK-A2HX,[],0,[],False,False,WT,WT_any,,,,,,21.9415,True,,99.0,80.0,Female,Stage IV,High Grade,,TCGA-DK-A2HX-01A-01-TSA.42631926-F1A6-4FEE-BC0C-4D85A1315984.svs
TCGA-DK-A2HX-01Z-00-DX1.F5D261DF-5A52-4BF6-B892-89B245809F7B,data/TCGA-DK-A2HX-01Z-00-DX1.F5D261DF-5A52-4BF6-B892-89B245809F7B,TCGA-DK-A2HX-01,TCGA-DK-A2HX,[],0,[],False,False,WT,WT_any,,,,,,21.9415,True,,99.0,80.0,Female,Stage IV,High Grade,,TCGA-DK-A2HX-01Z-00-DX1.F5D261DF-5A52-4BF6-B892-89B245809F7B.svs
TCGA-DK-A2I1-01A-01-TSA.66DB90DE-4972-42E7-91C9-CFC09E92A61D,data/TCGA-DK-A2I1-01A-01-TSA.66DB90DE-4972-42E7-91C9-CFC09E92A61D,TCGA-DK-A2I1-01,TCGA-DK-A2I1,[],0,[],False,False,WT,WT_any,,,,,,1155.01,True,,708.0,73.0,Female,Stage II,High Grade,,TCGA-DK-A2I1-01A-01-TSA.66DB90DE-4972-42E7-91C9-CFC09E92A61D.svs
TCGA-DK-A2I1-01Z-00-DX1.7EBA720C-60F8-4012-95D2-F4B10FB74A18,data/TCGA-DK-A2I1-01Z-00-DX1.7EBA720C-60F8-4012-95D2-F4B10FB74A18,TCGA-DK-A2I1-01,TCGA-DK-A2I1,[],0,[],False,False,WT,WT_any,,,,,,1155.01,True,,708.0,,,,High Grade,,TCGA-DK-A2I1-01Z-00-DX1.7EBA720C-60F8-4012-95D2-F4B10FB74A18.svs
TCGA-DK-A2I2-01A-01-TS1.7F324F83-57BF-4DC6-A16D-E20A6B428A11,data/TCGA-DK-A2I2-01A-01-TS1.7F324F83-57BF-4DC6-A16D-E20A6B428A11,TCGA-DK-A2I2-01,TCGA-DK-A2I2,[],0,[],False,False,WT,WT_any,,,,,,2040.04,True,,406.0,63.0,Female,Stage IV,High Grade,,TCGA-DK-A2I2-01A-01-TS1.7F324F83-57BF-4DC6-A16D-E20A6B428A11.svs
TCGA-DK-A2I2-01Z-00-DX1.FF39546E-EE64-4287-8CB5-585801A08519,data/TCGA-DK-A2I2-01Z-00-DX1.FF39546E-EE64-4287-8CB5-585801A08519,TCGA-DK-A2I2-01,TCGA-DK-A2I2,[],0,[],False,False,WT,WT_any,,,,,,2040.04,True,,406.0,63.0,Female,Stage IV,High Grade,,TCGA-DK-A2I2-01Z-00-DX1.FF39546E-EE64-4287-8CB5-585801A08519.svs
TCGA-DK-A2I4-01A-01-TSA.175DAC33-2B23-41A7-9EC9-1A42319998BB,data/TCGA-DK-A2I4-01A-01-TSA.175DAC33-2B23-41A7-9EC9-1A42319998BB,TCGA-DK-A2I4-01,TCGA-DK-A2I4,[],0,[],False,False,WT,WT_any,,,,,,11.1984,True,,799.0,79.0,Male,Stage III,High Grade,,TCGA-DK-A2I4-01A-01-TSA.175DAC33-2B23-41A7-9EC9-1A42319998BB.svs
TCGA-DK-A2I4-01Z-00-DX1.2DE79A2D-575E-4D5A-A6E3-89D551A5FA46,data/TCGA-DK-A2I4-01Z-00-DX1.2DE79A2D-575E-4D5A-A6E3-89D551A5FA46,TCGA-DK-A2I4-01,TCGA-DK-A2I4,[],0,[],False,False,WT,WT_any,,,,,,11.1984,True,,799.0,,,,High Grade,,TCGA-DK-A2I4-01Z-00-DX1.2DE79A2D-575E-4D5A-A6E3-89D551A5FA46.svs
TCGA-DK-A2I6-01A-01-TS1.56BE33F9-F83C-4B83-A1AE-633120CE6DE2,data/TCGA-DK-A2I6-01A-01-TS1.56BE33F9-F83C-4B83-A1AE-633120CE6DE2,TCGA-DK-A2I6-01,TCGA-DK-A2I6,[],0,[],False,False,WT,WT_any,,,,,,17.3136,True,,247.0,,,,High Grade,,TCGA-DK-A2I6-01A-01-TS1.56BE33F9-F83C-4B83-A1AE-633120CE6DE2.svs
TCGA-DK-A2I6-01Z-00-DX1.7BF86D3B-D4F7-47F9-B021-7FD6B673A238,data/TCGA-DK-A2I6-01Z-00-DX1.7BF86D3B-D4F7-47F9-B021-7FD6B673A238,TCGA-DK-A2I6-01,TCGA-DK-A2I6,[],0,[],False,False,WT,WT_any,,,,,,17.3136,True,,247.0,81.0,Male,Stage IV,High Grade,,TCGA-DK-A2I6-01Z-00-DX1.7BF86D3B-D4F7-47F9-B021-7FD6B673A238.svs
TCGA-DK-A3IK-01A-03-TSC.B04F78FD-0597-46FA-AD6A-9AE56BEC0D8D,data/TCGA-DK-A3IK-01A-03-TSC.B04F78FD-0597-46FA-AD6A-9AE56BEC0D8D,TCGA-DK-A3IK-01,TCGA-DK-A3IK,[],0,[],False,False,WT,WT_any,,,,,,13615.7,True,,195.0,,,,High Grade,,TCGA-DK-A3IK-01A-03-TSC.B04F78FD-0597-46FA-AD6A-9AE56BEC0D8D.svs
TCGA-DK-A3IK-01Z-00-DX1.2C3A7E93-113C-4321-94B1-7A228E4897F0,data/TCGA-DK-A3IK-01Z-00-DX1.2C3A7E93-113C-4321-94B1-7A228E4897F0,TCGA-DK-A3IK-01,TCGA-DK-A3IK,[],0,[],False,False,WT,WT_any,,,,,,13615.7,True,,195.0,,,,High Grade,,TCGA-DK-A3IK-01Z-00-DX1.2C3A7E93-113C-4321-94B1-7A228E4897F0.svs
TCGA-DK-A3IL-01A-01-TSA.119277B8-9772-4878-89A8-019C9DA151DA,data/TCGA-DK-A3IL-01A-01-TSA.119277B8-9772-4878-89A8-019C9DA151DA,TCGA-DK-A3IL-01,TCGA-DK-A3IL,[],0,[],False,False,WT,WT_any,,,,,,5021.81,True,,171.0,,,,High Grade,,TCGA-DK-A3IL-01A-01-TSA.119277B8-9772-4878-89A8-019C9DA151DA.svs
TCGA-DK-A3IL-01Z-00-DX1.B3F0006E-CB53-4475-9576-3411C835B25A,data/TCGA-DK-A3IL-01Z-00-DX1.B3F0006E-CB53-4475-9576-3411C835B25A,TCGA-DK-A3IL-01,TCGA-DK-A3IL,[],0,[],False,False,WT,WT_any,,,,,,5021.81,True,,171.0,,,,High Grade,,TCGA-DK-A3IL-01Z-00-DX1.B3F0006E-CB53-4475-9576-3411C835B25A.svs
TCGA-DK-A3IM-01A-01-TSA.CA555396-3388-42ED-8DE1-595A75CC7BF7,data/TCGA-DK-A3IM-01A-01-TSA.CA555396-3388-42ED-8DE1-595A75CC7BF7,TCGA-DK-A3IM-01,TCGA-DK-A3IM,[],0,[],False,False,WT,WT_any,,,,,,2232.11,True,,76.0,,,,High Grade,,TCGA-DK-A3IM-01A-01-TSA.CA555396-3388-42ED-8DE1-595A75CC7BF7.svs
TCGA-DK-A3IM-01Z-00-DX1.ED1A8B22-566E-4A95-AF6D-7C9E536BE2B7,data/TCGA-DK-A3IM-01Z-00-DX1.ED1A8B22-566E-4A95-AF6D-7C9E536BE2B7,TCGA-DK-A3IM-01,TCGA-DK-A3IM,[],0,[],False,False,WT,WT_any,,,,,,2232.11,True,,76.0,76.0,Male,Stage III,High Grade,,TCGA-DK-A3IM-01Z-00-DX1.ED1A8B22-566E-4A95-AF6D-7C9E536BE2B7.svs
TCGA-DK-A3IN-01A-01-TSA.3CA0DB0A-FA04-4749-942B-F02F06FB6F2F,data/TCGA-DK-A3IN-01A-01-TSA.3CA0DB0A-FA04-4749-942B-F02F06FB6F2F,TCGA-DK-A3IN-01,TCGA-DK-A3IN,[],0,[],False,False,WT,WT_any,,,,,,63.1776,True,,355.0,,,,High Grade,,TCGA-DK-A3IN-01A-01-TSA.3CA0DB0A-FA04-4749-942B-F02F06FB6F2F.svs
TCGA-DK-A3IN-01Z-00-DX1.2AB0F8FC-CC41-4277-A8AF-8AE709D98DA0,data/TCGA-DK-A3IN-01Z-00-DX1.2AB0F8FC-CC41-4277-A8AF-8AE709D98DA0,TCGA-DK-A3IN-01,TCGA-DK-A3IN,[],0,[],False,False,WT,WT_any,,,,,,63.1776,True,,355.0,72.0,Male,Stage III,High Grade,,TCGA-DK-A3IN-01Z-00-DX1.2AB0F8FC-CC41-4277-A8AF-8AE709D98DA0.svs
TCGA-DK-A3IQ-01A-03-TSC.54E0C00C-2D39-4256-ADC3-5C2F1088495C,data/TCGA-DK-A3IQ-01A-03-TSC.54E0C00C-2D39-4256-ADC3-5C2F1088495C,TCGA-DK-A3IQ-01,TCGA-DK-A3IQ,[],0,[],False,False,WT,WT_any,,,,,,1104.1,True,,168.0,74.0,Male,Stage III,High Grade,,TCGA-DK-A3IQ-01A-03-TSC.54E0C00C-2D39-4256-ADC3-5C2F1088495C.svs
TCGA-DK-A3IQ-01Z-00-DX1.D68A6FD8-6E48-4FC1-BAF3-B80D6198EFAE,data/TCGA-DK-A3IQ-01Z-00-DX1.D68A6FD8-6E48-4FC1-BAF3-B80D6198EFAE,TCGA-DK-A3IQ-01,TCGA-DK-A3IQ,[],0,[],False,False,WT,WT_any,,,,,,1104.1,True,,168.0,74.0,Male,Stage III,High Grade,,TCGA-DK-A3IQ-01Z-00-DX1.D68A6FD8-6E48-4FC1-BAF3-B80D6198EFAE.svs
TCGA-DK-A3IS-01A-02-TSB.B47EAC66-C51B-460D-B68D-AF36E72F6BBC,data/TCGA-DK-A3IS-01A-02-TSB.B47EAC66-C51B-460D-B68D-AF36E72F6BBC,TCGA-DK-A3IS-01,TCGA-DK-A3IS,"[{'uniqueSampleKey': 'VENHQS1ESy1BM0lTLTAxOmJsY2FfdGNnYV9wYW5fY2FuX2F0bGFzXzIwMTg', 'uniquePatientKey': 'VENHQS1ESy1BM0lTOmJsY2FfdGNnYV9wYW5fY2FuX2F0bGFzXzIwMTg', 'molecularProfileId': 'blca_tcga_pan_can_atlas_2018_mutations', 'sampleId': 'TCGA-DK-A3IS-01', 'patientId': 'TCGA-DK-A3IS', 'entrezGeneId': 2261, 'gene': {'entrezGeneId': 2261, 'hugoGeneSymbol': 'FGFR3', 'type': 'protein-coding'}, 'studyId': 'blca_tcga_pan_can_atlas_2018', 'center': '.', 'mutationStatus': '.', 'validationStatus': '.', 'tumorAltCount': 20, 'tumorRefCount': 349, 'normalRefCount': 90, 'chr': '4', 'startPosition': 1803395, 'endPosition': 1803395, 'referenceAllele': 'G', 'variantAllele': 'A', 'proteinChange': 'D222N', 'mutationType': 'Missense_Mutation', 'ncbiBuild': 'GRCh37', 'variantType': 'SNP', 'refseqMrnaId': 'NA', 'proteinPosStart': 222, 'proteinPosEnd': 222, 'keyword': 'FGFR3 D222 missense'}, {'uniqueSampleKey': 'VENHQS1ESy1BM0lTLTAxOmJsY2FfdGNnYV9wYW5fY2FuX2F0bGFzXzIwMTg', 'uniquePatientKey': 'VENHQS1ESy1BM0lTOmJsY2FfdGNnYV9wYW5fY2FuX2F0bGFzXzIwMTg', 'molecularProfileId': 'blca_tcga_pan_can_atlas_2018_mutations', 'sampleId': 'TCGA-DK-A3IS-01', 'patientId': 'TCGA-DK-A3IS', 'entrezGeneId': 2261, 'gene': {'entrezGeneId': 2261, 'hugoGeneSymbol': 'FGFR3', 'type': 'protein-coding'}, 'studyId': 'blca_tcga_pan_can_atlas_2018', 'center': '.', 'mutationStatus': '.', 'validationStatus': '.', 'tumorAltCount': 20, 'tumorRefCount': 335, 'normalRefCount': 80, 'chr': '4', 'startPosition': 1803377, 'endPosition': 1803377, 'referenceAllele': 'G', 'variantAllele': 'A', 'proteinChange': 'E216K', 'mutationType': 'Missense_Mutation', 'ncbiBuild': 'GRCh37', 'variantType': 'SNP', 'refseqMrnaId': 'NA', 'proteinPosStart': 216, 'proteinPosEnd': 216, 'keyword': 'FGFR3 E216 missense'}, {'uniqueSampleKey': 'VENHQS1ESy1BM0lTLTAxOmJsY2FfdGNnYV9wYW5fY2FuX2F0bGFzXzIwMTg', 'uniquePatientKey': 'VENHQS1ESy1BM0lTOmJsY2FfdGNnYV9wYW5fY2FuX2F0bGFzXzIwMTg', 'molecularProfileId': 'blca_tcga_pan_can_atlas_2018_mutations', 'sampleId': 'TCGA-DK-A3IS-01', 'patientId': 'TCGA-DK-A3IS', 'entrezGeneId': 2261, 'gene': {'entrezGeneId': 2261, 'hugoGeneSymbol': 'FGFR3', 'type': 'protein-coding'}, 'studyId': 'blca_tcga_pan_can_atlas_2018', 'center': '.', 'mutationStatus': '.', 'validationStatus': '.', 'tumorAltCount': 10, 'tumorRefCount': 314, 'normalRefCount': 64, 'chr': '4', 'startPosition': 1803435, 'endPosition': 1803435, 'referenceAllele': 'G', 'variantAllele': 'A', 'proteinChange': 'G235D', 'mutationType': 'Missense_Mutation', 'ncbiBuild': 'GRCh37', 'variantType': 'SNP', 'refseqMrnaId': 'NA', 'proteinPosStart': 235, 'proteinPosEnd': 235, 'keyword': 'FGFR3 G235 missense'}, {'uniqueSampleKey': 'VENHQS1ESy1BM0lTLTAxOmJsY2FfdGNnYV9wYW5fY2FuX2F0bGFzXzIwMTg', 'uniquePatientKey': 'VENHQS1ESy1BM0lTOmJsY2FfdGNnYV9wYW5fY2FuX2F0bGFzXzIwMTg', 'molecularProfileId': 'blca_tcga_pan_can_atlas_2018_mutations', 'sampleId': 'TCGA-DK-A3IS-01', 'patientId': 'TCGA-DK-A3IS', 'entrezGeneId': 2261, 'gene': {'entrezGeneId': 2261, 'hugoGeneSymbol': 'FGFR3', 'type': 'protein-coding'}, 'studyId': 'blca_tcga_pan_can_atlas_2018', 'center': '.', 'mutationStatus': '.', 'validationStatus': '.', 'tumorAltCount': 237, 'tumorRefCount': 226, 'normalRefCount': 43, 'chr': '4', 'startPosition': 1808937, 'endPosition': 1808937, 'referenceAllele': 'C', 'variantAllele': '-', 'proteinChange': 'H791Tfs*29', 'mutationType': 'Frame_Shift_Del', 'ncbiBuild': 'GRCh37', 'variantType': 'DEL', 'refseqMrnaId': 'NA', 'proteinPosStart': 790, 'proteinPosEnd': 791, 'keyword': 'FGFR3 truncating'}]",4,[],False,True,WT,MUT_any,D222N,D222N,,,,102923.0,True,,307.0,,,,High Grade,,TCGA-DK-A3IS-01A-02-TSB.B47EAC66-C51B-460D-B68D-AF36E72F6BBC.svs
TCGA-DK-A3IS-01Z-00-DX1.31CABE32-36D7-4920-BF5A-9C9D8B54320F,data/TCGA-DK-A3IS-01Z-00-DX1.31CABE32-36D7-4920-BF5A-9C9D8B54320F,TCGA-DK-A3IS-01,TCGA-DK-A3IS,"[{'uniqueSampleKey': 'VENHQS1ESy1BM0lTLTAxOmJsY2FfdGNnYV9wYW5fY2FuX2F0bGFzXzIwMTg', 'uniquePatientKey': 'VENHQS1ESy1BM0lTOmJsY2FfdGNnYV9wYW5fY2FuX2F0bGFzXzIwMTg', 'molecularProfileId': 'blca_tcga_pan_can_atlas_2018_mutations', 'sampleId': 'TCGA-DK-A3IS-01', 'patientId': 'TCGA-DK-A3IS', 'entrezGeneId': 2261, 'gene': {'entrezGeneId': 2261, 'hugoGeneSymbol': 'FGFR3', 'type': 'protein-coding'}, 'studyId': 'blca_tcga_pan_can_atlas_2018', 'center': '.', 'mutationStatus': '.', 'validationStatus': '.', 'tumorAltCount': 20, 'tumorRefCount': 349, 'normalRefCount': 90, 'chr': '4', 'startPosition': 1803395, 'endPosition': 1803395, 'referenceAllele': 'G', 'variantAllele': 'A', 'proteinChange': 'D222N', 'mutationType': 'Missense_Mutation', 'ncbiBuild': 'GRCh37', 'variantType': 'SNP', 'refseqMrnaId': 'NA', 'proteinPosStart': 222, 'proteinPosEnd': 222, 'keyword': 'FGFR3 D222 missense'}, {'uniqueSampleKey': 'VENHQS1ESy1BM0lTLTAxOmJsY2FfdGNnYV9wYW5fY2FuX2F0bGFzXzIwMTg', 'uniquePatientKey': 'VENHQS1ESy1BM0lTOmJsY2FfdGNnYV9wYW5fY2FuX2F0bGFzXzIwMTg', 'molecularProfileId': 'blca_tcga_pan_can_atlas_2018_mutations', 'sampleId': 'TCGA-DK-A3IS-01', 'patientId': 'TCGA-DK-A3IS', 'entrezGeneId': 2261, 'gene': {'entrezGeneId': 2261, 'hugoGeneSymbol': 'FGFR3', 'type': 'protein-coding'}, 'studyId': 'blca_tcga_pan_can_atlas_2018', 'center': '.', 'mutationStatus': '.', 'validationStatus': '.', 'tumorAltCount': 20, 'tumorRefCount': 335, 'normalRefCount': 80, 'chr': '4', 'startPosition': 1803377, 'endPosition': 1803377, 'referenceAllele': 'G', 'variantAllele': 'A', 'proteinChange': 'E216K', 'mutationType': 'Missense_Mutation', 'ncbiBuild': 'GRCh37', 'variantType': 'SNP', 'refseqMrnaId': 'NA', 'proteinPosStart': 216, 'proteinPosEnd': 216, 'keyword': 'FGFR3 E216 missense'}, {'uniqueSampleKey': 'VENHQS1ESy1BM0lTLTAxOmJsY2FfdGNnYV9wYW5fY2FuX2F0bGFzXzIwMTg', 'uniquePatientKey': 'VENHQS1ESy1BM0lTOmJsY2FfdGNnYV9wYW5fY2FuX2F0bGFzXzIwMTg', 'molecularProfileId': 'blca_tcga_pan_can_atlas_2018_mutations', 'sampleId': 'TCGA-DK-A3IS-01', 'patientId': 'TCGA-DK-A3IS', 'entrezGeneId': 2261, 'gene': {'entrezGeneId': 2261, 'hugoGeneSymbol': 'FGFR3', 'type': 'protein-coding'}, 'studyId': 'blca_tcga_pan_can_atlas_2018', 'center': '.', 'mutationStatus': '.', 'validationStatus': '.', 'tumorAltCount': 10, 'tumorRefCount': 314, 'normalRefCount': 64, 'chr': '4', 'startPosition': 1803435, 'endPosition': 1803435, 'referenceAllele': 'G', 'variantAllele': 'A', 'proteinChange': 'G235D', 'mutationType': 'Missense_Mutation', 'ncbiBuild': 'GRCh37', 'variantType': 'SNP', 'refseqMrnaId': 'NA', 'proteinPosStart': 235, 'proteinPosEnd': 235, 'keyword': 'FGFR3 G235 missense'}, {'uniqueSampleKey': 'VENHQS1ESy1BM0lTLTAxOmJsY2FfdGNnYV9wYW5fY2FuX2F0bGFzXzIwMTg', 'uniquePatientKey': 'VENHQS1ESy1BM0lTOmJsY2FfdGNnYV9wYW5fY2FuX2F0bGFzXzIwMTg', 'molecularProfileId': 'blca_tcga_pan_can_atlas_2018_mutations', 'sampleId': 'TCGA-DK-A3IS-01', 'patientId': 'TCGA-DK-A3IS', 'entrezGeneId': 2261, 'gene': {'entrezGeneId': 2261, 'hugoGeneSymbol': 'FGFR3', 'type': 'protein-coding'}, 'studyId': 'blca_tcga_pan_can_atlas_2018', 'center': '.', 'mutationStatus': '.', 'validationStatus': '.', 'tumorAltCount': 237, 'tumorRefCount': 226, 'normalRefCount': 43, 'chr': '4', 'startPosition': 1808937, 'endPosition': 1808937, 'referenceAllele': 'C', 'variantAllele': '-', 'proteinChange': 'H791Tfs*29', 'mutationType': 'Frame_Shift_Del', 'ncbiBuild': 'GRCh37', 'variantType': 'DEL', 'refseqMrnaId': 'NA', 'proteinPosStart': 790, 'proteinPosEnd': 791, 'keyword': 'FGFR3 truncating'}]",4,[],False,True,WT,MUT_any,D222N,D222N,,,,102923.0,True,,307.0,68.0,Male,Stage II,High Grade,,TCGA-DK-A3IS-01Z-00-DX1.31CABE32-36D7-4920-BF5A-9C9D8B54320F.svs
TCGA-DK-A3IT-01A-03-TSC.C900466D-03AD-4B61-B7B7-99E16C005ADD,data/TCGA-DK-A3IT-01A-03-TSC.C900466D-03AD-4B61-B7B7-99E16C005ADD,TCGA-DK-A3IT-01,TCGA-DK-A3IT,[],0,[],False,False,WT,WT_any,,,,,,5319.01,True,,397.0,,,,High Grade,,TCGA-DK-A3IT-01A-03-TSC.C900466D-03AD-4B61-B7B7-99E16C005ADD.svs
TCGA-DK-A3IT-01Z-00-DX1.819410F8-5E45-484B-8D98-0A3DAB314C6E,data/TCGA-DK-A3IT-01Z-00-DX1.819410F8-5E45-484B-8D98-0A3DAB314C6E,TCGA-DK-A3IT-01,TCGA-DK-A3IT,[],0,[],False,False,WT,WT_any,,,,,,5319.01,True,,397.0,,,,High Grade,,TCGA-DK-A3IT-01Z-00-DX1.819410F8-5E45-484B-8D98-0A3DAB314C6E.svs
TCGA-DK-A3IU-01A-01-TSA.3C59FD9B-234A-4122-907C-5FB7F9607D63,data/TCGA-DK-A3IU-01A-01-TSA.3C59FD9B-234A-4122-907C-5FB7F9607D63,TCGA-DK-A3IU-01,TCGA-DK-A3IU,[],0,[],False,False,WT,WT_any,,,,,,522.893,True,,355.0,58.0,Male,Stage II,High Grade,,TCGA-DK-A3IU-01A-01-TSA.3C59FD9B-234A-4122-907C-5FB7F9607D63.svs
TCGA-DK-A3IU-01Z-00-DX1.A624F891-20E8-48F6-8FAE-D046F30E257C,data/TCGA-DK-A3IU-01Z-00-DX1.A624F891-20E8-48F6-8FAE-D046F30E257C,TCGA-DK-A3IU-01,TCGA-DK-A3IU,[],0,[],False,False,WT,WT_any,,,,,,522.893,True,,355.0,58.0,Male,Stage II,High Grade,,TCGA-DK-A3IU-01Z-00-DX1.A624F891-20E8-48F6-8FAE-D046F30E257C.svs
TCGA-DK-A3IV-01A-02-TSB.98178DB6-2038-4ADF-9227-E76AA71B1361,data/TCGA-DK-A3IV-01A-02-TSB.98178DB6-2038-4ADF-9227-E76AA71B1361,TCGA-DK-A3IV-01,TCGA-DK-A3IV,[],0,[],False,False,WT,WT_any,,,,,,1978.39,True,,76.0,60.0,Male,Stage II,High Grade,,TCGA-DK-A3IV-01A-02-TSB.98178DB6-2038-4ADF-9227-E76AA71B1361.svs
TCGA-DK-A3IV-01Z-00-DX1.3E7EDFE4-61F6-4EA8-9A29-D70C2785E408,data/TCGA-DK-A3IV-01Z-00-DX1.3E7EDFE4-61F6-4EA8-9A29-D70C2785E408,TCGA-DK-A3IV-01,TCGA-DK-A3IV,[],0,[],False,False,WT,WT_any,,,,,,1978.39,True,,76.0,,,,High Grade,,TCGA-DK-A3IV-01Z-00-DX1.3E7EDFE4-61F6-4EA8-9A29-D70C2785E408.svs
TCGA-DK-A3WW-01A-02-TSB.17C26AEC-2A73-4B1C-8F33-ED634B587407,data/TCGA-DK-A3WW-01A-02-TSB.17C26AEC-2A73-4B1C-8F33-ED634B587407,TCGA-DK-A3WW-01,TCGA-DK-A3WW,[],0,[],False,False,WT,WT_any,,,,,,1564.99,True,,1079.0,,,,High Grade,,TCGA-DK-A3WW-01A-02-TSB.17C26AEC-2A73-4B1C-8F33-ED634B587407.svs
TCGA-DK-A3WW-01Z-00-DX1.4C3751B5-BD3E-4902-A092-B5877B67851F,data/TCGA-DK-A3WW-01Z-00-DX1.4C3751B5-BD3E-4902-A092-B5877B67851F,TCGA-DK-A3WW-01,TCGA-DK-A3WW,[],0,[],False,False,WT,WT_any,,,,,,1564.99,True,,1079.0,,,,High Grade,,TCGA-DK-A3WW-01Z-00-DX1.4C3751B5-BD3E-4902-A092-B5877B67851F.svs
TCGA-DK-A3WY-01A-01-TSA.71340D36-753E-41EF-9897-4E1AB370D084,data/TCGA-DK-A3WY-01A-01-TSA.71340D36-753E-41EF-9897-4E1AB370D084,TCGA-DK-A3WY-01,TCGA-DK-A3WY,[],0,[],False,False,WT,WT_any,,,,,,26.9807,True,,19.0,67.0,Female,Stage III,High Grade,,TCGA-DK-A3WY-01A-01-TSA.71340D36-753E-41EF-9897-4E1AB370D084.svs
TCGA-DK-A3WY-01Z-00-DX1.B2B8F28A-A9A4-4C6E-8C7F-3008DF2DE498,data/TCGA-DK-A3WY-01Z-00-DX1.B2B8F28A-A9A4-4C6E-8C7F-3008DF2DE498,TCGA-DK-A3WY-01,TCGA-DK-A3WY,[],0,[],False,False,WT,WT_any,,,,,,26.9807,True,,19.0,67.0,Female,Stage III,High Grade,,TCGA-DK-A3WY-01Z-00-DX1.B2B8F28A-A9A4-4C6E-8C7F-3008DF2DE498.svs
TCGA-DK-A3X1-01A-01-TSA.2C017F7D-37F9-4EA5-A0A1-2A03BD09FC26,data/TCGA-DK-A3X1-01A-01-TSA.2C017F7D-37F9-4EA5-A0A1-2A03BD09FC26,TCGA-DK-A3X1-01,TCGA-DK-A3X1,[],0,[],False,False,WT,WT_any,,,,,,560.124,True,,780.0,,,,High Grade,,TCGA-DK-A3X1-01A-01-TSA.2C017F7D-37F9-4EA5-A0A1-2A03BD09FC26.svs
TCGA-DK-A3X1-01Z-00-DX1.DE470E1B-1DB4-4985-B11D-ECB02A65CA6C,data/TCGA-DK-A3X1-01Z-00-DX1.DE470E1B-1DB4-4985-B11D-ECB02A65CA6C,TCGA-DK-A3X1-01,TCGA-DK-A3X1,[],0,[],False,False,WT,WT_any,,,,,,560.124,True,,780.0,78.0,Female,Stage III,High Grade,,TCGA-DK-A3X1-01Z-00-DX1.DE470E1B-1DB4-4985-B11D-ECB02A65CA6C.svs
TCGA-DK-A3X2-01A-01-TSA.393368BD-B486-4CB6-9C41-C799414E29E9,data/TCGA-DK-A3X2-01A-01-TSA.393368BD-B486-4CB6-9C41-C799414E29E9,TCGA-DK-A3X2-01,TCGA-DK-A3X2,[],0,[],False,False,WT,WT_any,,,,,,12411.7,True,,122.0,,,,High Grade,,TCGA-DK-A3X2-01A-01-TSA.393368BD-B486-4CB6-9C41-C799414E29E9.svs
TCGA-DK-A3X2-01Z-00-DX1.CB507611-E3AE-43A2-B5F8-EEAE59423E2E,data/TCGA-DK-A3X2-01Z-00-DX1.CB507611-E3AE-43A2-B5F8-EEAE59423E2E,TCGA-DK-A3X2-01,TCGA-DK-A3X2,[],0,[],False,False,WT,WT_any,,,,,,12411.7,True,,122.0,,,,High Grade,,TCGA-DK-A3X2-01Z-00-DX1.CB507611-E3AE-43A2-B5F8-EEAE59423E2E.svs
TCGA-DK-A6AW-01A-01-TSA.63275A3F-C502-4BD9-9391-E1905F690902,data/TCGA-DK-A6AW-01A-01-TSA.63275A3F-C502-4BD9-9391-E1905F690902,TCGA-DK-A6AW-01,TCGA-DK-A6AW,[],0,[],False,False,WT,WT_any,,,,,,207.637,True,,3552.0,70.0,Male,Stage II,High Grade,,TCGA-DK-A6AW-01A-01-TSA.63275A3F-C502-4BD9-9391-E1905F690902.svs
TCGA-DK-A6AW-01Z-00-DX1.C2453A8C-8282-443C-9E76-5B6CAD2FE69B,data/TCGA-DK-A6AW-01Z-00-DX1.C2453A8C-8282-443C-9E76-5B6CAD2FE69B,TCGA-DK-A6AW-01,TCGA-DK-A6AW,[],0,[],False,False,WT,WT_any,,,,,,207.637,True,,3552.0,70.0,Male,Stage II,High Grade,,TCGA-DK-A6AW-01Z-00-DX1.C2453A8C-8282-443C-9E76-5B6CAD2FE69B.svs
TCGA-DK-A6B0-01A-01-TSA.B5408888-6DF6-4F6A-AE67-7ECFE0D12092,data/TCGA-DK-A6B0-01A-01-TSA.B5408888-6DF6-4F6A-AE67-7ECFE0D12092,TCGA-DK-A6B0-01,TCGA-DK-A6B0,"[{'uniqueSampleKey': 'VENHQS1ESy1BNkIwLTAxOmJsY2FfdGNnYV9wYW5fY2FuX2F0bGFzXzIwMTg', 'uniquePatientKey': 'VENHQS1ESy1BNkIwOmJsY2FfdGNnYV9wYW5fY2FuX2F0bGFzXzIwMTg', 'molecularProfileId': 'blca_tcga_pan_can_atlas_2018_mutations', 'sampleId': 'TCGA-DK-A6B0-01', 'patientId': 'TCGA-DK-A6B0', 'entrezGeneId': 2261, 'gene': {'entrezGeneId': 2261, 'hugoGeneSymbol': 'FGFR3', 'type': 'protein-coding'}, 'studyId': 'blca_tcga_pan_can_atlas_2018', 'center': '.', 'mutationStatus': '.', 'validationStatus': '.', 'tumorAltCount': 252, 'tumorRefCount': 23, 'normalRefCount': 278, 'chr': '4', 'startPosition': 1806099, 'endPosition': 1806099, 'referenceAllele': 'A', 'variantAllele': 'G', 'proteinChange': 'Y373C', 'mutationType': 'Missense_Mutation', 'ncbiBuild': 'GRCh37', 'variantType': 'SNP', 'refseqMrnaId': 'NA', 'proteinPosStart': 373, 'proteinPosEnd': 373, 'keyword': 'FGFR3 Y373 missense'}]",1,"[{'uniqueSampleKey': 'VENHQS1ESy1BNkIwLTAxOmJsY2FfdGNnYV9wYW5fY2FuX2F0bGFzXzIwMTg', 'uniquePatientKey': 'VENHQS1ESy1BNkIwOmJsY2FfdGNnYV9wYW5fY2FuX2F0bGFzXzIwMTg', 'molecularProfileId': 'blca_tcga_pan_can_atlas_2018_mutations', 'sampleId': 'TCGA-DK-A6B0-01', 'patientId': 'TCGA-DK-A6B0', 'entrezGeneId': 2261, 'gene': {'entrezGeneId': 2261, 'hugoGeneSymbol': 'FGFR3', 'type': 'protein-coding'}, 'studyId': 'blca_tcga_pan_can_atlas_2018', 'center': '.', 'mutationStatus': '.', 'validationStatus': '.', 'tumorAltCount': 252, 'tumorRefCount': 23, 'normalRefCount': 278, 'chr': '4', 'startPosition': 1806099, 'endPosition': 1806099, 'referenceAllele': 'A', 'variantAllele': 'G', 'proteinChange': 'Y373C', 'mutationType': 'Missense_Mutation', 'ncbiBuild': 'GRCh37', 'variantType': 'SNP', 'refseqMrnaId': 'NA', 'proteinPosStart': 373, 'proteinPosEnd': 373, 'keyword': 'FGFR3 Y373 missense'}]",True,True,MUT,MUT_any,Y373C/Y375C,Y373C,0.9163636363636364,252.0,23.0,13442.5,True,,24.0,61.0,Male,Stage II,High Grade,,TCGA-DK-A6B0-01A-01-TSA.B5408888-6DF6-4F6A-AE67-7ECFE0D12092.svs
TCGA-DK-A6B0-01Z-00-DX1.83628045-FDD9-4167-879F-7813FDCA7D97,data/TCGA-DK-A6B0-01Z-00-DX1.83628045-FDD9-4167-879F-7813FDCA7D97,TCGA-DK-A6B0-01,TCGA-DK-A6B0,"[{'uniqueSampleKey': 'VENHQS1ESy1BNkIwLTAxOmJsY2FfdGNnYV9wYW5fY2FuX2F0bGFzXzIwMTg', 'uniquePatientKey': 'VENHQS1ESy1BNkIwOmJsY2FfdGNnYV9wYW5fY2FuX2F0bGFzXzIwMTg', 'molecularProfileId': 'blca_tcga_pan_can_atlas_2018_mutations', 'sampleId': 'TCGA-DK-A6B0-01', 'patientId': 'TCGA-DK-A6B0', 'entrezGeneId': 2261, 'gene': {'entrezGeneId': 2261, 'hugoGeneSymbol': 'FGFR3', 'type': 'protein-coding'}, 'studyId': 'blca_tcga_pan_can_atlas_2018', 'center': '.', 'mutationStatus': '.', 'validationStatus': '.', 'tumorAltCount': 252, 'tumorRefCount': 23, 'normalRefCount': 278, 'chr': '4', 'startPosition': 1806099, 'endPosition': 1806099, 'referenceAllele': 'A', 'variantAllele': 'G', 'proteinChange': 'Y373C', 'mutationType': 'Missense_Mutation', 'ncbiBuild': 'GRCh37', 'variantType': 'SNP', 'refseqMrnaId': 'NA', 'proteinPosStart': 373, 'proteinPosEnd': 373, 'keyword': 'FGFR3 Y373 missense'}]",1,"[{'uniqueSampleKey': 'VENHQS1ESy1BNkIwLTAxOmJsY2FfdGNnYV9wYW5fY2FuX2F0bGFzXzIwMTg', 'uniquePatientKey': 'VENHQS1ESy1BNkIwOmJsY2FfdGNnYV9wYW5fY2FuX2F0bGFzXzIwMTg', 'molecularProfileId': 'blca_tcga_pan_can_atlas_2018_mutations', 'sampleId': 'TCGA-DK-A6B0-01', 'patientId': 'TCGA-DK-A6B0', 'entrezGeneId': 2261, 'gene': {'entrezGeneId': 2261, 'hugoGeneSymbol': 'FGFR3', 'type': 'protein-coding'}, 'studyId': 'blca_tcga_pan_can_atlas_2018', 'center': '.', 'mutationStatus': '.', 'validationStatus': '.', 'tumorAltCount': 252, 'tumorRefCount': 23, 'normalRefCount': 278, 'chr': '4', 'startPosition': 1806099, 'endPosition': 1806099, 'referenceAllele': 'A', 'variantAllele': 'G', 'proteinChange': 'Y373C', 'mutationType': 'Missense_Mutation', 'ncbiBuild': 'GRCh37', 'variantType': 'SNP', 'refseqMrnaId': 'NA', 'proteinPosStart': 373, 'proteinPosEnd': 373, 'keyword': 'FGFR3 Y373 missense'}]",True,True,MUT,MUT_any,Y373C/Y375C,Y373C,0.9163636363636364,252.0,23.0,13442.5,True,,24.0,,,,High Grade,,TCGA-DK-A6B0-01Z-00-DX1.83628045-FDD9-4167-879F-7813FDCA7D97.svs
TCGA-DK-A6B1-01A-01-TSA.957872BB-A61C-44E4-AE19-63AFD41B2B31,data/TCGA-DK-A6B1-01A-01-TSA.957872BB-A61C-44E4-AE19-63AFD41B2B31,TCGA-DK-A6B1-01,TCGA-DK-A6B1,[],0,[],False,False,WT,WT_any,,,,,,14.2018,True,,126.0,67.0,Male,Stage II,High Grade,,TCGA-DK-A6B1-01A-01-TSA.957872BB-A61C-44E4-AE19-63AFD41B2B31.svs
TCGA-DK-A6B1-01Z-00-DX1.16F4E625-D690-45CD-B810-9E7F12EF9A90,data/TCGA-DK-A6B1-01Z-00-DX1.16F4E625-D690-45CD-B810-9E7F12EF9A90,TCGA-DK-A6B1-01,TCGA-DK-A6B1,[],0,[],False,False,WT,WT_any,,,,,,14.2018,True,,126.0,,,,High Grade,,TCGA-DK-A6B1-01Z-00-DX1.16F4E625-D690-45CD-B810-9E7F12EF9A90.svs
TCGA-DK-A6B2-01A-01-TSA.FFC2B0B8-2166-4ABA-A57A-A63ACFF7B693,data/TCGA-DK-A6B2-01A-01-TSA.FFC2B0B8-2166-4ABA-A57A-A63ACFF7B693,TCGA-DK-A6B2-01,TCGA-DK-A6B2,[],0,[],False,False,WT,WT_any,,,,,,4594.64,True,,171.0,70.0,Male,Stage IV,High Grade,,TCGA-DK-A6B2-01A-01-TSA.FFC2B0B8-2166-4ABA-A57A-A63ACFF7B693.svs
TCGA-DK-A6B2-01Z-00-DX1.23D318D9-A05D-49D5-8C0E-BAA71BC2AFFA,data/TCGA-DK-A6B2-01Z-00-DX1.23D318D9-A05D-49D5-8C0E-BAA71BC2AFFA,TCGA-DK-A6B2-01,TCGA-DK-A6B2,[],0,[],False,False,WT,WT_any,,,,,,4594.64,True,,171.0,70.0,Male,Stage IV,High Grade,,TCGA-DK-A6B2-01Z-00-DX1.23D318D9-A05D-49D5-8C0E-BAA71BC2AFFA.svs
TCGA-DK-AA6P-01A-01-TSA.E2677252-A0BA-4FB9-8F17-F53B14CABBA5,data/TCGA-DK-AA6P-01A-01-TSA.E2677252-A0BA-4FB9-8F17-F53B14CABBA5,TCGA-DK-AA6P-01,TCGA-DK-AA6P,"[{'uniqueSampleKey': 'VENHQS1ESy1BQTZQLTAxOmJsY2FfdGNnYV9wYW5fY2FuX2F0bGFzXzIwMTg', 'uniquePatientKey': 'VENHQS1ESy1BQTZQOmJsY2FfdGNnYV9wYW5fY2FuX2F0bGFzXzIwMTg', 'molecularProfileId': 'blca_tcga_pan_can_atlas_2018_mutations', 'sampleId': 'TCGA-DK-AA6P-01', 'patientId': 'TCGA-DK-AA6P', 'entrezGeneId': 2261, 'gene': {'entrezGeneId': 2261, 'hugoGeneSymbol': 'FGFR3', 'type': 'protein-coding'}, 'studyId': 'blca_tcga_pan_can_atlas_2018', 'center': '.', 'mutationStatus': '.', 'validationStatus': '.', 'tumorAltCount': 77, 'tumorRefCount': 52, 'normalRefCount': 149, 'chr': '4', 'startPosition': 1806089, 'endPosition': 1806089, 'referenceAllele': 'G', 'variantAllele': 'T', 'proteinChange': 'G370C', 'mutationType': 'Missense_Mutation', 'ncbiBuild': 'GRCh37', 'variantType': 'SNP', 'refseqMrnaId': 'NA', 'proteinPosStart': 370, 'proteinPosEnd': 370, 'keyword': 'FGFR3 G370 missense'}]",1,"[{'uniqueSampleKey': 'VENHQS1ESy1BQTZQLTAxOmJsY2FfdGNnYV9wYW5fY2FuX2F0bGFzXzIwMTg', 'uniquePatientKey': 'VENHQS1ESy1BQTZQOmJsY2FfdGNnYV9wYW5fY2FuX2F0bGFzXzIwMTg', 'molecularProfileId': 'blca_tcga_pan_can_atlas_2018_mutations', 'sampleId': 'TCGA-DK-AA6P-01', 'patientId': 'TCGA-DK-AA6P', 'entrezGeneId': 2261, 'gene': {'entrezGeneId': 2261, 'hugoGeneSymbol': 'FGFR3', 'type': 'protein-coding'}, 'studyId': 'blca_tcga_pan_can_atlas_2018', 'center': '.', 'mutationStatus': '.', 'validationStatus': '.', 'tumorAltCount': 77, 'tumorRefCount': 52, 'normalRefCount': 149, 'chr': '4', 'startPosition': 1806089, 'endPosition': 1806089, 'referenceAllele': 'G', 'variantAllele': 'T', 'proteinChange': 'G370C', 'mutationType': 'Missense_Mutation', 'ncbiBuild': 'GRCh37', 'variantType': 'SNP', 'refseqMrnaId': 'NA', 'proteinPosStart': 370, 'proteinPosEnd': 370, 'keyword': 'FGFR3 G370 missense'}]",True,True,MUT,MUT_any,G370C/G372C,G370C,0.5968992248062015,77.0,52.0,2736.69,True,,171.0,72.0,Female,Stage II,High Grade,,TCGA-DK-AA6P-01A-01-TSA.E2677252-A0BA-4FB9-8F17-F53B14CABBA5.svs
TCGA-DK-AA6Q-01A-01-TS1.AD1A1F6F-78F2-4B75-985E-3FC3AF4ECDD1,data/TCGA-DK-AA6Q-01A-01-TS1.AD1A1F6F-78F2-4B75-985E-3FC3AF4ECDD1,TCGA-DK-AA6Q-01,TCGA-DK-AA6Q,[],0,[],False,False,WT,WT_any,,,,,,4065.7,True,,113.0,61.0,Female,Stage IV,High Grade,,TCGA-DK-AA6Q-01A-01-TS1.AD1A1F6F-78F2-4B75-985E-3FC3AF4ECDD1.svs
TCGA-DK-AA6R-01A-01-TSA.260432AB-829E-4040-8109-18471BB0202C,data/TCGA-DK-AA6R-01A-01-TSA.260432AB-829E-4040-8109-18471BB0202C,TCGA-DK-AA6R-01,TCGA-DK-AA6R,[],0,[],False,False,WT,WT_any,,,,,,4483.13,True,,330.0,,,,High Grade,,TCGA-DK-AA6R-01A-01-TSA.260432AB-829E-4040-8109-18471BB0202C.svs
TCGA-DK-AA6S-01A-02-TSB.2D759715-02D7-436A-8FC0-3446A13E071C,data/TCGA-DK-AA6S-01A-02-TSB.2D759715-02D7-436A-8FC0-3446A13E071C,TCGA-DK-AA6S-01,TCGA-DK-AA6S,[],0,[],False,False,WT,WT_any,,,,,,2686.89,True,,528.0,,,,High Grade,,TCGA-DK-AA6S-01A-02-TSB.2D759715-02D7-436A-8FC0-3446A13E071C.svs
TCGA-DK-AA6U-01A-01-TS1.17C982E2-E810-4F04-853C-582DC30742DA,data/TCGA-DK-AA6U-01A-01-TS1.17C982E2-E810-4F04-853C-582DC30742DA,TCGA-DK-AA6U-01,TCGA-DK-AA6U,[],0,[],False,False,WT,WT_any,,,,,,882.092,True,,415.0,,,,,,TCGA-DK-AA6U-01A-01-TS1.17C982E2-E810-4F04-853C-582DC30742DA.svs
TCGA-DK-AA6W-01A-01-TS1.6F47819D-7FD6-459A-A345-4414AF431585,data/TCGA-DK-AA6W-01A-01-TS1.6F47819D-7FD6-459A-A345-4414AF431585,TCGA-DK-AA6W-01,TCGA-DK-AA6W,[],0,[],False,False,WT,WT_any,,,,,,542.515,True,,229.0,78.0,Male,Stage II,High Grade,,TCGA-DK-AA6W-01A-01-TS1.6F47819D-7FD6-459A-A345-4414AF431585.svs
TCGA-DK-AA6X-01A-01-TS1.8D2D10D9-C2D5-4049-83EA-DABB1C34C045,data/TCGA-DK-AA6X-01A-01-TS1.8D2D10D9-C2D5-4049-83EA-DABB1C34C045,TCGA-DK-AA6X-01,TCGA-DK-AA6X,[],0,[],False,False,WT,WT_any,,,,,,2255.89,True,,107.0,,,,High Grade,,TCGA-DK-AA6X-01A-01-TS1.8D2D10D9-C2D5-4049-83EA-DABB1C34C045.svs
TCGA-DK-AA71-01A-03-TSC.61FBA3E7-5DBE-4CBF-AA23-30FF1E036085,data/TCGA-DK-AA71-01A-03-TSC.61FBA3E7-5DBE-4CBF-AA23-30FF1E036085,TCGA-DK-AA71-01,TCGA-DK-AA71,"[{'uniqueSampleKey': 'VENHQS1ESy1BQTcxLTAxOmJsY2FfdGNnYV9wYW5fY2FuX2F0bGFzXzIwMTg', 'uniquePatientKey': 'VENHQS1ESy1BQTcxOmJsY2FfdGNnYV9wYW5fY2FuX2F0bGFzXzIwMTg', 'molecularProfileId': 'blca_tcga_pan_can_atlas_2018_mutations', 'sampleId': 'TCGA-DK-AA71-01', 'patientId': 'TCGA-DK-AA71', 'entrezGeneId': 2261, 'gene': {'entrezGeneId': 2261, 'hugoGeneSymbol': 'FGFR3', 'type': 'protein-coding'}, 'studyId': 'blca_tcga_pan_can_atlas_2018', 'center': '.', 'mutationStatus': '.', 'validationStatus': '.', 'tumorAltCount': 83, 'tumorRefCount': 58, 'normalRefCount': 156, 'chr': '4', 'startPosition': 1806099, 'endPosition': 1806099, 'referenceAllele': 'A', 'variantAllele': 'G', 'proteinChange': 'Y373C', 'mutationType': 'Missense_Mutation', 'ncbiBuild': 'GRCh37', 'variantType': 'SNP', 'refseqMrnaId': 'NA', 'proteinPosStart': 373, 'proteinPosEnd': 373, 'keyword': 'FGFR3 Y373 missense'}]",1,"[{'uniqueSampleKey': 'VENHQS1ESy1BQTcxLTAxOmJsY2FfdGNnYV9wYW5fY2FuX2F0bGFzXzIwMTg', 'uniquePatientKey': 'VENHQS1ESy1BQTcxOmJsY2FfdGNnYV9wYW5fY2FuX2F0bGFzXzIwMTg', 'molecularProfileId': 'blca_tcga_pan_can_atlas_2018_mutations', 'sampleId': 'TCGA-DK-AA71-01', 'patientId': 'TCGA-DK-AA71', 'entrezGeneId': 2261, 'gene': {'entrezGeneId': 2261, 'hugoGeneSymbol': 'FGFR3', 'type': 'protein-coding'}, 'studyId': 'blca_tcga_pan_can_atlas_2018', 'center': '.', 'mutationStatus': '.', 'validationStatus': '.', 'tumorAltCount': 83, 'tumorRefCount': 58, 'normalRefCount': 156, 'chr': '4', 'startPosition': 1806099, 'endPosition': 1806099, 'referenceAllele': 'A', 'variantAllele': 'G', 'proteinChange': 'Y373C', 'mutationType': 'Missense_Mutation', 'ncbiBuild': 'GRCh37', 'variantType': 'SNP', 'refseqMrnaId': 'NA', 'proteinPosStart': 373, 'proteinPosEnd': 373, 'keyword': 'FGFR3 Y373 missense'}]",True,True,MUT,MUT_any,Y373C/Y375C,Y373C,0.5886524822695035,83.0,58.0,11643.5,True,,590.0,,,,High Grade,,TCGA-DK-AA71-01A-03-TSC.61FBA3E7-5DBE-4CBF-AA23-30FF1E036085.svs
TCGA-DK-AA74-01A-01-TSA.9D351EC2-451A-42D1-9E5A-DBD54EFB56AB,data/TCGA-DK-AA74-01A-01-TSA.9D351EC2-451A-42D1-9E5A-DBD54EFB56AB,TCGA-DK-AA74-01,TCGA-DK-AA74,[],0,[],False,False,WT,WT_any,,,,,,1165.91,True,,220.0,75.0,Male,Stage III,High Grade,,TCGA-DK-AA74-01A-01-TSA.9D351EC2-451A-42D1-9E5A-DBD54EFB56AB.svs
TCGA-E5-A2PC-01A-01-TSA.D58C828A-5036-402A-A137-30D0732666A9,data/TCGA-E5-A2PC-01A-01-TSA.D58C828A-5036-402A-A137-30D0732666A9,TCGA-E5-A2PC-01,TCGA-E5-A2PC,"[{'uniqueSampleKey': 'VENHQS1FNS1BMlBDLTAxOmJsY2FfdGNnYV9wYW5fY2FuX2F0bGFzXzIwMTg', 'uniquePatientKey': 'VENHQS1FNS1BMlBDOmJsY2FfdGNnYV9wYW5fY2FuX2F0bGFzXzIwMTg', 'molecularProfileId': 'blca_tcga_pan_can_atlas_2018_mutations', 'sampleId': 'TCGA-E5-A2PC-01', 'patientId': 'TCGA-E5-A2PC', 'entrezGeneId': 2261, 'gene': {'entrezGeneId': 2261, 'hugoGeneSymbol': 'FGFR3', 'type': 'protein-coding'}, 'studyId': 'blca_tcga_pan_can_atlas_2018', 'center': '.', 'mutationStatus': '.', 'validationStatus': '.', 'tumorAltCount': 14, 'tumorRefCount': 26, 'normalRefCount': 19, 'chr': '4', 'startPosition': 1803568, 'endPosition': 1803568, 'referenceAllele': 'C', 'variantAllele': 'G', 'proteinChange': 'S249C', 'mutationType': 'Missense_Mutation', 'ncbiBuild': 'GRCh37', 'variantType': 'SNP', 'refseqMrnaId': 'NA', 'proteinPosStart': 249, 'proteinPosEnd': 249, 'keyword': 'FGFR3 S249 missense'}]",1,"[{'uniqueSampleKey': 'VENHQS1FNS1BMlBDLTAxOmJsY2FfdGNnYV9wYW5fY2FuX2F0bGFzXzIwMTg', 'uniquePatientKey': 'VENHQS1FNS1BMlBDOmJsY2FfdGNnYV9wYW5fY2FuX2F0bGFzXzIwMTg', 'molecularProfileId': 'blca_tcga_pan_can_atlas_2018_mutations', 'sampleId': 'TCGA-E5-A2PC-01', 'patientId': 'TCGA-E5-A2PC', 'entrezGeneId': 2261, 'gene': {'entrezGeneId': 2261, 'hugoGeneSymbol': 'FGFR3', 'type': 'protein-coding'}, 'studyId': 'blca_tcga_pan_can_atlas_2018', 'center': '.', 'mutationStatus': '.', 'validationStatus': '.', 'tumorAltCount': 14, 'tumorRefCount': 26, 'normalRefCount': 19, 'chr': '4', 'startPosition': 1803568, 'endPosition': 1803568, 'referenceAllele': 'C', 'variantAllele': 'G', 'proteinChange': 'S249C', 'mutationType': 'Missense_Mutation', 'ncbiBuild': 'GRCh37', 'variantType': 'SNP', 'refseqMrnaId': 'NA', 'proteinPosStart': 249, 'proteinPosEnd': 249, 'keyword': 'FGFR3 S249 missense'}]",True,True,MUT,MUT_any,S249C,S249C,0.35,14.0,26.0,16337.9,True,,206.0,61.0,Female,Stage IV,High Grade,,TCGA-E5-A2PC-01A-01-TSA.D58C828A-5036-402A-A137-30D0732666A9.svs
TCGA-E5-A2PC-01Z-00-DX1.409697C6-097B-4B24-A54B-B52BEC5A0A9B,data/TCGA-E5-A2PC-01Z-00-DX1.409697C6-097B-4B24-A54B-B52BEC5A0A9B,TCGA-E5-A2PC-01,TCGA-E5-A2PC,"[{'uniqueSampleKey': 'VENHQS1FNS1BMlBDLTAxOmJsY2FfdGNnYV9wYW5fY2FuX2F0bGFzXzIwMTg', 'uniquePatientKey': 'VENHQS1FNS1BMlBDOmJsY2FfdGNnYV9wYW5fY2FuX2F0bGFzXzIwMTg', 'molecularProfileId': 'blca_tcga_pan_can_atlas_2018_mutations', 'sampleId': 'TCGA-E5-A2PC-01', 'patientId': 'TCGA-E5-A2PC', 'entrezGeneId': 2261, 'gene': {'entrezGeneId': 2261, 'hugoGeneSymbol': 'FGFR3', 'type': 'protein-coding'}, 'studyId': 'blca_tcga_pan_can_atlas_2018', 'center': '.', 'mutationStatus': '.', 'validationStatus': '.', 'tumorAltCount': 14, 'tumorRefCount': 26, 'normalRefCount': 19, 'chr': '4', 'startPosition': 1803568, 'endPosition': 1803568, 'referenceAllele': 'C', 'variantAllele': 'G', 'proteinChange': 'S249C', 'mutationType': 'Missense_Mutation', 'ncbiBuild': 'GRCh37', 'variantType': 'SNP', 'refseqMrnaId': 'NA', 'proteinPosStart': 249, 'proteinPosEnd': 249, 'keyword': 'FGFR3 S249 missense'}]",1,"[{'uniqueSampleKey': 'VENHQS1FNS1BMlBDLTAxOmJsY2FfdGNnYV9wYW5fY2FuX2F0bGFzXzIwMTg', 'uniquePatientKey': 'VENHQS1FNS1BMlBDOmJsY2FfdGNnYV9wYW5fY2FuX2F0bGFzXzIwMTg', 'molecularProfileId': 'blca_tcga_pan_can_atlas_2018_mutations', 'sampleId': 'TCGA-E5-A2PC-01', 'patientId': 'TCGA-E5-A2PC', 'entrezGeneId': 2261, 'gene': {'entrezGeneId': 2261, 'hugoGeneSymbol': 'FGFR3', 'type': 'protein-coding'}, 'studyId': 'blca_tcga_pan_can_atlas_2018', 'center': '.', 'mutationStatus': '.', 'validationStatus': '.', 'tumorAltCount': 14, 'tumorRefCount': 26, 'normalRefCount': 19, 'chr': '4', 'startPosition': 1803568, 'endPosition': 1803568, 'referenceAllele': 'C', 'variantAllele': 'G', 'proteinChange': 'S249C', 'mutationType': 'Missense_Mutation', 'ncbiBuild': 'GRCh37', 'variantType': 'SNP', 'refseqMrnaId': 'NA', 'proteinPosStart': 249, 'proteinPosEnd': 249, 'keyword': 'FGFR3 S249 missense'}]",True,True,MUT,MUT_any,S249C,S249C,0.35,14.0,26.0,16337.9,True,,206.0,,,,High Grade,,TCGA-E5-A2PC-01Z-00-DX1.409697C6-097B-4B24-A54B-B52BEC5A0A9B.svs
TCGA-E5-A4U1-01A-01-TS1.706D0DA9-FBC4-4810-B77F-6C42D408EE97,data/TCGA-E5-A4U1-01A-01-TS1.706D0DA9-FBC4-4810-B77F-6C42D408EE97,TCGA-E5-A4U1-01,TCGA-E5-A4U1,[],0,[],False,False,WT,WT_any,,,,,,5808.19,True,,551.0,,,,High Grade,,TCGA-E5-A4U1-01A-01-TS1.706D0DA9-FBC4-4810-B77F-6C42D408EE97.svs
TCGA-E5-A4U1-01Z-00-DX1.A088BCB3-86D7-4895-A168-00981B44EF78,data/TCGA-E5-A4U1-01Z-00-DX1.A088BCB3-86D7-4895-A168-00981B44EF78,TCGA-E5-A4U1-01,TCGA-E5-A4U1,[],0,[],False,False,WT,WT_any,,,,,,5808.19,True,,551.0,,,,High Grade,,TCGA-E5-A4U1-01Z-00-DX1.A088BCB3-86D7-4895-A168-00981B44EF78.svs
TCGA-E7-A519-01A-01-TSA.7A29639B-613F-4AE7-B086-86AC3E89EDF8,data/TCGA-E7-A519-01A-01-TSA.7A29639B-613F-4AE7-B086-86AC3E89EDF8,TCGA-E7-A519-01,TCGA-E7-A519,"[{'uniqueSampleKey': 'VENHQS1FNy1BNTE5LTAxOmJsY2FfdGNnYV9wYW5fY2FuX2F0bGFzXzIwMTg', 'uniquePatientKey': 'VENHQS1FNy1BNTE5OmJsY2FfdGNnYV9wYW5fY2FuX2F0bGFzXzIwMTg', 'molecularProfileId': 'blca_tcga_pan_can_atlas_2018_mutations', 'sampleId': 'TCGA-E7-A519-01', 'patientId': 'TCGA-E7-A519', 'entrezGeneId': 2261, 'gene': {'entrezGeneId': 2261, 'hugoGeneSymbol': 'FGFR3', 'type': 'protein-coding'}, 'studyId': 'blca_tcga_pan_can_atlas_2018', 'center': '.', 'mutationStatus': '.', 'validationStatus': '.', 'tumorAltCount': 5, 'tumorRefCount': 14, 'normalRefCount': 40, 'chr': '4', 'startPosition': 1803568, 'endPosition': 1803568, 'referenceAllele': 'C', 'variantAllele': 'G', 'proteinChange': 'S249C', 'mutationType': 'Missense_Mutation', 'ncbiBuild': 'GRCh37', 'variantType': 'SNP', 'refseqMrnaId': 'NA', 'proteinPosStart': 249, 'proteinPosEnd': 249, 'keyword': 'FGFR3 S249 missense'}]",1,"[{'uniqueSampleKey': 'VENHQS1FNy1BNTE5LTAxOmJsY2FfdGNnYV9wYW5fY2FuX2F0bGFzXzIwMTg', 'uniquePatientKey': 'VENHQS1FNy1BNTE5OmJsY2FfdGNnYV9wYW5fY2FuX2F0bGFzXzIwMTg', 'molecularProfileId': 'blca_tcga_pan_can_atlas_2018_mutations', 'sampleId': 'TCGA-E7-A519-01', 'patientId': 'TCGA-E7-A519', 'entrezGeneId': 2261, 'gene': {'entrezGeneId': 2261, 'hugoGeneSymbol': 'FGFR3', 'type': 'protein-coding'}, 'studyId': 'blca_tcga_pan_can_atlas_2018', 'center': '.', 'mutationStatus': '.', 'validationStatus': '.', 'tumorAltCount': 5, 'tumorRefCount': 14, 'normalRefCount': 40, 'chr': '4', 'startPosition': 1803568, 'endPosition': 1803568, 'referenceAllele': 'C', 'variantAllele': 'G', 'proteinChange': 'S249C', 'mutationType': 'Missense_Mutation', 'ncbiBuild': 'GRCh37', 'variantType': 'SNP', 'refseqMrnaId': 'NA', 'proteinPosStart': 249, 'proteinPosEnd': 249, 'keyword': 'FGFR3 S249 missense'}]",True,True,MUT,MUT_any,S249C,S249C,0.2631578947368421,5.0,14.0,20979.9,True,,66.0,,,,High Grade,,TCGA-E7-A519-01A-01-TSA.7A29639B-613F-4AE7-B086-86AC3E89EDF8.svs
TCGA-E7-A519-01Z-00-DX1.F197805D-A2DB-4207-91EC-A9AE1FE16C53,data/TCGA-E7-A519-01Z-00-DX1.F197805D-A2DB-4207-91EC-A9AE1FE16C53,TCGA-E7-A519-01,TCGA-E7-A519,"[{'uniqueSampleKey': 'VENHQS1FNy1BNTE5LTAxOmJsY2FfdGNnYV9wYW5fY2FuX2F0bGFzXzIwMTg', 'uniquePatientKey': 'VENHQS1FNy1BNTE5OmJsY2FfdGNnYV9wYW5fY2FuX2F0bGFzXzIwMTg', 'molecularProfileId': 'blca_tcga_pan_can_atlas_2018_mutations', 'sampleId': 'TCGA-E7-A519-01', 'patientId': 'TCGA-E7-A519', 'entrezGeneId': 2261, 'gene': {'entrezGeneId': 2261, 'hugoGeneSymbol': 'FGFR3', 'type': 'protein-coding'}, 'studyId': 'blca_tcga_pan_can_atlas_2018', 'center': '.', 'mutationStatus': '.', 'validationStatus': '.', 'tumorAltCount': 5, 'tumorRefCount': 14, 'normalRefCount': 40, 'chr': '4', 'startPosition': 1803568, 'endPosition': 1803568, 'referenceAllele': 'C', 'variantAllele': 'G', 'proteinChange': 'S249C', 'mutationType': 'Missense_Mutation', 'ncbiBuild': 'GRCh37', 'variantType': 'SNP', 'refseqMrnaId': 'NA', 'proteinPosStart': 249, 'proteinPosEnd': 249, 'keyword': 'FGFR3 S249 missense'}]",1,"[{'uniqueSampleKey': 'VENHQS1FNy1BNTE5LTAxOmJsY2FfdGNnYV9wYW5fY2FuX2F0bGFzXzIwMTg', 'uniquePatientKey': 'VENHQS1FNy1BNTE5OmJsY2FfdGNnYV9wYW5fY2FuX2F0bGFzXzIwMTg', 'molecularProfileId': 'blca_tcga_pan_can_atlas_2018_mutations', 'sampleId': 'TCGA-E7-A519-01', 'patientId': 'TCGA-E7-A519', 'entrezGeneId': 2261, 'gene': {'entrezGeneId': 2261, 'hugoGeneSymbol': 'FGFR3', 'type': 'protein-coding'}, 'studyId': 'blca_tcga_pan_can_atlas_2018', 'center': '.', 'mutationStatus': '.', 'validationStatus': '.', 'tumorAltCount': 5, 'tumorRefCount': 14, 'normalRefCount': 40, 'chr': '4', 'startPosition': 1803568, 'endPosition': 1803568, 'referenceAllele': 'C', 'variantAllele': 'G', 'proteinChange': 'S249C', 'mutationType': 'Missense_Mutation', 'ncbiBuild': 'GRCh37', 'variantType': 'SNP', 'refseqMrnaId': 'NA', 'proteinPosStart': 249, 'proteinPosEnd': 249, 'keyword': 'FGFR3 S249 missense'}]",True,True,MUT,MUT_any,S249C,S249C,0.2631578947368421,5.0,14.0,20979.9,True,,66.0,72.0,Male,Stage II,High Grade,,TCGA-E7-A519-01Z-00-DX1.F197805D-A2DB-4207-91EC-A9AE1FE16C53.svs
TCGA-E7-A5KE-01A-01-TSA.07867AB1-6C94-4977-B432-8D42C106AD21,data/TCGA-E7-A5KE-01A-01-TSA.07867AB1-6C94-4977-B432-8D42C106AD21,TCGA-E7-A5KE-01,TCGA-E7-A5KE,[],0,[],False,False,WT,WT_any,,,,,,44305.9,True,,171.0,78.0,Female,Stage II,High Grade,,TCGA-E7-A5KE-01A-01-TSA.07867AB1-6C94-4977-B432-8D42C106AD21.svs
TCGA-E7-A5KE-01Z-00-DX1.BDCD4071-5EE5-4863-A722-DAA32F3A7FB4,data/TCGA-E7-A5KE-01Z-00-DX1.BDCD4071-5EE5-4863-A722-DAA32F3A7FB4,TCGA-E7-A5KE-01,TCGA-E7-A5KE,[],0,[],False,False,WT,WT_any,,,,,,44305.9,True,,171.0,78.0,Female,Stage II,High Grade,,TCGA-E7-A5KE-01Z-00-DX1.BDCD4071-5EE5-4863-A722-DAA32F3A7FB4.svs
TCGA-E7-A5KF-01A-01-TSA.15CBA756-445A-43C8-90C9-A23FC4186290,data/TCGA-E7-A5KF-01A-01-TSA.15CBA756-445A-43C8-90C9-A23FC4186290,TCGA-E7-A5KF-01,TCGA-E7-A5KF,"[{'uniqueSampleKey': 'VENHQS1FNy1BNUtGLTAxOmJsY2FfdGNnYV9wYW5fY2FuX2F0bGFzXzIwMTg', 'uniquePatientKey': 'VENHQS1FNy1BNUtGOmJsY2FfdGNnYV9wYW5fY2FuX2F0bGFzXzIwMTg', 'molecularProfileId': 'blca_tcga_pan_can_atlas_2018_mutations', 'sampleId': 'TCGA-E7-A5KF-01', 'patientId': 'TCGA-E7-A5KF', 'entrezGeneId': 2261, 'gene': {'entrezGeneId': 2261, 'hugoGeneSymbol': 'FGFR3', 'type': 'protein-coding'}, 'studyId': 'blca_tcga_pan_can_atlas_2018', 'center': '.', 'mutationStatus': '.', 'validationStatus': '.', 'tumorAltCount': 122, 'tumorRefCount': 134, 'normalRefCount': 394, 'chr': '4', 'startPosition': 1806099, 'endPosition': 1806099, 'referenceAllele': 'A', 'variantAllele': 'G', 'proteinChange': 'Y373C', 'mutationType': 'Missense_Mutation', 'ncbiBuild': 'GRCh37', 'variantType': 'SNP', 'refseqMrnaId': 'NA', 'proteinPosStart': 373, 'proteinPosEnd': 373, 'keyword': 'FGFR3 Y373 missense'}]",1,"[{'uniqueSampleKey': 'VENHQS1FNy1BNUtGLTAxOmJsY2FfdGNnYV9wYW5fY2FuX2F0bGFzXzIwMTg', 'uniquePatientKey': 'VENHQS1FNy1BNUtGOmJsY2FfdGNnYV9wYW5fY2FuX2F0bGFzXzIwMTg', 'molecularProfileId': 'blca_tcga_pan_can_atlas_2018_mutations', 'sampleId': 'TCGA-E7-A5KF-01', 'patientId': 'TCGA-E7-A5KF', 'entrezGeneId': 2261, 'gene': {'entrezGeneId': 2261, 'hugoGeneSymbol': 'FGFR3', 'type': 'protein-coding'}, 'studyId': 'blca_tcga_pan_can_atlas_2018', 'center': '.', 'mutationStatus': '.', 'validationStatus': '.', 'tumorAltCount': 122, 'tumorRefCount': 134, 'normalRefCount': 394, 'chr': '4', 'startPosition': 1806099, 'endPosition': 1806099, 'referenceAllele': 'A', 'variantAllele': 'G', 'proteinChange': 'Y373C', 'mutationType': 'Missense_Mutation', 'ncbiBuild': 'GRCh37', 'variantType': 'SNP', 'refseqMrnaId': 'NA', 'proteinPosStart': 373, 'proteinPosEnd': 373, 'keyword': 'FGFR3 Y373 missense'}]",True,True,MUT,MUT_any,Y373C/Y375C,Y373C,0.4765625,122.0,134.0,13326.7,True,,173.0,67.0,Male,Stage II,Low Grade,,TCGA-E7-A5KF-01A-01-TSA.15CBA756-445A-43C8-90C9-A23FC4186290.svs
TCGA-E7-A5KF-01Z-00-DX1.61663245-91CA-423F-9639-30B9F7E216C4,data/TCGA-E7-A5KF-01Z-00-DX1.61663245-91CA-423F-9639-30B9F7E216C4,TCGA-E7-A5KF-01,TCGA-E7-A5KF,"[{'uniqueSampleKey': 'VENHQS1FNy1BNUtGLTAxOmJsY2FfdGNnYV9wYW5fY2FuX2F0bGFzXzIwMTg', 'uniquePatientKey': 'VENHQS1FNy1BNUtGOmJsY2FfdGNnYV9wYW5fY2FuX2F0bGFzXzIwMTg', 'molecularProfileId': 'blca_tcga_pan_can_atlas_2018_mutations', 'sampleId': 'TCGA-E7-A5KF-01', 'patientId': 'TCGA-E7-A5KF', 'entrezGeneId': 2261, 'gene': {'entrezGeneId': 2261, 'hugoGeneSymbol': 'FGFR3', 'type': 'protein-coding'}, 'studyId': 'blca_tcga_pan_can_atlas_2018', 'center': '.', 'mutationStatus': '.', 'validationStatus': '.', 'tumorAltCount': 122, 'tumorRefCount': 134, 'normalRefCount': 394, 'chr': '4', 'startPosition': 1806099, 'endPosition': 1806099, 'referenceAllele': 'A', 'variantAllele': 'G', 'proteinChange': 'Y373C', 'mutationType': 'Missense_Mutation', 'ncbiBuild': 'GRCh37', 'variantType': 'SNP', 'refseqMrnaId': 'NA', 'proteinPosStart': 373, 'proteinPosEnd': 373, 'keyword': 'FGFR3 Y373 missense'}]",1,"[{'uniqueSampleKey': 'VENHQS1FNy1BNUtGLTAxOmJsY2FfdGNnYV9wYW5fY2FuX2F0bGFzXzIwMTg', 'uniquePatientKey': 'VENHQS1FNy1BNUtGOmJsY2FfdGNnYV9wYW5fY2FuX2F0bGFzXzIwMTg', 'molecularProfileId': 'blca_tcga_pan_can_atlas_2018_mutations', 'sampleId': 'TCGA-E7-A5KF-01', 'patientId': 'TCGA-E7-A5KF', 'entrezGeneId': 2261, 'gene': {'entrezGeneId': 2261, 'hugoGeneSymbol': 'FGFR3', 'type': 'protein-coding'}, 'studyId': 'blca_tcga_pan_can_atlas_2018', 'center': '.', 'mutationStatus': '.', 'validationStatus': '.', 'tumorAltCount': 122, 'tumorRefCount': 134, 'normalRefCount': 394, 'chr': '4', 'startPosition': 1806099, 'endPosition': 1806099, 'referenceAllele': 'A', 'variantAllele': 'G', 'proteinChange': 'Y373C', 'mutationType': 'Missense_Mutation', 'ncbiBuild': 'GRCh37', 'variantType': 'SNP', 'refseqMrnaId': 'NA', 'proteinPosStart': 373, 'proteinPosEnd': 373, 'keyword': 'FGFR3 Y373 missense'}]",True,True,MUT,MUT_any,Y373C/Y375C,Y373C,0.4765625,122.0,134.0,13326.7,True,,173.0,,,,Low Grade,,TCGA-E7-A5KF-01Z-00-DX1.61663245-91CA-423F-9639-30B9F7E216C4.svs
TCGA-E7-A678-01A-01-TSA.8236A2E4-966E-4927-908A-B1846401EF30,data/TCGA-E7-A678-01A-01-TSA.8236A2E4-966E-4927-908A-B1846401EF30,TCGA-E7-A678-01,TCGA-E7-A678,"[{'uniqueSampleKey': 'VENHQS1FNy1BNjc4LTAxOmJsY2FfdGNnYV9wYW5fY2FuX2F0bGFzXzIwMTg', 'uniquePatientKey': 'VENHQS1FNy1BNjc4OmJsY2FfdGNnYV9wYW5fY2FuX2F0bGFzXzIwMTg', 'molecularProfileId': 'blca_tcga_pan_can_atlas_2018_mutations', 'sampleId': 'TCGA-E7-A678-01', 'patientId': 'TCGA-E7-A678', 'entrezGeneId': 2261, 'gene': {'entrezGeneId': 2261, 'hugoGeneSymbol': 'FGFR3', 'type': 'protein-coding'}, 'studyId': 'blca_tcga_pan_can_atlas_2018', 'center': '.', 'mutationStatus': '.', 'validationStatus': '.', 'tumorAltCount': 18, 'tumorRefCount': 14, 'normalRefCount': 47, 'chr': '4', 'startPosition': 1803568, 'endPosition': 1803568, 'referenceAllele': 'C', 'variantAllele': 'G', 'proteinChange': 'S249C', 'mutationType': 'Missense_Mutation', 'ncbiBuild': 'GRCh37', 'variantType': 'SNP', 'refseqMrnaId': 'NA', 'proteinPosStart': 249, 'proteinPosEnd': 249, 'keyword': 'FGFR3 S249 missense'}]",1,"[{'uniqueSampleKey': 'VENHQS1FNy1BNjc4LTAxOmJsY2FfdGNnYV9wYW5fY2FuX2F0bGFzXzIwMTg', 'uniquePatientKey': 'VENHQS1FNy1BNjc4OmJsY2FfdGNnYV9wYW5fY2FuX2F0bGFzXzIwMTg', 'molecularProfileId': 'blca_tcga_pan_can_atlas_2018_mutations', 'sampleId': 'TCGA-E7-A678-01', 'patientId': 'TCGA-E7-A678', 'entrezGeneId': 2261, 'gene': {'entrezGeneId': 2261, 'hugoGeneSymbol': 'FGFR3', 'type': 'protein-coding'}, 'studyId': 'blca_tcga_pan_can_atlas_2018', 'center': '.', 'mutationStatus': '.', 'validationStatus': '.', 'tumorAltCount': 18, 'tumorRefCount': 14, 'normalRefCount': 47, 'chr': '4', 'startPosition': 1803568, 'endPosition': 1803568, 'referenceAllele': 'C', 'variantAllele': 'G', 'proteinChange': 'S249C', 'mutationType': 'Missense_Mutation', 'ncbiBuild': 'GRCh37', 'variantType': 'SNP', 'refseqMrnaId': 'NA', 'proteinPosStart': 249, 'proteinPosEnd': 249, 'keyword': 'FGFR3 S249 missense'}]",True,True,MUT,MUT_any,S249C,S249C,0.5625,18.0,14.0,19093.3,True,,46.0,55.0,Male,Stage III,Low Grade,,TCGA-E7-A678-01A-01-TSA.8236A2E4-966E-4927-908A-B1846401EF30.svs
TCGA-E7-A678-01Z-00-DX1.C589E72B-7214-4EE9-A796-869C2372DD67,data/TCGA-E7-A678-01Z-00-DX1.C589E72B-7214-4EE9-A796-869C2372DD67,TCGA-E7-A678-01,TCGA-E7-A678,"[{'uniqueSampleKey': 'VENHQS1FNy1BNjc4LTAxOmJsY2FfdGNnYV9wYW5fY2FuX2F0bGFzXzIwMTg', 'uniquePatientKey': 'VENHQS1FNy1BNjc4OmJsY2FfdGNnYV9wYW5fY2FuX2F0bGFzXzIwMTg', 'molecularProfileId': 'blca_tcga_pan_can_atlas_2018_mutations', 'sampleId': 'TCGA-E7-A678-01', 'patientId': 'TCGA-E7-A678', 'entrezGeneId': 2261, 'gene': {'entrezGeneId': 2261, 'hugoGeneSymbol': 'FGFR3', 'type': 'protein-coding'}, 'studyId': 'blca_tcga_pan_can_atlas_2018', 'center': '.', 'mutationStatus': '.', 'validationStatus': '.', 'tumorAltCount': 18, 'tumorRefCount': 14, 'normalRefCount': 47, 'chr': '4', 'startPosition': 1803568, 'endPosition': 1803568, 'referenceAllele': 'C', 'variantAllele': 'G', 'proteinChange': 'S249C', 'mutationType': 'Missense_Mutation', 'ncbiBuild': 'GRCh37', 'variantType': 'SNP', 'refseqMrnaId': 'NA', 'proteinPosStart': 249, 'proteinPosEnd': 249, 'keyword': 'FGFR3 S249 missense'}]",1,"[{'uniqueSampleKey': 'VENHQS1FNy1BNjc4LTAxOmJsY2FfdGNnYV9wYW5fY2FuX2F0bGFzXzIwMTg', 'uniquePatientKey': 'VENHQS1FNy1BNjc4OmJsY2FfdGNnYV9wYW5fY2FuX2F0bGFzXzIwMTg', 'molecularProfileId': 'blca_tcga_pan_can_atlas_2018_mutations', 'sampleId': 'TCGA-E7-A678-01', 'patientId': 'TCGA-E7-A678', 'entrezGeneId': 2261, 'gene': {'entrezGeneId': 2261, 'hugoGeneSymbol': 'FGFR3', 'type': 'protein-coding'}, 'studyId': 'blca_tcga_pan_can_atlas_2018', 'center': '.', 'mutationStatus': '.', 'validationStatus': '.', 'tumorAltCount': 18, 'tumorRefCount': 14, 'normalRefCount': 47, 'chr': '4', 'startPosition': 1803568, 'endPosition': 1803568, 'referenceAllele': 'C', 'variantAllele': 'G', 'proteinChange': 'S249C', 'mutationType': 'Missense_Mutation', 'ncbiBuild': 'GRCh37', 'variantType': 'SNP', 'refseqMrnaId': 'NA', 'proteinPosStart': 249, 'proteinPosEnd': 249, 'keyword': 'FGFR3 S249 missense'}]",True,True,MUT,MUT_any,S249C,S249C,0.5625,18.0,14.0,19093.3,True,,46.0,55.0,Male,Stage III,Low Grade,,TCGA-E7-A678-01Z-00-DX1.C589E72B-7214-4EE9-A796-869C2372DD67.svs
TCGA-E7-A7DU-01A-01-TSA.6C57A327-FD34-446C-B528-17AB52827881,data/TCGA-E7-A7DU-01A-01-TSA.6C57A327-FD34-446C-B528-17AB52827881,TCGA-E7-A7DU-01,TCGA-E7-A7DU,"[{'uniqueSampleKey': 'VENHQS1FNy1BN0RVLTAxOmJsY2FfdGNnYV9wYW5fY2FuX2F0bGFzXzIwMTg', 'uniquePatientKey': 'VENHQS1FNy1BN0RVOmJsY2FfdGNnYV9wYW5fY2FuX2F0bGFzXzIwMTg', 'molecularProfileId': 'blca_tcga_pan_can_atlas_2018_mutations', 'sampleId': 'TCGA-E7-A7DU-01', 'patientId': 'TCGA-E7-A7DU', 'entrezGeneId': 2261, 'gene': {'entrezGeneId': 2261, 'hugoGeneSymbol': 'FGFR3', 'type': 'protein-coding'}, 'studyId': 'blca_tcga_pan_can_atlas_2018', 'center': '.', 'mutationStatus': '.', 'validationStatus': '.', 'tumorAltCount': 129, 'tumorRefCount': 95, 'normalRefCount': 194, 'chr': '4', 'startPosition': 1806089, 'endPosition': 1806089, 'referenceAllele': 'G', 'variantAllele': 'T', 'proteinChange': 'G370C', 'mutationType': 'Missense_Mutation', 'ncbiBuild': 'GRCh37', 'variantType': 'SNP', 'refseqMrnaId': 'NA', 'proteinPosStart': 370, 'proteinPosEnd': 370, 'keyword': 'FGFR3 G370 missense'}]",1,"[{'uniqueSampleKey': 'VENHQS1FNy1BN0RVLTAxOmJsY2FfdGNnYV9wYW5fY2FuX2F0bGFzXzIwMTg', 'uniquePatientKey': 'VENHQS1FNy1BN0RVOmJsY2FfdGNnYV9wYW5fY2FuX2F0bGFzXzIwMTg', 'molecularProfileId': 'blca_tcga_pan_can_atlas_2018_mutations', 'sampleId': 'TCGA-E7-A7DU-01', 'patientId': 'TCGA-E7-A7DU', 'entrezGeneId': 2261, 'gene': {'entrezGeneId': 2261, 'hugoGeneSymbol': 'FGFR3', 'type': 'protein-coding'}, 'studyId': 'blca_tcga_pan_can_atlas_2018', 'center': '.', 'mutationStatus': '.', 'validationStatus': '.', 'tumorAltCount': 129, 'tumorRefCount': 95, 'normalRefCount': 194, 'chr': '4', 'startPosition': 1806089, 'endPosition': 1806089, 'referenceAllele': 'G', 'variantAllele': 'T', 'proteinChange': 'G370C', 'mutationType': 'Missense_Mutation', 'ncbiBuild': 'GRCh37', 'variantType': 'SNP', 'refseqMrnaId': 'NA', 'proteinPosStart': 370, 'proteinPosEnd': 370, 'keyword': 'FGFR3 G370 missense'}]",True,True,MUT,MUT_any,G370C/G372C,G370C,0.5758928571428571,129.0,95.0,19293.0,True,,243.0,,,,Low Grade,,TCGA-E7-A7DU-01A-01-TSA.6C57A327-FD34-446C-B528-17AB52827881.svs
TCGA-E7-A7DU-01Z-00-DX1.25C7F59E-1F03-47EF-9F17-DB9ADB16276E,data/TCGA-E7-A7DU-01Z-00-DX1.25C7F59E-1F03-47EF-9F17-DB9ADB16276E,TCGA-E7-A7DU-01,TCGA-E7-A7DU,"[{'uniqueSampleKey': 'VENHQS1FNy1BN0RVLTAxOmJsY2FfdGNnYV9wYW5fY2FuX2F0bGFzXzIwMTg', 'uniquePatientKey': 'VENHQS1FNy1BN0RVOmJsY2FfdGNnYV9wYW5fY2FuX2F0bGFzXzIwMTg', 'molecularProfileId': 'blca_tcga_pan_can_atlas_2018_mutations', 'sampleId': 'TCGA-E7-A7DU-01', 'patientId': 'TCGA-E7-A7DU', 'entrezGeneId': 2261, 'gene': {'entrezGeneId': 2261, 'hugoGeneSymbol': 'FGFR3', 'type': 'protein-coding'}, 'studyId': 'blca_tcga_pan_can_atlas_2018', 'center': '.', 'mutationStatus': '.', 'validationStatus': '.', 'tumorAltCount': 129, 'tumorRefCount': 95, 'normalRefCount': 194, 'chr': '4', 'startPosition': 1806089, 'endPosition': 1806089, 'referenceAllele': 'G', 'variantAllele': 'T', 'proteinChange': 'G370C', 'mutationType': 'Missense_Mutation', 'ncbiBuild': 'GRCh37', 'variantType': 'SNP', 'refseqMrnaId': 'NA', 'proteinPosStart': 370, 'proteinPosEnd': 370, 'keyword': 'FGFR3 G370 missense'}]",1,"[{'uniqueSampleKey': 'VENHQS1FNy1BN0RVLTAxOmJsY2FfdGNnYV9wYW5fY2FuX2F0bGFzXzIwMTg', 'uniquePatientKey': 'VENHQS1FNy1BN0RVOmJsY2FfdGNnYV9wYW5fY2FuX2F0bGFzXzIwMTg', 'molecularProfileId': 'blca_tcga_pan_can_atlas_2018_mutations', 'sampleId': 'TCGA-E7-A7DU-01', 'patientId': 'TCGA-E7-A7DU', 'entrezGeneId': 2261, 'gene': {'entrezGeneId': 2261, 'hugoGeneSymbol': 'FGFR3', 'type': 'protein-coding'}, 'studyId': 'blca_tcga_pan_can_atlas_2018', 'center': '.', 'mutationStatus': '.', 'validationStatus': '.', 'tumorAltCount': 129, 'tumorRefCount': 95, 'normalRefCount': 194, 'chr': '4', 'startPosition': 1806089, 'endPosition': 1806089, 'referenceAllele': 'G', 'variantAllele': 'T', 'proteinChange': 'G370C', 'mutationType': 'Missense_Mutation', 'ncbiBuild': 'GRCh37', 'variantType': 'SNP', 'refseqMrnaId': 'NA', 'proteinPosStart': 370, 'proteinPosEnd': 370, 'keyword': 'FGFR3 G370 missense'}]",True,True,MUT,MUT_any,G370C/G372C,G370C,0.5758928571428571,129.0,95.0,19293.0,True,,243.0,,,,Low Grade,,TCGA-E7-A7DU-01Z-00-DX1.25C7F59E-1F03-47EF-9F17-DB9ADB16276E.svs
TCGA-E7-A7DV-01A-01-TSA.789B2BC4-8AF0-4DF3-955E-B4CDC074DE2C,data/TCGA-E7-A7DV-01A-01-TSA.789B2BC4-8AF0-4DF3-955E-B4CDC074DE2C,TCGA-E7-A7DV-01,TCGA-E7-A7DV,"[{'uniqueSampleKey': 'VENHQS1FNy1BN0RWLTAxOmJsY2FfdGNnYV9wYW5fY2FuX2F0bGFzXzIwMTg', 'uniquePatientKey': 'VENHQS1FNy1BN0RWOmJsY2FfdGNnYV9wYW5fY2FuX2F0bGFzXzIwMTg', 'molecularProfileId': 'blca_tcga_pan_can_atlas_2018_mutations', 'sampleId': 'TCGA-E7-A7DV-01', 'patientId': 'TCGA-E7-A7DV', 'entrezGeneId': 2261, 'gene': {'entrezGeneId': 2261, 'hugoGeneSymbol': 'FGFR3', 'type': 'protein-coding'}, 'studyId': 'blca_tcga_pan_can_atlas_2018', 'center': '.', 'mutationStatus': '.', 'validationStatus': '.', 'tumorAltCount': 14, 'tumorRefCount': 28, 'normalRefCount': 23, 'chr': '4', 'startPosition': 1803568, 'endPosition': 1803568, 'referenceAllele': 'C', 'variantAllele': 'G', 'proteinChange': 'S249C', 'mutationType': 'Missense_Mutation', 'ncbiBuild': 'GRCh37', 'variantType': 'SNP', 'refseqMrnaId': 'NA', 'proteinPosStart': 249, 'proteinPosEnd': 249, 'keyword': 'FGFR3 S249 missense'}]",1,"[{'uniqueSampleKey': 'VENHQS1FNy1BN0RWLTAxOmJsY2FfdGNnYV9wYW5fY2FuX2F0bGFzXzIwMTg', 'uniquePatientKey': 'VENHQS1FNy1BN0RWOmJsY2FfdGNnYV9wYW5fY2FuX2F0bGFzXzIwMTg', 'molecularProfileId': 'blca_tcga_pan_can_atlas_2018_mutations', 'sampleId': 'TCGA-E7-A7DV-01', 'patientId': 'TCGA-E7-A7DV', 'entrezGeneId': 2261, 'gene': {'entrezGeneId': 2261, 'hugoGeneSymbol': 'FGFR3', 'type': 'protein-coding'}, 'studyId': 'blca_tcga_pan_can_atlas_2018', 'center': '.', 'mutationStatus': '.', 'validationStatus': '.', 'tumorAltCount': 14, 'tumorRefCount': 28, 'normalRefCount': 23, 'chr': '4', 'startPosition': 1803568, 'endPosition': 1803568, 'referenceAllele': 'C', 'variantAllele': 'G', 'proteinChange': 'S249C', 'mutationType': 'Missense_Mutation', 'ncbiBuild': 'GRCh37', 'variantType': 'SNP', 'refseqMrnaId': 'NA', 'proteinPosStart': 249, 'proteinPosEnd': 249, 'keyword': 'FGFR3 S249 missense'}]",True,True,MUT,MUT_any,S249C,S249C,0.3333333333333333,14.0,28.0,22.7295,True,,493.0,44.0,Male,Stage IV,High Grade,,TCGA-E7-A7DV-01A-01-TSA.789B2BC4-8AF0-4DF3-955E-B4CDC074DE2C.svs
TCGA-E7-A7DV-01Z-00-DX1.FCE4752B-30BC-4747-A9F4-38141E09F005,data/TCGA-E7-A7DV-01Z-00-DX1.FCE4752B-30BC-4747-A9F4-38141E09F005,TCGA-E7-A7DV-01,TCGA-E7-A7DV,"[{'uniqueSampleKey': 'VENHQS1FNy1BN0RWLTAxOmJsY2FfdGNnYV9wYW5fY2FuX2F0bGFzXzIwMTg', 'uniquePatientKey': 'VENHQS1FNy1BN0RWOmJsY2FfdGNnYV9wYW5fY2FuX2F0bGFzXzIwMTg', 'molecularProfileId': 'blca_tcga_pan_can_atlas_2018_mutations', 'sampleId': 'TCGA-E7-A7DV-01', 'patientId': 'TCGA-E7-A7DV', 'entrezGeneId': 2261, 'gene': {'entrezGeneId': 2261, 'hugoGeneSymbol': 'FGFR3', 'type': 'protein-coding'}, 'studyId': 'blca_tcga_pan_can_atlas_2018', 'center': '.', 'mutationStatus': '.', 'validationStatus': '.', 'tumorAltCount': 14, 'tumorRefCount': 28, 'normalRefCount': 23, 'chr': '4', 'startPosition': 1803568, 'endPosition': 1803568, 'referenceAllele': 'C', 'variantAllele': 'G', 'proteinChange': 'S249C', 'mutationType': 'Missense_Mutation', 'ncbiBuild': 'GRCh37', 'variantType': 'SNP', 'refseqMrnaId': 'NA', 'proteinPosStart': 249, 'proteinPosEnd': 249, 'keyword': 'FGFR3 S249 missense'}]",1,"[{'uniqueSampleKey': 'VENHQS1FNy1BN0RWLTAxOmJsY2FfdGNnYV9wYW5fY2FuX2F0bGFzXzIwMTg', 'uniquePatientKey': 'VENHQS1FNy1BN0RWOmJsY2FfdGNnYV9wYW5fY2FuX2F0bGFzXzIwMTg', 'molecularProfileId': 'blca_tcga_pan_can_atlas_2018_mutations', 'sampleId': 'TCGA-E7-A7DV-01', 'patientId': 'TCGA-E7-A7DV', 'entrezGeneId': 2261, 'gene': {'entrezGeneId': 2261, 'hugoGeneSymbol': 'FGFR3', 'type': 'protein-coding'}, 'studyId': 'blca_tcga_pan_can_atlas_2018', 'center': '.', 'mutationStatus': '.', 'validationStatus': '.', 'tumorAltCount': 14, 'tumorRefCount': 28, 'normalRefCount': 23, 'chr': '4', 'startPosition': 1803568, 'endPosition': 1803568, 'referenceAllele': 'C', 'variantAllele': 'G', 'proteinChange': 'S249C', 'mutationType': 'Missense_Mutation', 'ncbiBuild': 'GRCh37', 'variantType': 'SNP', 'refseqMrnaId': 'NA', 'proteinPosStart': 249, 'proteinPosEnd': 249, 'keyword': 'FGFR3 S249 missense'}]",True,True,MUT,MUT_any,S249C,S249C,0.3333333333333333,14.0,28.0,22.7295,True,,493.0,,,,High Grade,,TCGA-E7-A7DV-01Z-00-DX1.FCE4752B-30BC-4747-A9F4-38141E09F005.svs
TCGA-E7-A7PW-01A-01-TSA.A1A3346B-B696-4A4B-8C8F-229764031E85,data/TCGA-E7-A7PW-01A-01-TSA.A1A3346B-B696-4A4B-8C8F-229764031E85,TCGA-E7-A7PW-01,TCGA-E7-A7PW,[],0,[],False,False,WT,WT_any,,,,,,2449.66,True,,76.0,63.0,Male,Stage III,High Grade,,TCGA-E7-A7PW-01A-01-TSA.A1A3346B-B696-4A4B-8C8F-229764031E85.svs
TCGA-E7-A7PW-01Z-00-DX1.27B92FC6-D50C-4816-A2C2-35E73D379DDD,data/TCGA-E7-A7PW-01Z-00-DX1.27B92FC6-D50C-4816-A2C2-35E73D379DDD,TCGA-E7-A7PW-01,TCGA-E7-A7PW,[],0,[],False,False,WT,WT_any,,,,,,2449.66,True,,76.0,63.0,Male,Stage III,High Grade,,TCGA-E7-A7PW-01Z-00-DX1.27B92FC6-D50C-4816-A2C2-35E73D379DDD.svs
TCGA-E7-A7XN-01A-01-TSA.B3C50C7C-C178-4489-B947-13FFA54BDE6E,data/TCGA-E7-A7XN-01A-01-TSA.B3C50C7C-C178-4489-B947-13FFA54BDE6E,TCGA-E7-A7XN-01,TCGA-E7-A7XN,"[{'uniqueSampleKey': 'VENHQS1FNy1BN1hOLTAxOmJsY2FfdGNnYV9wYW5fY2FuX2F0bGFzXzIwMTg', 'uniquePatientKey': 'VENHQS1FNy1BN1hOOmJsY2FfdGNnYV9wYW5fY2FuX2F0bGFzXzIwMTg', 'molecularProfileId': 'blca_tcga_pan_can_atlas_2018_mutations', 'sampleId': 'TCGA-E7-A7XN-01', 'patientId': 'TCGA-E7-A7XN', 'entrezGeneId': 2261, 'gene': {'entrezGeneId': 2261, 'hugoGeneSymbol': 'FGFR3', 'type': 'protein-coding'}, 'studyId': 'blca_tcga_pan_can_atlas_2018', 'center': '.', 'mutationStatus': '.', 'validationStatus': '.', 'tumorAltCount': 13, 'tumorRefCount': 31, 'normalRefCount': 27, 'chr': '4', 'startPosition': 1803568, 'endPosition': 1803568, 'referenceAllele': 'C', 'variantAllele': 'G', 'proteinChange': 'S249C', 'mutationType': 'Missense_Mutation', 'ncbiBuild': 'GRCh37', 'variantType': 'SNP', 'refseqMrnaId': 'NA', 'proteinPosStart': 249, 'proteinPosEnd': 249, 'keyword': 'FGFR3 S249 missense'}]",1,"[{'uniqueSampleKey': 'VENHQS1FNy1BN1hOLTAxOmJsY2FfdGNnYV9wYW5fY2FuX2F0bGFzXzIwMTg', 'uniquePatientKey': 'VENHQS1FNy1BN1hOOmJsY2FfdGNnYV9wYW5fY2FuX2F0bGFzXzIwMTg', 'molecularProfileId': 'blca_tcga_pan_can_atlas_2018_mutations', 'sampleId': 'TCGA-E7-A7XN-01', 'patientId': 'TCGA-E7-A7XN', 'entrezGeneId': 2261, 'gene': {'entrezGeneId': 2261, 'hugoGeneSymbol': 'FGFR3', 'type': 'protein-coding'}, 'studyId': 'blca_tcga_pan_can_atlas_2018', 'center': '.', 'mutationStatus': '.', 'validationStatus': '.', 'tumorAltCount': 13, 'tumorRefCount': 31, 'normalRefCount': 27, 'chr': '4', 'startPosition': 1803568, 'endPosition': 1803568, 'referenceAllele': 'C', 'variantAllele': 'G', 'proteinChange': 'S249C', 'mutationType': 'Missense_Mutation', 'ncbiBuild': 'GRCh37', 'variantType': 'SNP', 'refseqMrnaId': 'NA', 'proteinPosStart': 249, 'proteinPosEnd': 249, 'keyword': 'FGFR3 S249 missense'}]",True,True,MUT,MUT_any,S249C,S249C,0.29545454545454547,13.0,31.0,12524.5,True,,861.0,66.0,Male,Stage III,High Grade,,TCGA-E7-A7XN-01A-01-TSA.B3C50C7C-C178-4489-B947-13FFA54BDE6E.svs
TCGA-E7-A7XN-01Z-00-DX1.5C955881-5B13-4D6B-B99C-E849ADCDE647,data/TCGA-E7-A7XN-01Z-00-DX1.5C955881-5B13-4D6B-B99C-E849ADCDE647,TCGA-E7-A7XN-01,TCGA-E7-A7XN,"[{'uniqueSampleKey': 'VENHQS1FNy1BN1hOLTAxOmJsY2FfdGNnYV9wYW5fY2FuX2F0bGFzXzIwMTg', 'uniquePatientKey': 'VENHQS1FNy1BN1hOOmJsY2FfdGNnYV9wYW5fY2FuX2F0bGFzXzIwMTg', 'molecularProfileId': 'blca_tcga_pan_can_atlas_2018_mutations', 'sampleId': 'TCGA-E7-A7XN-01', 'patientId': 'TCGA-E7-A7XN', 'entrezGeneId': 2261, 'gene': {'entrezGeneId': 2261, 'hugoGeneSymbol': 'FGFR3', 'type': 'protein-coding'}, 'studyId': 'blca_tcga_pan_can_atlas_2018', 'center': '.', 'mutationStatus': '.', 'validationStatus': '.', 'tumorAltCount': 13, 'tumorRefCount': 31, 'normalRefCount': 27, 'chr': '4', 'startPosition': 1803568, 'endPosition': 1803568, 'referenceAllele': 'C', 'variantAllele': 'G', 'proteinChange': 'S249C', 'mutationType': 'Missense_Mutation', 'ncbiBuild': 'GRCh37', 'variantType': 'SNP', 'refseqMrnaId': 'NA', 'proteinPosStart': 249, 'proteinPosEnd': 249, 'keyword': 'FGFR3 S249 missense'}]",1,"[{'uniqueSampleKey': 'VENHQS1FNy1BN1hOLTAxOmJsY2FfdGNnYV9wYW5fY2FuX2F0bGFzXzIwMTg', 'uniquePatientKey': 'VENHQS1FNy1BN1hOOmJsY2FfdGNnYV9wYW5fY2FuX2F0bGFzXzIwMTg', 'molecularProfileId': 'blca_tcga_pan_can_atlas_2018_mutations', 'sampleId': 'TCGA-E7-A7XN-01', 'patientId': 'TCGA-E7-A7XN', 'entrezGeneId': 2261, 'gene': {'entrezGeneId': 2261, 'hugoGeneSymbol': 'FGFR3', 'type': 'protein-coding'}, 'studyId': 'blca_tcga_pan_can_atlas_2018', 'center': '.', 'mutationStatus': '.', 'validationStatus': '.', 'tumorAltCount': 13, 'tumorRefCount': 31, 'normalRefCount': 27, 'chr': '4', 'startPosition': 1803568, 'endPosition': 1803568, 'referenceAllele': 'C', 'variantAllele': 'G', 'proteinChange': 'S249C', 'mutationType': 'Missense_Mutation', 'ncbiBuild': 'GRCh37', 'variantType': 'SNP', 'refseqMrnaId': 'NA', 'proteinPosStart': 249, 'proteinPosEnd': 249, 'keyword': 'FGFR3 S249 missense'}]",True,True,MUT,MUT_any,S249C,S249C,0.29545454545454547,13.0,31.0,12524.5,True,,861.0,66.0,Male,Stage III,High Grade,,TCGA-E7-A7XN-01Z-00-DX1.5C955881-5B13-4D6B-B99C-E849ADCDE647.svs
TCGA-E7-A8O7-01A-01-TSA.A803F220-B487-44C0-832D-9D0B53F9CC79,data/TCGA-E7-A8O7-01A-01-TSA.A803F220-B487-44C0-832D-9D0B53F9CC79,TCGA-E7-A8O7-01,TCGA-E7-A8O7,[],0,[],False,False,WT,WT_any,,,,,,4946.99,True,,26.0,52.0,Male,Stage II,Low Grade,,TCGA-E7-A8O7-01A-01-TSA.A803F220-B487-44C0-832D-9D0B53F9CC79.svs
TCGA-E7-A8O7-01Z-00-DX1.E3D79C43-608D-40A1-9F65-0414FDF27741,data/TCGA-E7-A8O7-01Z-00-DX1.E3D79C43-608D-40A1-9F65-0414FDF27741,TCGA-E7-A8O7-01,TCGA-E7-A8O7,[],0,[],False,False,WT,WT_any,,,,,,4946.99,True,,26.0,,,,Low Grade,,TCGA-E7-A8O7-01Z-00-DX1.E3D79C43-608D-40A1-9F65-0414FDF27741.svs
TCGA-E7-A97P-01A-01-TSA.13E14A90-7DE2-4895-838A-02969BBD7B14,data/TCGA-E7-A97P-01A-01-TSA.13E14A90-7DE2-4895-838A-02969BBD7B14,TCGA-E7-A97P-01,TCGA-E7-A97P,[],0,[],False,False,WT,WT_any,,,,,,3442.04,True,,193.0,,,,High Grade,,TCGA-E7-A97P-01A-01-TSA.13E14A90-7DE2-4895-838A-02969BBD7B14.svs
TCGA-E7-A97P-01Z-00-DX1.09FD969F-62C2-4C79-A826-657A7991C87B,data/TCGA-E7-A97P-01Z-00-DX1.09FD969F-62C2-4C79-A826-657A7991C87B,TCGA-E7-A97P-01,TCGA-E7-A97P,[],0,[],False,False,WT,WT_any,,,,,,3442.04,True,,193.0,73.0,Male,Stage II,High Grade,,TCGA-E7-A97P-01Z-00-DX1.09FD969F-62C2-4C79-A826-657A7991C87B.svs
TCGA-FD-A3B3-01A-01-TSA.C4431F39-E467-4177-8B1B-8E4844D410A0,data/TCGA-FD-A3B3-01A-01-TSA.C4431F39-E467-4177-8B1B-8E4844D410A0,TCGA-FD-A3B3-01,TCGA-FD-A3B3,[],0,[],False,False,WT,WT_any,,,,,,419.608,True,,164.0,,,,High Grade,,TCGA-FD-A3B3-01A-01-TSA.C4431F39-E467-4177-8B1B-8E4844D410A0.svs
TCGA-FD-A3B3-01Z-00-DX1.CD634C50-2746-468E-BEEC-50E76E400602,data/TCGA-FD-A3B3-01Z-00-DX1.CD634C50-2746-468E-BEEC-50E76E400602,TCGA-FD-A3B3-01,TCGA-FD-A3B3,[],0,[],False,False,WT,WT_any,,,,,,419.608,True,,164.0,,,,High Grade,,TCGA-FD-A3B3-01Z-00-DX1.CD634C50-2746-468E-BEEC-50E76E400602.svs
TCGA-FD-A3B5-01A-01-TSA.8CB2DF51-FD10-4DF4-82E7-622FA39C6327,data/TCGA-FD-A3B5-01A-01-TSA.8CB2DF51-FD10-4DF4-82E7-622FA39C6327,TCGA-FD-A3B5-01,TCGA-FD-A3B5,[],0,[],False,False,WT,WT_any,,,,,,1306.42,True,,143.0,,,,High Grade,,TCGA-FD-A3B5-01A-01-TSA.8CB2DF51-FD10-4DF4-82E7-622FA39C6327.svs
TCGA-FD-A3B5-01Z-00-DX1.69DEA650-3D53-46AC-BB60-BF68C4413608,data/TCGA-FD-A3B5-01Z-00-DX1.69DEA650-3D53-46AC-BB60-BF68C4413608,TCGA-FD-A3B5-01,TCGA-FD-A3B5,[],0,[],False,False,WT,WT_any,,,,,,1306.42,True,,143.0,,,,High Grade,,TCGA-FD-A3B5-01Z-00-DX1.69DEA650-3D53-46AC-BB60-BF68C4413608.svs
TCGA-FD-A3B6-01A-02-TSB.A58D9D6E-86E3-4C50-827C-37ED76118E88,data/TCGA-FD-A3B6-01A-02-TSB.A58D9D6E-86E3-4C50-827C-37ED76118E88,TCGA-FD-A3B6-01,TCGA-FD-A3B6,[],0,[],False,False,WT,WT_any,,,,,,5.296,True,,255.0,,,,High Grade,,TCGA-FD-A3B6-01A-02-TSB.A58D9D6E-86E3-4C50-827C-37ED76118E88.svs
TCGA-FD-A3B6-01Z-00-DX1.04CCC012-F2FF-4CBA-9A2C-8EC979427204,data/TCGA-FD-A3B6-01Z-00-DX1.04CCC012-F2FF-4CBA-9A2C-8EC979427204,TCGA-FD-A3B6-01,TCGA-FD-A3B6,[],0,[],False,False,WT,WT_any,,,,,,5.296,True,,255.0,,,,High Grade,,TCGA-FD-A3B6-01Z-00-DX1.04CCC012-F2FF-4CBA-9A2C-8EC979427204.svs
TCGA-FD-A3B7-01A-03-TSC.E65BD01D-126E-48DD-B16B-43723A622514,data/TCGA-FD-A3B7-01A-03-TSC.E65BD01D-126E-48DD-B16B-43723A622514,TCGA-FD-A3B7-01,TCGA-FD-A3B7,[],0,[],False,False,WT,WT_any,,,,,,570.245,True,,64.0,,,,High Grade,,TCGA-FD-A3B7-01A-03-TSC.E65BD01D-126E-48DD-B16B-43723A622514.svs
TCGA-FD-A3B7-01Z-00-DX1.758419EB-E5A3-4383-817A-B3870FBA1776,data/TCGA-FD-A3B7-01Z-00-DX1.758419EB-E5A3-4383-817A-B3870FBA1776,TCGA-FD-A3B7-01,TCGA-FD-A3B7,[],0,[],False,False,WT,WT_any,,,,,,570.245,True,,64.0,66.0,Male,Stage III,High Grade,,TCGA-FD-A3B7-01Z-00-DX1.758419EB-E5A3-4383-817A-B3870FBA1776.svs
TCGA-FD-A3B8-01A-03-TSC.19A3E760-E887-404A-9004-836631C04533,data/TCGA-FD-A3B8-01A-03-TSC.19A3E760-E887-404A-9004-836631C04533,TCGA-FD-A3B8-01,TCGA-FD-A3B8,[],0,[],False,False,WT,WT_any,,,,,,996.187,True,,38.0,56.0,Male,Stage II,High Grade,,TCGA-FD-A3B8-01A-03-TSC.19A3E760-E887-404A-9004-836631C04533.svs
TCGA-FD-A3B8-01Z-00-DX1.85E75835-8607-47C3-B8BD-4F01E54E5574,data/TCGA-FD-A3B8-01Z-00-DX1.85E75835-8607-47C3-B8BD-4F01E54E5574,TCGA-FD-A3B8-01,TCGA-FD-A3B8,[],0,[],False,False,WT,WT_any,,,,,,996.187,True,,38.0,56.0,Male,Stage II,High Grade,,TCGA-FD-A3B8-01Z-00-DX1.85E75835-8607-47C3-B8BD-4F01E54E5574.svs
TCGA-FD-A3NA-01A-01-TSA.D3A05AE7-36A3-4568-9AD1-AF9B698E7E64,data/TCGA-FD-A3NA-01A-01-TSA.D3A05AE7-36A3-4568-9AD1-AF9B698E7E64,TCGA-FD-A3NA-01,TCGA-FD-A3NA,[],0,[],False,False,WT,WT_any,,,,,,2340.74,True,,166.0,60.0,Male,Stage II,High Grade,,TCGA-FD-A3NA-01A-01-TSA.D3A05AE7-36A3-4568-9AD1-AF9B698E7E64.svs
TCGA-FD-A3NA-01Z-00-DX1.2AD62CEE-0D76-4382-AE2E-9B7FCB1130D9,data/TCGA-FD-A3NA-01Z-00-DX1.2AD62CEE-0D76-4382-AE2E-9B7FCB1130D9,TCGA-FD-A3NA-01,TCGA-FD-A3NA,[],0,[],False,False,WT,WT_any,,,,,,2340.74,True,,166.0,60.0,Male,Stage II,High Grade,,TCGA-FD-A3NA-01Z-00-DX1.2AD62CEE-0D76-4382-AE2E-9B7FCB1130D9.svs
TCGA-FD-A3SJ-01A-01-TSA.803AC669-8128-45D9-B770-82D3D0680D56,data/TCGA-FD-A3SJ-01A-01-TSA.803AC669-8128-45D9-B770-82D3D0680D56,TCGA-FD-A3SJ-01,TCGA-FD-A3SJ,[],0,[],False,False,WT,WT_any,,,,,,831.722,True,,219.0,59.0,Male,Stage IV,High Grade,,TCGA-FD-A3SJ-01A-01-TSA.803AC669-8128-45D9-B770-82D3D0680D56.svs
TCGA-FD-A3SJ-01Z-00-DX1.CF7DF110-22A8-4071-9717-A71915407248,data/TCGA-FD-A3SJ-01Z-00-DX1.CF7DF110-22A8-4071-9717-A71915407248,TCGA-FD-A3SJ-01,TCGA-FD-A3SJ,[],0,[],False,False,WT,WT_any,,,,,,831.722,True,,219.0,59.0,Male,Stage IV,High Grade,,TCGA-FD-A3SJ-01Z-00-DX1.CF7DF110-22A8-4071-9717-A71915407248.svs
TCGA-FD-A3SL-01A-02-TSB.56798312-194A-41F5-B415-7063F3AB1DCB,data/TCGA-FD-A3SL-01A-02-TSB.56798312-194A-41F5-B415-7063F3AB1DCB,TCGA-FD-A3SL-01,TCGA-FD-A3SL,[],0,[],False,False,WT,WT_any,,,,,,632.851,True,,201.0,,,,High Grade,,TCGA-FD-A3SL-01A-02-TSB.56798312-194A-41F5-B415-7063F3AB1DCB.svs
TCGA-FD-A3SL-01Z-00-DX1.7B364C1F-3879-43C1-A3C7-B1CB03A7616B,data/TCGA-FD-A3SL-01Z-00-DX1.7B364C1F-3879-43C1-A3C7-B1CB03A7616B,TCGA-FD-A3SL-01,TCGA-FD-A3SL,[],0,[],False,False,WT,WT_any,,,,,,632.851,True,,201.0,60.0,Male,Stage IV,High Grade,,TCGA-FD-A3SL-01Z-00-DX1.7B364C1F-3879-43C1-A3C7-B1CB03A7616B.svs
TCGA-FD-A3SM-01A-01-TSA.A975E694-8C4E-4CC7-88B3-60C7F722ED72,data/TCGA-FD-A3SM-01A-01-TSA.A975E694-8C4E-4CC7-88B3-60C7F722ED72,TCGA-FD-A3SM-01,TCGA-FD-A3SM,"[{'uniqueSampleKey': 'VENHQS1GRC1BM1NNLTAxOmJsY2FfdGNnYV9wYW5fY2FuX2F0bGFzXzIwMTg', 'uniquePatientKey': 'VENHQS1GRC1BM1NNOmJsY2FfdGNnYV9wYW5fY2FuX2F0bGFzXzIwMTg', 'molecularProfileId': 'blca_tcga_pan_can_atlas_2018_mutations', 'sampleId': 'TCGA-FD-A3SM-01', 'patientId': 'TCGA-FD-A3SM', 'entrezGeneId': 2261, 'gene': {'entrezGeneId': 2261, 'hugoGeneSymbol': 'FGFR3', 'type': 'protein-coding'}, 'studyId': 'blca_tcga_pan_can_atlas_2018', 'center': '.', 'mutationStatus': '.', 'validationStatus': '.', 'tumorAltCount': 12, 'tumorRefCount': 28, 'normalRefCount': 45, 'chr': '4', 'startPosition': 1803568, 'endPosition': 1803568, 'referenceAllele': 'C', 'variantAllele': 'G', 'proteinChange': 'S249C', 'mutationType': 'Missense_Mutation', 'ncbiBuild': 'GRCh37', 'variantType': 'SNP', 'refseqMrnaId': 'NA', 'proteinPosStart': 249, 'proteinPosEnd': 249, 'keyword': 'FGFR3 S249 missense'}]",1,"[{'uniqueSampleKey': 'VENHQS1GRC1BM1NNLTAxOmJsY2FfdGNnYV9wYW5fY2FuX2F0bGFzXzIwMTg', 'uniquePatientKey': 'VENHQS1GRC1BM1NNOmJsY2FfdGNnYV9wYW5fY2FuX2F0bGFzXzIwMTg', 'molecularProfileId': 'blca_tcga_pan_can_atlas_2018_mutations', 'sampleId': 'TCGA-FD-A3SM-01', 'patientId': 'TCGA-FD-A3SM', 'entrezGeneId': 2261, 'gene': {'entrezGeneId': 2261, 'hugoGeneSymbol': 'FGFR3', 'type': 'protein-coding'}, 'studyId': 'blca_tcga_pan_can_atlas_2018', 'center': '.', 'mutationStatus': '.', 'validationStatus': '.', 'tumorAltCount': 12, 'tumorRefCount': 28, 'normalRefCount': 45, 'chr': '4', 'startPosition': 1803568, 'endPosition': 1803568, 'referenceAllele': 'C', 'variantAllele': 'G', 'proteinChange': 'S249C', 'mutationType': 'Missense_Mutation', 'ncbiBuild': 'GRCh37', 'variantType': 'SNP', 'refseqMrnaId': 'NA', 'proteinPosStart': 249, 'proteinPosEnd': 249, 'keyword': 'FGFR3 S249 missense'}]",True,True,MUT,MUT_any,S249C,S249C,0.3,12.0,28.0,11798.7,True,,185.0,,,,High Grade,,TCGA-FD-A3SM-01A-01-TSA.A975E694-8C4E-4CC7-88B3-60C7F722ED72.svs
TCGA-FD-A3SM-01Z-00-DX1.D391C864-B5B5-4C4D-915F-FBD8BCACAD36,data/TCGA-FD-A3SM-01Z-00-DX1.D391C864-B5B5-4C4D-915F-FBD8BCACAD36,TCGA-FD-A3SM-01,TCGA-FD-A3SM,"[{'uniqueSampleKey': 'VENHQS1GRC1BM1NNLTAxOmJsY2FfdGNnYV9wYW5fY2FuX2F0bGFzXzIwMTg', 'uniquePatientKey': 'VENHQS1GRC1BM1NNOmJsY2FfdGNnYV9wYW5fY2FuX2F0bGFzXzIwMTg', 'molecularProfileId': 'blca_tcga_pan_can_atlas_2018_mutations', 'sampleId': 'TCGA-FD-A3SM-01', 'patientId': 'TCGA-FD-A3SM', 'entrezGeneId': 2261, 'gene': {'entrezGeneId': 2261, 'hugoGeneSymbol': 'FGFR3', 'type': 'protein-coding'}, 'studyId': 'blca_tcga_pan_can_atlas_2018', 'center': '.', 'mutationStatus': '.', 'validationStatus': '.', 'tumorAltCount': 12, 'tumorRefCount': 28, 'normalRefCount': 45, 'chr': '4', 'startPosition': 1803568, 'endPosition': 1803568, 'referenceAllele': 'C', 'variantAllele': 'G', 'proteinChange': 'S249C', 'mutationType': 'Missense_Mutation', 'ncbiBuild': 'GRCh37', 'variantType': 'SNP', 'refseqMrnaId': 'NA', 'proteinPosStart': 249, 'proteinPosEnd': 249, 'keyword': 'FGFR3 S249 missense'}]",1,"[{'uniqueSampleKey': 'VENHQS1GRC1BM1NNLTAxOmJsY2FfdGNnYV9wYW5fY2FuX2F0bGFzXzIwMTg', 'uniquePatientKey': 'VENHQS1GRC1BM1NNOmJsY2FfdGNnYV9wYW5fY2FuX2F0bGFzXzIwMTg', 'molecularProfileId': 'blca_tcga_pan_can_atlas_2018_mutations', 'sampleId': 'TCGA-FD-A3SM-01', 'patientId': 'TCGA-FD-A3SM', 'entrezGeneId': 2261, 'gene': {'entrezGeneId': 2261, 'hugoGeneSymbol': 'FGFR3', 'type': 'protein-coding'}, 'studyId': 'blca_tcga_pan_can_atlas_2018', 'center': '.', 'mutationStatus': '.', 'validationStatus': '.', 'tumorAltCount': 12, 'tumorRefCount': 28, 'normalRefCount': 45, 'chr': '4', 'startPosition': 1803568, 'endPosition': 1803568, 'referenceAllele': 'C', 'variantAllele': 'G', 'proteinChange': 'S249C', 'mutationType': 'Missense_Mutation', 'ncbiBuild': 'GRCh37', 'variantType': 'SNP', 'refseqMrnaId': 'NA', 'proteinPosStart': 249, 'proteinPosEnd': 249, 'keyword': 'FGFR3 S249 missense'}]",True,True,MUT,MUT_any,S249C,S249C,0.3,12.0,28.0,11798.7,True,,185.0,,,,High Grade,,TCGA-FD-A3SM-01Z-00-DX1.D391C864-B5B5-4C4D-915F-FBD8BCACAD36.svs
TCGA-FD-A3SN-01A-01-TSA.458E13A3-3B6F-4515-8569-F4A59EF1BA3C,data/TCGA-FD-A3SN-01A-01-TSA.458E13A3-3B6F-4515-8569-F4A59EF1BA3C,TCGA-FD-A3SN-01,TCGA-FD-A3SN,[],0,[],False,False,WT,WT_any,,,,,,916.037,True,,335.0,79.0,Male,Stage III,High Grade,,TCGA-FD-A3SN-01A-01-TSA.458E13A3-3B6F-4515-8569-F4A59EF1BA3C.svs
TCGA-FD-A3SN-01Z-00-DX1.CB50ED59-FB7E-4892-AF72-6D297EC62466,data/TCGA-FD-A3SN-01Z-00-DX1.CB50ED59-FB7E-4892-AF72-6D297EC62466,TCGA-FD-A3SN-01,TCGA-FD-A3SN,[],0,[],False,False,WT,WT_any,,,,,,916.037,True,,335.0,79.0,Male,Stage III,High Grade,,TCGA-FD-A3SN-01Z-00-DX1.CB50ED59-FB7E-4892-AF72-6D297EC62466.svs
TCGA-FD-A3SO-01A-01-TSA.82D023C9-88B5-425A-A826-C3907188C7F7,data/TCGA-FD-A3SO-01A-01-TSA.82D023C9-88B5-425A-A826-C3907188C7F7,TCGA-FD-A3SO-01,TCGA-FD-A3SO,[],0,[],False,False,WT,WT_any,,,,,,501.326,True,,322.0,68.0,Male,Stage IV,High Grade,,TCGA-FD-A3SO-01A-01-TSA.82D023C9-88B5-425A-A826-C3907188C7F7.svs
TCGA-FD-A3SO-01Z-00-DX1.C3A855BF-976F-4E2B-9E39-3D1AEA1A67F6,data/TCGA-FD-A3SO-01Z-00-DX1.C3A855BF-976F-4E2B-9E39-3D1AEA1A67F6,TCGA-FD-A3SO-01,TCGA-FD-A3SO,[],0,[],False,False,WT,WT_any,,,,,,501.326,True,,322.0,68.0,Male,Stage IV,High Grade,,TCGA-FD-A3SO-01Z-00-DX1.C3A855BF-976F-4E2B-9E39-3D1AEA1A67F6.svs
TCGA-FD-A3SP-01A-03-TSC.B95E77EF-FAED-49E3-9C5D-138CD7C05D66,data/TCGA-FD-A3SP-01A-03-TSC.B95E77EF-FAED-49E3-9C5D-138CD7C05D66,TCGA-FD-A3SP-01,TCGA-FD-A3SP,[],0,[],False,False,WT,WT_any,,,,,,72.0461,True,,108.0,,,,High Grade,,TCGA-FD-A3SP-01A-03-TSC.B95E77EF-FAED-49E3-9C5D-138CD7C05D66.svs
TCGA-FD-A3SP-01Z-00-DX1.05986238-A4B9-497D-9D00-8DB37B0040FE,data/TCGA-FD-A3SP-01Z-00-DX1.05986238-A4B9-497D-9D00-8DB37B0040FE,TCGA-FD-A3SP-01,TCGA-FD-A3SP,[],0,[],False,False,WT,WT_any,,,,,,72.0461,True,,108.0,60.0,Male,Stage III,High Grade,,TCGA-FD-A3SP-01Z-00-DX1.05986238-A4B9-497D-9D00-8DB37B0040FE.svs
TCGA-FD-A3SQ-01A-02-TSB.E699BDFE-9760-4AB6-AC63-29330F9F9465,data/TCGA-FD-A3SQ-01A-02-TSB.E699BDFE-9760-4AB6-AC63-29330F9F9465,TCGA-FD-A3SQ-01,TCGA-FD-A3SQ,[],0,[],False,False,WT,WT_any,,,,,,6429.87,True,,67.0,62.0,Male,Stage IV,High Grade,,TCGA-FD-A3SQ-01A-02-TSB.E699BDFE-9760-4AB6-AC63-29330F9F9465.svs
TCGA-FD-A3SQ-01Z-00-DX1.86DF2023-BD72-4D84-B7AA-2330AA433DB9,data/TCGA-FD-A3SQ-01Z-00-DX1.86DF2023-BD72-4D84-B7AA-2330AA433DB9,TCGA-FD-A3SQ-01,TCGA-FD-A3SQ,[],0,[],False,False,WT,WT_any,,,,,,6429.87,True,,67.0,,,,High Grade,,TCGA-FD-A3SQ-01Z-00-DX1.86DF2023-BD72-4D84-B7AA-2330AA433DB9.svs
TCGA-FD-A3SR-01A-01-TS1.A88BCFDB-7086-4AAB-AD1C-20EA2657D418,data/TCGA-FD-A3SR-01A-01-TS1.A88BCFDB-7086-4AAB-AD1C-20EA2657D418,TCGA-FD-A3SR-01,TCGA-FD-A3SR,[],0,[],False,False,WT,WT_any,,,,,,1639.49,True,,133.0,68.0,Male,Stage IV,High Grade,,TCGA-FD-A3SR-01A-01-TS1.A88BCFDB-7086-4AAB-AD1C-20EA2657D418.svs
TCGA-FD-A3SR-01Z-00-DX1.7E2FB51A-9562-4B3D-8431-6283342B4311,data/TCGA-FD-A3SR-01Z-00-DX1.7E2FB51A-9562-4B3D-8431-6283342B4311,TCGA-FD-A3SR-01,TCGA-FD-A3SR,[],0,[],False,False,WT,WT_any,,,,,,1639.49,True,,133.0,68.0,Male,Stage IV,High Grade,,TCGA-FD-A3SR-01Z-00-DX1.7E2FB51A-9562-4B3D-8431-6283342B4311.svs
TCGA-FD-A3SS-01A-01-TSA.564C9E0A-9519-4F80-894E-03C1A75A0E94,data/TCGA-FD-A3SS-01A-01-TSA.564C9E0A-9519-4F80-894E-03C1A75A0E94,TCGA-FD-A3SS-01,TCGA-FD-A3SS,[],0,[],False,False,WT,WT_any,,,,,,2410.31,True,,441.0,66.0,Male,Stage IV,High Grade,,TCGA-FD-A3SS-01A-01-TSA.564C9E0A-9519-4F80-894E-03C1A75A0E94.svs
TCGA-FD-A3SS-01Z-00-DX1.FEEC4D8E-E87D-4742-B377-5DA2999D6997,data/TCGA-FD-A3SS-01Z-00-DX1.FEEC4D8E-E87D-4742-B377-5DA2999D6997,TCGA-FD-A3SS-01,TCGA-FD-A3SS,[],0,[],False,False,WT,WT_any,,,,,,2410.31,True,,441.0,,,,High Grade,,TCGA-FD-A3SS-01Z-00-DX1.FEEC4D8E-E87D-4742-B377-5DA2999D6997.svs
TCGA-FD-A43N-01A-01-TSA.101DDA75-3C2D-4A5D-9DBE-3ACF5AB1BFFB,data/TCGA-FD-A43N-01A-01-TSA.101DDA75-3C2D-4A5D-9DBE-3ACF5AB1BFFB,TCGA-FD-A43N-01,TCGA-FD-A43N,[],0,[],False,False,WT,WT_any,,,,,,4185.01,True,,165.0,76.0,Male,Stage III,High Grade,,TCGA-FD-A43N-01A-01-TSA.101DDA75-3C2D-4A5D-9DBE-3ACF5AB1BFFB.svs
TCGA-FD-A43N-01Z-00-DX1.57422C5F-A3A1-4595-9E06-C05C7FF5944B,data/TCGA-FD-A43N-01Z-00-DX1.57422C5F-A3A1-4595-9E06-C05C7FF5944B,TCGA-FD-A43N-01,TCGA-FD-A43N,[],0,[],False,False,WT,WT_any,,,,,,4185.01,True,,165.0,,,,High Grade,,TCGA-FD-A43N-01Z-00-DX1.57422C5F-A3A1-4595-9E06-C05C7FF5944B.svs
TCGA-FD-A43P-01A-03-TSC.19DBEA5F-7668-4647-8984-884AC4E27633,data/TCGA-FD-A43P-01A-03-TSC.19DBEA5F-7668-4647-8984-884AC4E27633,TCGA-FD-A43P-01,TCGA-FD-A43P,[],0,[],False,False,WT,WT_any,,,,,,6296.76,True,,370.0,74.0,Male,Stage II,High Grade,,TCGA-FD-A43P-01A-03-TSC.19DBEA5F-7668-4647-8984-884AC4E27633.svs
TCGA-FD-A43P-01Z-00-DX1.792612F7-802C-4A90-A2B5-A6A82FCDE92F,data/TCGA-FD-A43P-01Z-00-DX1.792612F7-802C-4A90-A2B5-A6A82FCDE92F,TCGA-FD-A43P-01,TCGA-FD-A43P,[],0,[],False,False,WT,WT_any,,,,,,6296.76,True,,370.0,74.0,Male,Stage II,High Grade,,TCGA-FD-A43P-01Z-00-DX1.792612F7-802C-4A90-A2B5-A6A82FCDE92F.svs
TCGA-FD-A43S-01A-02-TSB.27E872D5-E56C-429D-94EE-EE03531978DD,data/TCGA-FD-A43S-01A-02-TSB.27E872D5-E56C-429D-94EE-EE03531978DD,TCGA-FD-A43S-01,TCGA-FD-A43S,[],0,[],False,False,WT,WT_any,,,,,,2403.17,True,,0.0,71.0,Female,Stage III,High Grade,,TCGA-FD-A43S-01A-02-TSB.27E872D5-E56C-429D-94EE-EE03531978DD.svs
TCGA-FD-A43S-01Z-00-DX1.528CA6F1-B53B-4396-B776-9761B578DCDE,data/TCGA-FD-A43S-01Z-00-DX1.528CA6F1-B53B-4396-B776-9761B578DCDE,TCGA-FD-A43S-01,TCGA-FD-A43S,[],0,[],False,False,WT,WT_any,,,,,,2403.17,True,,0.0,71.0,Female,Stage III,High Grade,,TCGA-FD-A43S-01Z-00-DX1.528CA6F1-B53B-4396-B776-9761B578DCDE.svs
TCGA-FD-A43U-01A-01-TSA.092BB15A-8609-40B7-9542-49B7561D9E97,data/TCGA-FD-A43U-01A-01-TSA.092BB15A-8609-40B7-9542-49B7561D9E97,TCGA-FD-A43U-01,TCGA-FD-A43U,[],0,[],False,False,WT,WT_any,,,,,,2955.62,True,,63.0,,,,High Grade,,TCGA-FD-A43U-01A-01-TSA.092BB15A-8609-40B7-9542-49B7561D9E97.svs
TCGA-FD-A43U-01Z-00-DX1.003EC6EC-229E-4578-BF5B-1FB3EBF68845,data/TCGA-FD-A43U-01Z-00-DX1.003EC6EC-229E-4578-BF5B-1FB3EBF68845,TCGA-FD-A43U-01,TCGA-FD-A43U,[],0,[],False,False,WT,WT_any,,,,,,2955.62,True,,63.0,70.0,Male,Stage IV,High Grade,,TCGA-FD-A43U-01Z-00-DX1.003EC6EC-229E-4578-BF5B-1FB3EBF68845.svs
TCGA-FD-A43X-01A-01-TSA.31FFB974-C223-4FCB-AB5D-423F0CEAFF0F,data/TCGA-FD-A43X-01A-01-TSA.31FFB974-C223-4FCB-AB5D-423F0CEAFF0F,TCGA-FD-A43X-01,TCGA-FD-A43X,"[{'uniqueSampleKey': 'VENHQS1GRC1BNDNYLTAxOmJsY2FfdGNnYV9wYW5fY2FuX2F0bGFzXzIwMTg', 'uniquePatientKey': 'VENHQS1GRC1BNDNYOmJsY2FfdGNnYV9wYW5fY2FuX2F0bGFzXzIwMTg', 'molecularProfileId': 'blca_tcga_pan_can_atlas_2018_mutations', 'sampleId': 'TCGA-FD-A43X-01', 'patientId': 'TCGA-FD-A43X', 'entrezGeneId': 2261, 'gene': {'entrezGeneId': 2261, 'hugoGeneSymbol': 'FGFR3', 'type': 'protein-coding'}, 'studyId': 'blca_tcga_pan_can_atlas_2018', 'center': '.', 'mutationStatus': '.', 'validationStatus': '.', 'tumorAltCount': 29, 'tumorRefCount': 26, 'normalRefCount': 51, 'chr': '4', 'startPosition': 1803568, 'endPosition': 1803568, 'referenceAllele': 'C', 'variantAllele': 'G', 'proteinChange': 'S249C', 'mutationType': 'Missense_Mutation', 'ncbiBuild': 'GRCh37', 'variantType': 'SNP', 'refseqMrnaId': 'NA', 'proteinPosStart': 249, 'proteinPosEnd': 249, 'keyword': 'FGFR3 S249 missense'}]",1,"[{'uniqueSampleKey': 'VENHQS1GRC1BNDNYLTAxOmJsY2FfdGNnYV9wYW5fY2FuX2F0bGFzXzIwMTg', 'uniquePatientKey': 'VENHQS1GRC1BNDNYOmJsY2FfdGNnYV9wYW5fY2FuX2F0bGFzXzIwMTg', 'molecularProfileId': 'blca_tcga_pan_can_atlas_2018_mutations', 'sampleId': 'TCGA-FD-A43X-01', 'patientId': 'TCGA-FD-A43X', 'entrezGeneId': 2261, 'gene': {'entrezGeneId': 2261, 'hugoGeneSymbol': 'FGFR3', 'type': 'protein-coding'}, 'studyId': 'blca_tcga_pan_can_atlas_2018', 'center': '.', 'mutationStatus': '.', 'validationStatus': '.', 'tumorAltCount': 29, 'tumorRefCount': 26, 'normalRefCount': 51, 'chr': '4', 'startPosition': 1803568, 'endPosition': 1803568, 'referenceAllele': 'C', 'variantAllele': 'G', 'proteinChange': 'S249C', 'mutationType': 'Missense_Mutation', 'ncbiBuild': 'GRCh37', 'variantType': 'SNP', 'refseqMrnaId': 'NA', 'proteinPosStart': 249, 'proteinPosEnd': 249, 'keyword': 'FGFR3 S249 missense'}]",True,True,MUT,MUT_any,S249C,S249C,0.5272727272727272,29.0,26.0,23825.8,True,,284.0,84.0,Male,Stage II,High Grade,,TCGA-FD-A43X-01A-01-TSA.31FFB974-C223-4FCB-AB5D-423F0CEAFF0F.svs
TCGA-FD-A43X-01Z-00-DX1.CB2A73D9-F64C-4553-8D11-4C25CEF98C45,data/TCGA-FD-A43X-01Z-00-DX1.CB2A73D9-F64C-4553-8D11-4C25CEF98C45,TCGA-FD-A43X-01,TCGA-FD-A43X,"[{'uniqueSampleKey': 'VENHQS1GRC1BNDNYLTAxOmJsY2FfdGNnYV9wYW5fY2FuX2F0bGFzXzIwMTg', 'uniquePatientKey': 'VENHQS1GRC1BNDNYOmJsY2FfdGNnYV9wYW5fY2FuX2F0bGFzXzIwMTg', 'molecularProfileId': 'blca_tcga_pan_can_atlas_2018_mutations', 'sampleId': 'TCGA-FD-A43X-01', 'patientId': 'TCGA-FD-A43X', 'entrezGeneId': 2261, 'gene': {'entrezGeneId': 2261, 'hugoGeneSymbol': 'FGFR3', 'type': 'protein-coding'}, 'studyId': 'blca_tcga_pan_can_atlas_2018', 'center': '.', 'mutationStatus': '.', 'validationStatus': '.', 'tumorAltCount': 29, 'tumorRefCount': 26, 'normalRefCount': 51, 'chr': '4', 'startPosition': 1803568, 'endPosition': 1803568, 'referenceAllele': 'C', 'variantAllele': 'G', 'proteinChange': 'S249C', 'mutationType': 'Missense_Mutation', 'ncbiBuild': 'GRCh37', 'variantType': 'SNP', 'refseqMrnaId': 'NA', 'proteinPosStart': 249, 'proteinPosEnd': 249, 'keyword': 'FGFR3 S249 missense'}]",1,"[{'uniqueSampleKey': 'VENHQS1GRC1BNDNYLTAxOmJsY2FfdGNnYV9wYW5fY2FuX2F0bGFzXzIwMTg', 'uniquePatientKey': 'VENHQS1GRC1BNDNYOmJsY2FfdGNnYV9wYW5fY2FuX2F0bGFzXzIwMTg', 'molecularProfileId': 'blca_tcga_pan_can_atlas_2018_mutations', 'sampleId': 'TCGA-FD-A43X-01', 'patientId': 'TCGA-FD-A43X', 'entrezGeneId': 2261, 'gene': {'entrezGeneId': 2261, 'hugoGeneSymbol': 'FGFR3', 'type': 'protein-coding'}, 'studyId': 'blca_tcga_pan_can_atlas_2018', 'center': '.', 'mutationStatus': '.', 'validationStatus': '.', 'tumorAltCount': 29, 'tumorRefCount': 26, 'normalRefCount': 51, 'chr': '4', 'startPosition': 1803568, 'endPosition': 1803568, 'referenceAllele': 'C', 'variantAllele': 'G', 'proteinChange': 'S249C', 'mutationType': 'Missense_Mutation', 'ncbiBuild': 'GRCh37', 'variantType': 'SNP', 'refseqMrnaId': 'NA', 'proteinPosStart': 249, 'proteinPosEnd': 249, 'keyword': 'FGFR3 S249 missense'}]",True,True,MUT,MUT_any,S249C,S249C,0.5272727272727272,29.0,26.0,23825.8,True,,284.0,84.0,Male,Stage II,High Grade,,TCGA-FD-A43X-01Z-00-DX1.CB2A73D9-F64C-4553-8D11-4C25CEF98C45.svs
TCGA-FD-A5BU-01A-03-TSC.141CAFDC-00E9-401A-A8D8-633C20F43D98,data/TCGA-FD-A5BU-01A-03-TSC.141CAFDC-00E9-401A-A8D8-633C20F43D98,TCGA-FD-A5BU-01,TCGA-FD-A5BU,[],0,[],False,False,WT,WT_any,,,,,,803.41,True,,70.0,76.0,Female,Stage II,High Grade,,TCGA-FD-A5BU-01A-03-TSC.141CAFDC-00E9-401A-A8D8-633C20F43D98.svs
TCGA-FD-A5BU-01Z-00-DX1.94A8468C-59E7-4185-A877-CC271EA01C90,data/TCGA-FD-A5BU-01Z-00-DX1.94A8468C-59E7-4185-A877-CC271EA01C90,TCGA-FD-A5BU-01,TCGA-FD-A5BU,[],0,[],False,False,WT,WT_any,,,,,,803.41,True,,70.0,76.0,Female,Stage II,High Grade,,TCGA-FD-A5BU-01Z-00-DX1.94A8468C-59E7-4185-A877-CC271EA01C90.svs
TCGA-FD-A5BV-01A-01-TSA.802A91FA-3BA7-47EE-B4DA-C32EB19679A3,data/TCGA-FD-A5BV-01A-01-TSA.802A91FA-3BA7-47EE-B4DA-C32EB19679A3,TCGA-FD-A5BV-01,TCGA-FD-A5BV,[],0,[],False,False,WT,WT_any,,,,,,1883.06,True,,110.0,47.0,Female,Stage III,High Grade,,TCGA-FD-A5BV-01A-01-TSA.802A91FA-3BA7-47EE-B4DA-C32EB19679A3.svs
TCGA-FD-A5BV-01Z-00-DX1.FD47C060-5104-45AC-95F8-0C4C5924FE26,data/TCGA-FD-A5BV-01Z-00-DX1.FD47C060-5104-45AC-95F8-0C4C5924FE26,TCGA-FD-A5BV-01,TCGA-FD-A5BV,[],0,[],False,False,WT,WT_any,,,,,,1883.06,True,,110.0,,,,High Grade,,TCGA-FD-A5BV-01Z-00-DX1.FD47C060-5104-45AC-95F8-0C4C5924FE26.svs
TCGA-FD-A5BX-01A-01-TSA.FF6F5BA9-E30A-438D-9BC0-F339210F8830,data/TCGA-FD-A5BX-01A-01-TSA.FF6F5BA9-E30A-438D-9BC0-F339210F8830,TCGA-FD-A5BX-01,TCGA-FD-A5BX,[],0,[],False,False,WT,WT_any,,,,,,165.132,True,,322.0,82.0,Male,Stage IV,High Grade,,TCGA-FD-A5BX-01A-01-TSA.FF6F5BA9-E30A-438D-9BC0-F339210F8830.svs
TCGA-FD-A5BX-01Z-00-DX1.172B23F4-4651-4C93-93E1-D0E81331DCA7,data/TCGA-FD-A5BX-01Z-00-DX1.172B23F4-4651-4C93-93E1-D0E81331DCA7,TCGA-FD-A5BX-01,TCGA-FD-A5BX,[],0,[],False,False,WT,WT_any,,,,,,165.132,True,,322.0,82.0,Male,Stage IV,High Grade,,TCGA-FD-A5BX-01Z-00-DX1.172B23F4-4651-4C93-93E1-D0E81331DCA7.svs
TCGA-FD-A5BY-01Z-00-DX1.9DF7C69C-FABA-46DC-9954-A7120C65061F,data/TCGA-FD-A5BY-01Z-00-DX1.9DF7C69C-FABA-46DC-9954-A7120C65061F,TCGA-FD-A5BY-01,TCGA-FD-A5BY,[],0,[],False,False,WT,WT_any,,,,,,1189.07,True,,44.0,63.0,Female,Stage III,High Grade,,TCGA-FD-A5BY-01Z-00-DX1.9DF7C69C-FABA-46DC-9954-A7120C65061F.svs
TCGA-FD-A5C0-01A-01-TSA.0546B805-0FF2-4F72-A8A3-DEAF8D9DCE3E,data/TCGA-FD-A5C0-01A-01-TSA.0546B805-0FF2-4F72-A8A3-DEAF8D9DCE3E,TCGA-FD-A5C0-01,TCGA-FD-A5C0,[],0,[],False,False,WT,WT_any,,,,,,4438.08,True,,110.0,,,,High Grade,,TCGA-FD-A5C0-01A-01-TSA.0546B805-0FF2-4F72-A8A3-DEAF8D9DCE3E.svs
TCGA-FD-A5C0-01Z-00-DX1.D11E8348-04DE-4934-B063-2E3F3AD8D110,data/TCGA-FD-A5C0-01Z-00-DX1.D11E8348-04DE-4934-B063-2E3F3AD8D110,TCGA-FD-A5C0-01,TCGA-FD-A5C0,[],0,[],False,False,WT,WT_any,,,,,,4438.08,True,,110.0,,,,High Grade,,TCGA-FD-A5C0-01Z-00-DX1.D11E8348-04DE-4934-B063-2E3F3AD8D110.svs
TCGA-FD-A5C1-01A-01-TSA.0A0548E9-E335-496B-82DF-4AC4FBF5295B,data/TCGA-FD-A5C1-01A-01-TSA.0A0548E9-E335-496B-82DF-4AC4FBF5295B,TCGA-FD-A5C1-01,TCGA-FD-A5C1,[],0,[],False,False,WT,WT_any,,,,,,36.2366,True,,132.0,61.0,Female,Stage III,High Grade,,TCGA-FD-A5C1-01A-01-TSA.0A0548E9-E335-496B-82DF-4AC4FBF5295B.svs
TCGA-FD-A5C1-01Z-00-DX1.EAD87C49-A25C-4D37-AF27-E27F7016E065,data/TCGA-FD-A5C1-01Z-00-DX1.EAD87C49-A25C-4D37-AF27-E27F7016E065,TCGA-FD-A5C1-01,TCGA-FD-A5C1,[],0,[],False,False,WT,WT_any,,,,,,36.2366,True,,132.0,61.0,Female,Stage III,High Grade,,TCGA-FD-A5C1-01Z-00-DX1.EAD87C49-A25C-4D37-AF27-E27F7016E065.svs
TCGA-FD-A62O-01A-01-TSA.370C7019-C245-4E56-88D1-42E82A3A1B90,data/TCGA-FD-A62O-01A-01-TSA.370C7019-C245-4E56-88D1-42E82A3A1B90,TCGA-FD-A62O-01,TCGA-FD-A62O,[],0,[],False,False,WT,WT_any,,,,,,5192.48,True,,165.0,,,,High Grade,,TCGA-FD-A62O-01A-01-TSA.370C7019-C245-4E56-88D1-42E82A3A1B90.svs
TCGA-FD-A62O-01Z-00-DX1.4DD5E512-EF71-498B-8C25-18F42D0E1F1F,data/TCGA-FD-A62O-01Z-00-DX1.4DD5E512-EF71-498B-8C25-18F42D0E1F1F,TCGA-FD-A62O-01,TCGA-FD-A62O,[],0,[],False,False,WT,WT_any,,,,,,5192.48,True,,165.0,,,,High Grade,,TCGA-FD-A62O-01Z-00-DX1.4DD5E512-EF71-498B-8C25-18F42D0E1F1F.svs
TCGA-FD-A62P-01A-03-TSC.38709153-23B6-4415-8736-24955DC88CDC,data/TCGA-FD-A62P-01A-03-TSC.38709153-23B6-4415-8736-24955DC88CDC,TCGA-FD-A62P-01,TCGA-FD-A62P,[],0,[],False,False,WT,WT_any,,,,,,7222.94,True,,358.0,76.0,Male,Stage II,High Grade,,TCGA-FD-A62P-01A-03-TSC.38709153-23B6-4415-8736-24955DC88CDC.svs
TCGA-FD-A62P-01Z-00-DX1.56B14555-896E-420A-AE8B-4E2D35D87871,data/TCGA-FD-A62P-01Z-00-DX1.56B14555-896E-420A-AE8B-4E2D35D87871,TCGA-FD-A62P-01,TCGA-FD-A62P,[],0,[],False,False,WT,WT_any,,,,,,7222.94,True,,358.0,76.0,Male,Stage II,High Grade,,TCGA-FD-A62P-01Z-00-DX1.56B14555-896E-420A-AE8B-4E2D35D87871.svs
TCGA-FD-A62S-01A-01-TSA.E7EB731A-6C41-4537-9290-3C2A62AAD415,data/TCGA-FD-A62S-01A-01-TSA.E7EB731A-6C41-4537-9290-3C2A62AAD415,TCGA-FD-A62S-01,TCGA-FD-A62S,[],0,[],False,False,WT,WT_any,,,,,,450.349,True,,71.0,,,,High Grade,,TCGA-FD-A62S-01A-01-TSA.E7EB731A-6C41-4537-9290-3C2A62AAD415.svs
TCGA-FD-A62S-01Z-00-DX1.B35DA29A-6F19-4663-9DB2-AB57DAFC84A7,data/TCGA-FD-A62S-01Z-00-DX1.B35DA29A-6F19-4663-9DB2-AB57DAFC84A7,TCGA-FD-A62S-01,TCGA-FD-A62S,[],0,[],False,False,WT,WT_any,,,,,,450.349,True,,71.0,60.0,Female,Stage III,High Grade,,TCGA-FD-A62S-01Z-00-DX1.B35DA29A-6F19-4663-9DB2-AB57DAFC84A7.svs
TCGA-FD-A6TB-01A-01-TSA.4E755537-0B4D-459A-B1E7-CB29B04D2316,data/TCGA-FD-A6TB-01A-01-TSA.4E755537-0B4D-459A-B1E7-CB29B04D2316,TCGA-FD-A6TB-01,TCGA-FD-A6TB,[],0,[],False,False,WT,WT_any,,,,,,7703.52,True,,183.0,,,,High Grade,,TCGA-FD-A6TB-01A-01-TSA.4E755537-0B4D-459A-B1E7-CB29B04D2316.svs
TCGA-FD-A6TB-01Z-00-DX1.CDCC077C-2DFE-4B04-A0D0-69E1CFE80AC5,data/TCGA-FD-A6TB-01Z-00-DX1.CDCC077C-2DFE-4B04-A0D0-69E1CFE80AC5,TCGA-FD-A6TB-01,TCGA-FD-A6TB,[],0,[],False,False,WT,WT_any,,,,,,7703.52,True,,183.0,,,,High Grade,,TCGA-FD-A6TB-01Z-00-DX1.CDCC077C-2DFE-4B04-A0D0-69E1CFE80AC5.svs
TCGA-FD-A6TC-01A-02-TSB.AB15913F-56FE-4173-9CD9-C77F5DEE4B99,data/TCGA-FD-A6TC-01A-02-TSB.AB15913F-56FE-4173-9CD9-C77F5DEE4B99,TCGA-FD-A6TC-01,TCGA-FD-A6TC,[],0,[],False,False,WT,WT_any,,,,,,5338.48,True,,862.0,79.0,Female,Stage III,High Grade,,TCGA-FD-A6TC-01A-02-TSB.AB15913F-56FE-4173-9CD9-C77F5DEE4B99.svs
TCGA-FD-A6TC-01Z-00-DX1.AC96EA62-D56E-4565-88E0-EBAEB8087C4F,data/TCGA-FD-A6TC-01Z-00-DX1.AC96EA62-D56E-4565-88E0-EBAEB8087C4F,TCGA-FD-A6TC-01,TCGA-FD-A6TC,[],0,[],False,False,WT,WT_any,,,,,,5338.48,True,,862.0,79.0,Female,Stage III,High Grade,,TCGA-FD-A6TC-01Z-00-DX1.AC96EA62-D56E-4565-88E0-EBAEB8087C4F.svs
TCGA-FD-A6TE-01A-01-TSA.B0AB2504-A625-44DF-9C6F-4C77B9B3C7D7,data/TCGA-FD-A6TE-01A-01-TSA.B0AB2504-A625-44DF-9C6F-4C77B9B3C7D7,TCGA-FD-A6TE-01,TCGA-FD-A6TE,[],0,[],False,False,WT,WT_any,,,,,,2389.27,True,,252.0,,,,High Grade,,TCGA-FD-A6TE-01A-01-TSA.B0AB2504-A625-44DF-9C6F-4C77B9B3C7D7.svs
TCGA-FD-A6TE-01Z-00-DX1.1CD738A0-1D6D-461B-9322-21F77CC3D167,data/TCGA-FD-A6TE-01Z-00-DX1.1CD738A0-1D6D-461B-9322-21F77CC3D167,TCGA-FD-A6TE-01,TCGA-FD-A6TE,[],0,[],False,False,WT,WT_any,,,,,,2389.27,True,,252.0,54.0,Male,Stage IV,High Grade,,TCGA-FD-A6TE-01Z-00-DX1.1CD738A0-1D6D-461B-9322-21F77CC3D167.svs
TCGA-FD-A6TF-01A-05-TSE.18728F93-F489-437A-9D2A-235D535B99D5,data/TCGA-FD-A6TF-01A-05-TSE.18728F93-F489-437A-9D2A-235D535B99D5,TCGA-FD-A6TF-01,TCGA-FD-A6TF,[],0,[],False,False,WT,WT_any,,,,,,438.68,True,,130.0,,,,High Grade,,TCGA-FD-A6TF-01A-05-TSE.18728F93-F489-437A-9D2A-235D535B99D5.svs
TCGA-FD-A6TF-01Z-00-DX1.15B2C3E0-A0D7-4879-82B1-6C9AB09AF8E2,data/TCGA-FD-A6TF-01Z-00-DX1.15B2C3E0-A0D7-4879-82B1-6C9AB09AF8E2,TCGA-FD-A6TF-01,TCGA-FD-A6TF,[],0,[],False,False,WT,WT_any,,,,,,438.68,True,,130.0,80.0,Female,Stage IV,High Grade,,TCGA-FD-A6TF-01Z-00-DX1.15B2C3E0-A0D7-4879-82B1-6C9AB09AF8E2.svs
TCGA-FD-A6TG-01A-01-TSA.1CBEBD3D-BF4F-48EF-B748-2EC40E826794,data/TCGA-FD-A6TG-01A-01-TSA.1CBEBD3D-BF4F-48EF-B748-2EC40E826794,TCGA-FD-A6TG-01,TCGA-FD-A6TG,[],0,[],False,False,WT,WT_any,,,,,,2694.3,True,,359.0,73.0,Male,Stage IV,High Grade,,TCGA-FD-A6TG-01A-01-TSA.1CBEBD3D-BF4F-48EF-B748-2EC40E826794.svs
TCGA-FD-A6TG-01Z-00-DX1.C49D520E-3589-4623-9BBE-9676BAC83A8F,data/TCGA-FD-A6TG-01Z-00-DX1.C49D520E-3589-4623-9BBE-9676BAC83A8F,TCGA-FD-A6TG-01,TCGA-FD-A6TG,[],0,[],False,False,WT,WT_any,,,,,,2694.3,True,,359.0,73.0,Male,Stage IV,High Grade,,TCGA-FD-A6TG-01Z-00-DX1.C49D520E-3589-4623-9BBE-9676BAC83A8F.svs
TCGA-FD-A6TH-01A-01-TSA.5D157181-33C7-461B-B30F-48E70AD7B4C1,data/TCGA-FD-A6TH-01A-01-TSA.5D157181-33C7-461B-B30F-48E70AD7B4C1,TCGA-FD-A6TH-01,TCGA-FD-A6TH,[],0,[],False,False,WT,WT_any,,,,,,252.881,True,,147.0,63.0,Male,Stage IV,High Grade,,TCGA-FD-A6TH-01A-01-TSA.5D157181-33C7-461B-B30F-48E70AD7B4C1.svs
TCGA-FD-A6TH-01Z-00-DX1.1791761E-876F-4AAB-A0B1-272A37A41E3A,data/TCGA-FD-A6TH-01Z-00-DX1.1791761E-876F-4AAB-A0B1-272A37A41E3A,TCGA-FD-A6TH-01,TCGA-FD-A6TH,[],0,[],False,False,WT,WT_any,,,,,,252.881,True,,147.0,,,,High Grade,,TCGA-FD-A6TH-01Z-00-DX1.1791761E-876F-4AAB-A0B1-272A37A41E3A.svs
TCGA-FD-A6TI-01A-01-TSA.E46D1233-7E3C-4524-ACB0-0DECB0DD990C,data/TCGA-FD-A6TI-01A-01-TSA.E46D1233-7E3C-4524-ACB0-0DECB0DD990C,TCGA-FD-A6TI-01,TCGA-FD-A6TI,[],0,[],False,False,WT,WT_any,,,,,,2784.24,True,,117.0,,,,High Grade,,TCGA-FD-A6TI-01A-01-TSA.E46D1233-7E3C-4524-ACB0-0DECB0DD990C.svs
TCGA-FD-A6TI-01Z-00-DX1.A451F82D-983B-4646-BFC6-E40A66F2B9C8,data/TCGA-FD-A6TI-01Z-00-DX1.A451F82D-983B-4646-BFC6-E40A66F2B9C8,TCGA-FD-A6TI-01,TCGA-FD-A6TI,[],0,[],False,False,WT,WT_any,,,,,,2784.24,True,,117.0,73.0,Male,Stage IV,High Grade,,TCGA-FD-A6TI-01Z-00-DX1.A451F82D-983B-4646-BFC6-E40A66F2B9C8.svs
TCGA-FD-A6TK-01A-04-TSD.D05AACD0-14AB-455C-9769-362A9326F72D,data/TCGA-FD-A6TK-01A-04-TSD.D05AACD0-14AB-455C-9769-362A9326F72D,TCGA-FD-A6TK-01,TCGA-FD-A6TK,[],0,[],False,False,WT,WT_any,,,,,,425.368,True,,113.0,60.0,Male,Stage III,High Grade,,TCGA-FD-A6TK-01A-04-TSD.D05AACD0-14AB-455C-9769-362A9326F72D.svs
TCGA-FD-A6TK-01Z-00-DX1.B685DA87-72A6-4C38-8AA1-40B6E543383C,data/TCGA-FD-A6TK-01Z-00-DX1.B685DA87-72A6-4C38-8AA1-40B6E543383C,TCGA-FD-A6TK-01,TCGA-FD-A6TK,[],0,[],False,False,WT,WT_any,,,,,,425.368,True,,113.0,60.0,Male,Stage III,High Grade,,TCGA-FD-A6TK-01Z-00-DX1.B685DA87-72A6-4C38-8AA1-40B6E543383C.svs
TCGA-FJ-A3Z7-01A-01-TSA.BB66688F-087F-4986-ACDE-6571A3BAA79A,data/TCGA-FJ-A3Z7-01A-01-TSA.BB66688F-087F-4986-ACDE-6571A3BAA79A,TCGA-FJ-A3Z7-01,TCGA-FJ-A3Z7,[],0,[],False,False,WT,WT_any,,,,,,179.534,True,,296.0,76.0,Male,Stage IV,High Grade,,TCGA-FJ-A3Z7-01A-01-TSA.BB66688F-087F-4986-ACDE-6571A3BAA79A.svs
TCGA-FJ-A3Z7-01Z-00-DX1.B36BF723-0E71-4FA9-A915-823634B91EA9,data/TCGA-FJ-A3Z7-01Z-00-DX1.B36BF723-0E71-4FA9-A915-823634B91EA9,TCGA-FJ-A3Z7-01,TCGA-FJ-A3Z7,[],0,[],False,False,WT,WT_any,,,,,,179.534,True,,296.0,76.0,Male,Stage IV,High Grade,,TCGA-FJ-A3Z7-01Z-00-DX1.B36BF723-0E71-4FA9-A915-823634B91EA9.svs
TCGA-FJ-A3Z7-01Z-00-DX2.C4531060-32B7-4472-8B6D-3E4477810B9F,data/TCGA-FJ-A3Z7-01Z-00-DX2.C4531060-32B7-4472-8B6D-3E4477810B9F,TCGA-FJ-A3Z7-01,TCGA-FJ-A3Z7,[],0,[],False,False,WT,WT_any,,,,,,179.534,True,,296.0,76.0,Male,Stage IV,High Grade,,TCGA-FJ-A3Z7-01Z-00-DX2.C4531060-32B7-4472-8B6D-3E4477810B9F.svs
TCGA-FJ-A3Z7-01Z-00-DX3.6709359F-68F9-4B02-B793-359B83F26372,data/TCGA-FJ-A3Z7-01Z-00-DX3.6709359F-68F9-4B02-B793-359B83F26372,TCGA-FJ-A3Z7-01,TCGA-FJ-A3Z7,[],0,[],False,False,WT,WT_any,,,,,,179.534,True,,296.0,,,,High Grade,,TCGA-FJ-A3Z7-01Z-00-DX3.6709359F-68F9-4B02-B793-359B83F26372.svs
TCGA-FJ-A3Z7-01Z-00-DX4.7DDE20DA-894A-4751-A7C0-D5740CB30DD9,data/TCGA-FJ-A3Z7-01Z-00-DX4.7DDE20DA-894A-4751-A7C0-D5740CB30DD9,TCGA-FJ-A3Z7-01,TCGA-FJ-A3Z7,[],0,[],False,False,WT,WT_any,,,,,,179.534,True,,296.0,76.0,Male,Stage IV,High Grade,,TCGA-FJ-A3Z7-01Z-00-DX4.7DDE20DA-894A-4751-A7C0-D5740CB30DD9.svs
TCGA-FJ-A3Z7-01Z-00-DX5.B0ABE3C5-94EC-4650-9698-0D4C57291267,data/TCGA-FJ-A3Z7-01Z-00-DX5.B0ABE3C5-94EC-4650-9698-0D4C57291267,TCGA-FJ-A3Z7-01,TCGA-FJ-A3Z7,[],0,[],False,False,WT,WT_any,,,,,,179.534,True,,296.0,,,,High Grade,,TCGA-FJ-A3Z7-01Z-00-DX5.B0ABE3C5-94EC-4650-9698-0D4C57291267.svs
TCGA-FJ-A3Z7-01Z-00-DX6.28B723F7-1035-4DC2-8DB1-87F08166A9FA,data/TCGA-FJ-A3Z7-01Z-00-DX6.28B723F7-1035-4DC2-8DB1-87F08166A9FA,TCGA-FJ-A3Z7-01,TCGA-FJ-A3Z7,[],0,[],False,False,WT,WT_any,,,,,,179.534,True,,296.0,76.0,Male,Stage IV,High Grade,,TCGA-FJ-A3Z7-01Z-00-DX6.28B723F7-1035-4DC2-8DB1-87F08166A9FA.svs
TCGA-FJ-A3Z9-01A-01-TSA.5E3BB767-1099-41D9-B58E-7DB077A46F42,data/TCGA-FJ-A3Z9-01A-01-TSA.5E3BB767-1099-41D9-B58E-7DB077A46F42,TCGA-FJ-A3Z9-01,TCGA-FJ-A3Z9,[],0,[],False,False,WT,WT_any,,,,,,5843.91,True,,65.0,72.0,Male,,High Grade,,TCGA-FJ-A3Z9-01A-01-TSA.5E3BB767-1099-41D9-B58E-7DB077A46F42.svs
TCGA-FJ-A3Z9-01Z-00-DX1.012EC33E-2BEF-4EDB-81D5-6EAC32D90C87,data/TCGA-FJ-A3Z9-01Z-00-DX1.012EC33E-2BEF-4EDB-81D5-6EAC32D90C87,TCGA-FJ-A3Z9-01,TCGA-FJ-A3Z9,[],0,[],False,False,WT,WT_any,,,,,,5843.91,True,,65.0,72.0,Male,,High Grade,,TCGA-FJ-A3Z9-01Z-00-DX1.012EC33E-2BEF-4EDB-81D5-6EAC32D90C87.svs
TCGA-FJ-A871-01Z-00-DX5.8F79D0A8-5DE6-4159-AA77-61DACB21E867,data/TCGA-FJ-A871-01Z-00-DX5.8F79D0A8-5DE6-4159-AA77-61DACB21E867,TCGA-FJ-A871-01,TCGA-FJ-A871,[],0,[],False,False,WT,WT_any,,,,,,375.54,True,,45.0,49.0,Male,Stage III,High Grade,,TCGA-FJ-A871-01Z-00-DX5.8F79D0A8-5DE6-4159-AA77-61DACB21E867.svs
TCGA-G2-A2EC-01A-01-TSA.E6CD3F36-6EF9-4B87-85C9-25EF08650042,data/TCGA-G2-A2EC-01A-01-TSA.E6CD3F36-6EF9-4B87-85C9-25EF08650042,TCGA-G2-A2EC-01,TCGA-G2-A2EC,[],0,[],False,False,WT,WT_any,,,,,,5072.62,True,,165.0,58.0,Female,Stage II,High Grade,,TCGA-G2-A2EC-01A-01-TSA.E6CD3F36-6EF9-4B87-85C9-25EF08650042.svs
TCGA-G2-A2EC-01Z-00-DX1.44DA27E7-C499-46A1-A871-DBA4E5BCAA6A,data/TCGA-G2-A2EC-01Z-00-DX1.44DA27E7-C499-46A1-A871-DBA4E5BCAA6A,TCGA-G2-A2EC-01,TCGA-G2-A2EC,[],0,[],False,False,WT,WT_any,,,,,,5072.62,True,,165.0,58.0,Female,Stage II,High Grade,,TCGA-G2-A2EC-01Z-00-DX1.44DA27E7-C499-46A1-A871-DBA4E5BCAA6A.svs
TCGA-G2-A2EC-01Z-00-DX2.42C4093A-A313-41E6-B2FD-B7928F9B32F9,data/TCGA-G2-A2EC-01Z-00-DX2.42C4093A-A313-41E6-B2FD-B7928F9B32F9,TCGA-G2-A2EC-01,TCGA-G2-A2EC,[],0,[],False,False,WT,WT_any,,,,,,5072.62,True,,165.0,,,,High Grade,,TCGA-G2-A2EC-01Z-00-DX2.42C4093A-A313-41E6-B2FD-B7928F9B32F9.svs
TCGA-G2-A2EC-01Z-00-DX3.6DD4B773-86DE-4D58-A405-3C1B45FD6004,data/TCGA-G2-A2EC-01Z-00-DX3.6DD4B773-86DE-4D58-A405-3C1B45FD6004,TCGA-G2-A2EC-01,TCGA-G2-A2EC,[],0,[],False,False,WT,WT_any,,,,,,5072.62,True,,165.0,,,,High Grade,,TCGA-G2-A2EC-01Z-00-DX3.6DD4B773-86DE-4D58-A405-3C1B45FD6004.svs
TCGA-G2-A2EC-01Z-00-DX4.8E4382A4-71F9-4BC3-89AA-09B4F1B54985,data/TCGA-G2-A2EC-01Z-00-DX4.8E4382A4-71F9-4BC3-89AA-09B4F1B54985,TCGA-G2-A2EC-01,TCGA-G2-A2EC,[],0,[],False,False,WT,WT_any,,,,,,5072.62,True,,165.0,58.0,Female,Stage II,High Grade,,TCGA-G2-A2EC-01Z-00-DX4.8E4382A4-71F9-4BC3-89AA-09B4F1B54985.svs
TCGA-G2-A2EC-01Z-00-DX5.94164B15-8070-4F16-B0A5-C9345E00BB83,data/TCGA-G2-A2EC-01Z-00-DX5.94164B15-8070-4F16-B0A5-C9345E00BB83,TCGA-G2-A2EC-01,TCGA-G2-A2EC,[],0,[],False,False,WT,WT_any,,,,,,5072.62,True,,165.0,58.0,Female,Stage II,High Grade,,TCGA-G2-A2EC-01Z-00-DX5.94164B15-8070-4F16-B0A5-C9345E00BB83.svs
TCGA-G2-A2EC-01Z-00-DX6.60307899-9A64-4176-8617-BEBEFEF81CEE,data/TCGA-G2-A2EC-01Z-00-DX6.60307899-9A64-4176-8617-BEBEFEF81CEE,TCGA-G2-A2EC-01,TCGA-G2-A2EC,[],0,[],False,False,WT,WT_any,,,,,,5072.62,True,,165.0,,,,High Grade,,TCGA-G2-A2EC-01Z-00-DX6.60307899-9A64-4176-8617-BEBEFEF81CEE.svs
TCGA-G2-A2EC-01Z-00-DX7.F421FDF6-AF52-44C9-8AB2-9E37E1B8C8CC,data/TCGA-G2-A2EC-01Z-00-DX7.F421FDF6-AF52-44C9-8AB2-9E37E1B8C8CC,TCGA-G2-A2EC-01,TCGA-G2-A2EC,[],0,[],False,False,WT,WT_any,,,,,,5072.62,True,,165.0,58.0,Female,Stage II,High Grade,,TCGA-G2-A2EC-01Z-00-DX7.F421FDF6-AF52-44C9-8AB2-9E37E1B8C8CC.svs
TCGA-G2-A2EC-01Z-00-DX8.59E69965-ADB5-4E9D-B455-D766A90EB2AD,data/TCGA-G2-A2EC-01Z-00-DX8.59E69965-ADB5-4E9D-B455-D766A90EB2AD,TCGA-G2-A2EC-01,TCGA-G2-A2EC,[],0,[],False,False,WT,WT_any,,,,,,5072.62,True,,165.0,,,,High Grade,,TCGA-G2-A2EC-01Z-00-DX8.59E69965-ADB5-4E9D-B455-D766A90EB2AD.svs
TCGA-G2-A2EF-01A-01-TSA.CBED6127-8F54-4242-B39B-89E558E6CCA0,data/TCGA-G2-A2EF-01A-01-TSA.CBED6127-8F54-4242-B39B-89E558E6CCA0,TCGA-G2-A2EF-01,TCGA-G2-A2EF,[],0,[],False,False,WT,WT_any,,,,,,127.623,True,,236.0,,,,High Grade,,TCGA-G2-A2EF-01A-01-TSA.CBED6127-8F54-4242-B39B-89E558E6CCA0.svs
TCGA-G2-A2EF-01Z-00-DX1.5FA6C53C-C749-46CE-B85C-DDFE27962F7C,data/TCGA-G2-A2EF-01Z-00-DX1.5FA6C53C-C749-46CE-B85C-DDFE27962F7C,TCGA-G2-A2EF-01,TCGA-G2-A2EF,[],0,[],False,False,WT,WT_any,,,,,,127.623,True,,236.0,,,,High Grade,,TCGA-G2-A2EF-01Z-00-DX1.5FA6C53C-C749-46CE-B85C-DDFE27962F7C.svs
TCGA-G2-A2EF-01Z-00-DX2.90428613-C414-421F-9502-EADCEBC47184,data/TCGA-G2-A2EF-01Z-00-DX2.90428613-C414-421F-9502-EADCEBC47184,TCGA-G2-A2EF-01,TCGA-G2-A2EF,[],0,[],False,False,WT,WT_any,,,,,,127.623,True,,236.0,50.0,Male,Stage II,High Grade,,TCGA-G2-A2EF-01Z-00-DX2.90428613-C414-421F-9502-EADCEBC47184.svs
TCGA-G2-A2EF-01Z-00-DX3.04EC2CA4-7CCF-4DB6-829D-9067E7EF07C4,data/TCGA-G2-A2EF-01Z-00-DX3.04EC2CA4-7CCF-4DB6-829D-9067E7EF07C4,TCGA-G2-A2EF-01,TCGA-G2-A2EF,[],0,[],False,False,WT,WT_any,,,,,,127.623,True,,236.0,,,,High Grade,,TCGA-G2-A2EF-01Z-00-DX3.04EC2CA4-7CCF-4DB6-829D-9067E7EF07C4.svs
TCGA-G2-A2EF-01Z-00-DX4.70FC5B2D-E8EC-41EE-99B7-CB3FFC0F4D98,data/TCGA-G2-A2EF-01Z-00-DX4.70FC5B2D-E8EC-41EE-99B7-CB3FFC0F4D98,TCGA-G2-A2EF-01,TCGA-G2-A2EF,[],0,[],False,False,WT,WT_any,,,,,,127.623,True,,236.0,50.0,Male,Stage II,High Grade,,TCGA-G2-A2EF-01Z-00-DX4.70FC5B2D-E8EC-41EE-99B7-CB3FFC0F4D98.svs
TCGA-G2-A2EK-01A-02-TSB.21188F6A-8CE6-46C0-9F59-4242C433C8ED,data/TCGA-G2-A2EK-01A-02-TSB.21188F6A-8CE6-46C0-9F59-4242C433C8ED,TCGA-G2-A2EK-01,TCGA-G2-A2EK,[],0,[],False,False,WT,WT_any,,,,,,9749.72,True,,65.0,,,,High Grade,,TCGA-G2-A2EK-01A-02-TSB.21188F6A-8CE6-46C0-9F59-4242C433C8ED.svs
TCGA-G2-A2EK-01Z-00-DX1.1F826341-0877-46E0-8DB7-9D01E8874614,data/TCGA-G2-A2EK-01Z-00-DX1.1F826341-0877-46E0-8DB7-9D01E8874614,TCGA-G2-A2EK-01,TCGA-G2-A2EK,[],0,[],False,False,WT,WT_any,,,,,,9749.72,True,,65.0,,,,High Grade,,TCGA-G2-A2EK-01Z-00-DX1.1F826341-0877-46E0-8DB7-9D01E8874614.svs
TCGA-G2-A2EK-01Z-00-DX2.F68EC7A1-2B48-42EB-8621-39D8547E408D,data/TCGA-G2-A2EK-01Z-00-DX2.F68EC7A1-2B48-42EB-8621-39D8547E408D,TCGA-G2-A2EK-01,TCGA-G2-A2EK,[],0,[],False,False,WT,WT_any,,,,,,9749.72,True,,65.0,,,,High Grade,,TCGA-G2-A2EK-01Z-00-DX2.F68EC7A1-2B48-42EB-8621-39D8547E408D.svs
TCGA-G2-A2EK-01Z-00-DX3.22408270-F6D1-4257-9014-E13C7B69A407,data/TCGA-G2-A2EK-01Z-00-DX3.22408270-F6D1-4257-9014-E13C7B69A407,TCGA-G2-A2EK-01,TCGA-G2-A2EK,[],0,[],False,False,WT,WT_any,,,,,,9749.72,True,,65.0,57.0,Male,Stage II,High Grade,,TCGA-G2-A2EK-01Z-00-DX3.22408270-F6D1-4257-9014-E13C7B69A407.svs
TCGA-G2-A2EL-01A-01-TSA.948C548F-7F64-4454-813A-DF03188C3D58,data/TCGA-G2-A2EL-01A-01-TSA.948C548F-7F64-4454-813A-DF03188C3D58,TCGA-G2-A2EL-01,TCGA-G2-A2EL,[],0,[],False,False,WT,WT_any,,,,,,729.829,True,,206.0,77.0,Male,Stage II,High Grade,,TCGA-G2-A2EL-01A-01-TSA.948C548F-7F64-4454-813A-DF03188C3D58.svs
TCGA-G2-A2EL-01Z-00-DX1.CCC37120-A9F0-4278-9EA6-6CD1A132596C,data/TCGA-G2-A2EL-01Z-00-DX1.CCC37120-A9F0-4278-9EA6-6CD1A132596C,TCGA-G2-A2EL-01,TCGA-G2-A2EL,[],0,[],False,False,WT,WT_any,,,,,,729.829,True,,206.0,,,,High Grade,,TCGA-G2-A2EL-01Z-00-DX1.CCC37120-A9F0-4278-9EA6-6CD1A132596C.svs
TCGA-G2-A2EL-01Z-00-DX2.2E59E1ED-C518-46EC-B60A-B083BA3A77C7,data/TCGA-G2-A2EL-01Z-00-DX2.2E59E1ED-C518-46EC-B60A-B083BA3A77C7,TCGA-G2-A2EL-01,TCGA-G2-A2EL,[],0,[],False,False,WT,WT_any,,,,,,729.829,True,,206.0,,,,High Grade,,TCGA-G2-A2EL-01Z-00-DX2.2E59E1ED-C518-46EC-B60A-B083BA3A77C7.svs
TCGA-G2-A2EO-01A-01-TSA.96ADE22A-FF0E-4D79-9FD9-E6860BE4D576,data/TCGA-G2-A2EO-01A-01-TSA.96ADE22A-FF0E-4D79-9FD9-E6860BE4D576,TCGA-G2-A2EO-01,TCGA-G2-A2EO,"[{'uniqueSampleKey': 'VENHQS1HMi1BMkVPLTAxOmJsY2FfdGNnYV9wYW5fY2FuX2F0bGFzXzIwMTg', 'uniquePatientKey': 'VENHQS1HMi1BMkVPOmJsY2FfdGNnYV9wYW5fY2FuX2F0bGFzXzIwMTg', 'molecularProfileId': 'blca_tcga_pan_can_atlas_2018_mutations', 'sampleId': 'TCGA-G2-A2EO-01', 'patientId': 'TCGA-G2-A2EO', 'entrezGeneId': 2261, 'gene': {'entrezGeneId': 2261, 'hugoGeneSymbol': 'FGFR3', 'type': 'protein-coding'}, 'studyId': 'blca_tcga_pan_can_atlas_2018', 'center': '.', 'mutationStatus': '.', 'validationStatus': '.', 'tumorAltCount': 173, 'tumorRefCount': 161, 'normalRefCount': 376, 'chr': '4', 'startPosition': 1806119, 'endPosition': 1806119, 'referenceAllele': 'G', 'variantAllele': 'A', 'proteinChange': 'G380R', 'mutationType': 'Missense_Mutation', 'ncbiBuild': 'GRCh37', 'variantType': 'SNP', 'refseqMrnaId': 'NA', 'proteinPosStart': 380, 'proteinPosEnd': 380, 'keyword': 'FGFR3 G380 missense'}]",1,"[{'uniqueSampleKey': 'VENHQS1HMi1BMkVPLTAxOmJsY2FfdGNnYV9wYW5fY2FuX2F0bGFzXzIwMTg', 'uniquePatientKey': 'VENHQS1HMi1BMkVPOmJsY2FfdGNnYV9wYW5fY2FuX2F0bGFzXzIwMTg', 'molecularProfileId': 'blca_tcga_pan_can_atlas_2018_mutations', 'sampleId': 'TCGA-G2-A2EO-01', 'patientId': 'TCGA-G2-A2EO', 'entrezGeneId': 2261, 'gene': {'entrezGeneId': 2261, 'hugoGeneSymbol': 'FGFR3', 'type': 'protein-coding'}, 'studyId': 'blca_tcga_pan_can_atlas_2018', 'center': '.', 'mutationStatus': '.', 'validationStatus': '.', 'tumorAltCount': 173, 'tumorRefCount': 161, 'normalRefCount': 376, 'chr': '4', 'startPosition': 1806119, 'endPosition': 1806119, 'referenceAllele': 'G', 'variantAllele': 'A', 'proteinChange': 'G380R', 'mutationType': 'Missense_Mutation', 'ncbiBuild': 'GRCh37', 'variantType': 'SNP', 'refseqMrnaId': 'NA', 'proteinPosStart': 380, 'proteinPosEnd': 380, 'keyword': 'FGFR3 G380 missense'}]",True,True,MUT,MUT_any,G380R/G382R,G380R,0.5179640718562875,173.0,161.0,12480.3,True,,820.0,69.0,Male,Stage III,High Grade,,TCGA-G2-A2EO-01A-01-TSA.96ADE22A-FF0E-4D79-9FD9-E6860BE4D576.svs
TCGA-G2-A2EO-01Z-00-DX1.E2FEF97D-F947-4497-8605-BBBFC3EC665B,data/TCGA-G2-A2EO-01Z-00-DX1.E2FEF97D-F947-4497-8605-BBBFC3EC665B,TCGA-G2-A2EO-01,TCGA-G2-A2EO,"[{'uniqueSampleKey': 'VENHQS1HMi1BMkVPLTAxOmJsY2FfdGNnYV9wYW5fY2FuX2F0bGFzXzIwMTg', 'uniquePatientKey': 'VENHQS1HMi1BMkVPOmJsY2FfdGNnYV9wYW5fY2FuX2F0bGFzXzIwMTg', 'molecularProfileId': 'blca_tcga_pan_can_atlas_2018_mutations', 'sampleId': 'TCGA-G2-A2EO-01', 'patientId': 'TCGA-G2-A2EO', 'entrezGeneId': 2261, 'gene': {'entrezGeneId': 2261, 'hugoGeneSymbol': 'FGFR3', 'type': 'protein-coding'}, 'studyId': 'blca_tcga_pan_can_atlas_2018', 'center': '.', 'mutationStatus': '.', 'validationStatus': '.', 'tumorAltCount': 173, 'tumorRefCount': 161, 'normalRefCount': 376, 'chr': '4', 'startPosition': 1806119, 'endPosition': 1806119, 'referenceAllele': 'G', 'variantAllele': 'A', 'proteinChange': 'G380R', 'mutationType': 'Missense_Mutation', 'ncbiBuild': 'GRCh37', 'variantType': 'SNP', 'refseqMrnaId': 'NA', 'proteinPosStart': 380, 'proteinPosEnd': 380, 'keyword': 'FGFR3 G380 missense'}]",1,"[{'uniqueSampleKey': 'VENHQS1HMi1BMkVPLTAxOmJsY2FfdGNnYV9wYW5fY2FuX2F0bGFzXzIwMTg', 'uniquePatientKey': 'VENHQS1HMi1BMkVPOmJsY2FfdGNnYV9wYW5fY2FuX2F0bGFzXzIwMTg', 'molecularProfileId': 'blca_tcga_pan_can_atlas_2018_mutations', 'sampleId': 'TCGA-G2-A2EO-01', 'patientId': 'TCGA-G2-A2EO', 'entrezGeneId': 2261, 'gene': {'entrezGeneId': 2261, 'hugoGeneSymbol': 'FGFR3', 'type': 'protein-coding'}, 'studyId': 'blca_tcga_pan_can_atlas_2018', 'center': '.', 'mutationStatus': '.', 'validationStatus': '.', 'tumorAltCount': 173, 'tumorRefCount': 161, 'normalRefCount': 376, 'chr': '4', 'startPosition': 1806119, 'endPosition': 1806119, 'referenceAllele': 'G', 'variantAllele': 'A', 'proteinChange': 'G380R', 'mutationType': 'Missense_Mutation', 'ncbiBuild': 'GRCh37', 'variantType': 'SNP', 'refseqMrnaId': 'NA', 'proteinPosStart': 380, 'proteinPosEnd': 380, 'keyword': 'FGFR3 G380 missense'}]",True,True,MUT,MUT_any,G380R/G382R,G380R,0.5179640718562875,173.0,161.0,12480.3,True,,820.0,69.0,Male,Stage III,High Grade,,TCGA-G2-A2EO-01Z-00-DX1.E2FEF97D-F947-4497-8605-BBBFC3EC665B.svs
TCGA-G2-A2EO-01Z-00-DX2.94CC403C-1986-4906-AF11-92E349C8A114,data/TCGA-G2-A2EO-01Z-00-DX2.94CC403C-1986-4906-AF11-92E349C8A114,TCGA-G2-A2EO-01,TCGA-G2-A2EO,"[{'uniqueSampleKey': 'VENHQS1HMi1BMkVPLTAxOmJsY2FfdGNnYV9wYW5fY2FuX2F0bGFzXzIwMTg', 'uniquePatientKey': 'VENHQS1HMi1BMkVPOmJsY2FfdGNnYV9wYW5fY2FuX2F0bGFzXzIwMTg', 'molecularProfileId': 'blca_tcga_pan_can_atlas_2018_mutations', 'sampleId': 'TCGA-G2-A2EO-01', 'patientId': 'TCGA-G2-A2EO', 'entrezGeneId': 2261, 'gene': {'entrezGeneId': 2261, 'hugoGeneSymbol': 'FGFR3', 'type': 'protein-coding'}, 'studyId': 'blca_tcga_pan_can_atlas_2018', 'center': '.', 'mutationStatus': '.', 'validationStatus': '.', 'tumorAltCount': 173, 'tumorRefCount': 161, 'normalRefCount': 376, 'chr': '4', 'startPosition': 1806119, 'endPosition': 1806119, 'referenceAllele': 'G', 'variantAllele': 'A', 'proteinChange': 'G380R', 'mutationType': 'Missense_Mutation', 'ncbiBuild': 'GRCh37', 'variantType': 'SNP', 'refseqMrnaId': 'NA', 'proteinPosStart': 380, 'proteinPosEnd': 380, 'keyword': 'FGFR3 G380 missense'}]",1,"[{'uniqueSampleKey': 'VENHQS1HMi1BMkVPLTAxOmJsY2FfdGNnYV9wYW5fY2FuX2F0bGFzXzIwMTg', 'uniquePatientKey': 'VENHQS1HMi1BMkVPOmJsY2FfdGNnYV9wYW5fY2FuX2F0bGFzXzIwMTg', 'molecularProfileId': 'blca_tcga_pan_can_atlas_2018_mutations', 'sampleId': 'TCGA-G2-A2EO-01', 'patientId': 'TCGA-G2-A2EO', 'entrezGeneId': 2261, 'gene': {'entrezGeneId': 2261, 'hugoGeneSymbol': 'FGFR3', 'type': 'protein-coding'}, 'studyId': 'blca_tcga_pan_can_atlas_2018', 'center': '.', 'mutationStatus': '.', 'validationStatus': '.', 'tumorAltCount': 173, 'tumorRefCount': 161, 'normalRefCount': 376, 'chr': '4', 'startPosition': 1806119, 'endPosition': 1806119, 'referenceAllele': 'G', 'variantAllele': 'A', 'proteinChange': 'G380R', 'mutationType': 'Missense_Mutation', 'ncbiBuild': 'GRCh37', 'variantType': 'SNP', 'refseqMrnaId': 'NA', 'proteinPosStart': 380, 'proteinPosEnd': 380, 'keyword': 'FGFR3 G380 missense'}]",True,True,MUT,MUT_any,G380R/G382R,G380R,0.5179640718562875,173.0,161.0,12480.3,True,,820.0,69.0,Male,Stage III,High Grade,,TCGA-G2-A2EO-01Z-00-DX2.94CC403C-1986-4906-AF11-92E349C8A114.svs
TCGA-G2-A2EO-01Z-00-DX3.F64AE021-27AB-4B3C-9DD2-9B8A358326C3,data/TCGA-G2-A2EO-01Z-00-DX3.F64AE021-27AB-4B3C-9DD2-9B8A358326C3,TCGA-G2-A2EO-01,TCGA-G2-A2EO,"[{'uniqueSampleKey': 'VENHQS1HMi1BMkVPLTAxOmJsY2FfdGNnYV9wYW5fY2FuX2F0bGFzXzIwMTg', 'uniquePatientKey': 'VENHQS1HMi1BMkVPOmJsY2FfdGNnYV9wYW5fY2FuX2F0bGFzXzIwMTg', 'molecularProfileId': 'blca_tcga_pan_can_atlas_2018_mutations', 'sampleId': 'TCGA-G2-A2EO-01', 'patientId': 'TCGA-G2-A2EO', 'entrezGeneId': 2261, 'gene': {'entrezGeneId': 2261, 'hugoGeneSymbol': 'FGFR3', 'type': 'protein-coding'}, 'studyId': 'blca_tcga_pan_can_atlas_2018', 'center': '.', 'mutationStatus': '.', 'validationStatus': '.', 'tumorAltCount': 173, 'tumorRefCount': 161, 'normalRefCount': 376, 'chr': '4', 'startPosition': 1806119, 'endPosition': 1806119, 'referenceAllele': 'G', 'variantAllele': 'A', 'proteinChange': 'G380R', 'mutationType': 'Missense_Mutation', 'ncbiBuild': 'GRCh37', 'variantType': 'SNP', 'refseqMrnaId': 'NA', 'proteinPosStart': 380, 'proteinPosEnd': 380, 'keyword': 'FGFR3 G380 missense'}]",1,"[{'uniqueSampleKey': 'VENHQS1HMi1BMkVPLTAxOmJsY2FfdGNnYV9wYW5fY2FuX2F0bGFzXzIwMTg', 'uniquePatientKey': 'VENHQS1HMi1BMkVPOmJsY2FfdGNnYV9wYW5fY2FuX2F0bGFzXzIwMTg', 'molecularProfileId': 'blca_tcga_pan_can_atlas_2018_mutations', 'sampleId': 'TCGA-G2-A2EO-01', 'patientId': 'TCGA-G2-A2EO', 'entrezGeneId': 2261, 'gene': {'entrezGeneId': 2261, 'hugoGeneSymbol': 'FGFR3', 'type': 'protein-coding'}, 'studyId': 'blca_tcga_pan_can_atlas_2018', 'center': '.', 'mutationStatus': '.', 'validationStatus': '.', 'tumorAltCount': 173, 'tumorRefCount': 161, 'normalRefCount': 376, 'chr': '4', 'startPosition': 1806119, 'endPosition': 1806119, 'referenceAllele': 'G', 'variantAllele': 'A', 'proteinChange': 'G380R', 'mutationType': 'Missense_Mutation', 'ncbiBuild': 'GRCh37', 'variantType': 'SNP', 'refseqMrnaId': 'NA', 'proteinPosStart': 380, 'proteinPosEnd': 380, 'keyword': 'FGFR3 G380 missense'}]",True,True,MUT,MUT_any,G380R/G382R,G380R,0.5179640718562875,173.0,161.0,12480.3,True,,820.0,69.0,Male,Stage III,High Grade,,TCGA-G2-A2EO-01Z-00-DX3.F64AE021-27AB-4B3C-9DD2-9B8A358326C3.svs
TCGA-G2-A2EO-01Z-00-DX4.BE1980E2-83B2-4E04-A6A4-9B71B15793B5,data/TCGA-G2-A2EO-01Z-00-DX4.BE1980E2-83B2-4E04-A6A4-9B71B15793B5,TCGA-G2-A2EO-01,TCGA-G2-A2EO,"[{'uniqueSampleKey': 'VENHQS1HMi1BMkVPLTAxOmJsY2FfdGNnYV9wYW5fY2FuX2F0bGFzXzIwMTg', 'uniquePatientKey': 'VENHQS1HMi1BMkVPOmJsY2FfdGNnYV9wYW5fY2FuX2F0bGFzXzIwMTg', 'molecularProfileId': 'blca_tcga_pan_can_atlas_2018_mutations', 'sampleId': 'TCGA-G2-A2EO-01', 'patientId': 'TCGA-G2-A2EO', 'entrezGeneId': 2261, 'gene': {'entrezGeneId': 2261, 'hugoGeneSymbol': 'FGFR3', 'type': 'protein-coding'}, 'studyId': 'blca_tcga_pan_can_atlas_2018', 'center': '.', 'mutationStatus': '.', 'validationStatus': '.', 'tumorAltCount': 173, 'tumorRefCount': 161, 'normalRefCount': 376, 'chr': '4', 'startPosition': 1806119, 'endPosition': 1806119, 'referenceAllele': 'G', 'variantAllele': 'A', 'proteinChange': 'G380R', 'mutationType': 'Missense_Mutation', 'ncbiBuild': 'GRCh37', 'variantType': 'SNP', 'refseqMrnaId': 'NA', 'proteinPosStart': 380, 'proteinPosEnd': 380, 'keyword': 'FGFR3 G380 missense'}]",1,"[{'uniqueSampleKey': 'VENHQS1HMi1BMkVPLTAxOmJsY2FfdGNnYV9wYW5fY2FuX2F0bGFzXzIwMTg', 'uniquePatientKey': 'VENHQS1HMi1BMkVPOmJsY2FfdGNnYV9wYW5fY2FuX2F0bGFzXzIwMTg', 'molecularProfileId': 'blca_tcga_pan_can_atlas_2018_mutations', 'sampleId': 'TCGA-G2-A2EO-01', 'patientId': 'TCGA-G2-A2EO', 'entrezGeneId': 2261, 'gene': {'entrezGeneId': 2261, 'hugoGeneSymbol': 'FGFR3', 'type': 'protein-coding'}, 'studyId': 'blca_tcga_pan_can_atlas_2018', 'center': '.', 'mutationStatus': '.', 'validationStatus': '.', 'tumorAltCount': 173, 'tumorRefCount': 161, 'normalRefCount': 376, 'chr': '4', 'startPosition': 1806119, 'endPosition': 1806119, 'referenceAllele': 'G', 'variantAllele': 'A', 'proteinChange': 'G380R', 'mutationType': 'Missense_Mutation', 'ncbiBuild': 'GRCh37', 'variantType': 'SNP', 'refseqMrnaId': 'NA', 'proteinPosStart': 380, 'proteinPosEnd': 380, 'keyword': 'FGFR3 G380 missense'}]",True,True,MUT,MUT_any,G380R/G382R,G380R,0.5179640718562875,173.0,161.0,12480.3,True,,820.0,69.0,Male,Stage III,High Grade,,TCGA-G2-A2EO-01Z-00-DX4.BE1980E2-83B2-4E04-A6A4-9B71B15793B5.svs
TCGA-G2-A2EO-01Z-00-DX5.85F4C6CF-E10B-4EF7-B477-D42E9F78247F,data/TCGA-G2-A2EO-01Z-00-DX5.85F4C6CF-E10B-4EF7-B477-D42E9F78247F,TCGA-G2-A2EO-01,TCGA-G2-A2EO,"[{'uniqueSampleKey': 'VENHQS1HMi1BMkVPLTAxOmJsY2FfdGNnYV9wYW5fY2FuX2F0bGFzXzIwMTg', 'uniquePatientKey': 'VENHQS1HMi1BMkVPOmJsY2FfdGNnYV9wYW5fY2FuX2F0bGFzXzIwMTg', 'molecularProfileId': 'blca_tcga_pan_can_atlas_2018_mutations', 'sampleId': 'TCGA-G2-A2EO-01', 'patientId': 'TCGA-G2-A2EO', 'entrezGeneId': 2261, 'gene': {'entrezGeneId': 2261, 'hugoGeneSymbol': 'FGFR3', 'type': 'protein-coding'}, 'studyId': 'blca_tcga_pan_can_atlas_2018', 'center': '.', 'mutationStatus': '.', 'validationStatus': '.', 'tumorAltCount': 173, 'tumorRefCount': 161, 'normalRefCount': 376, 'chr': '4', 'startPosition': 1806119, 'endPosition': 1806119, 'referenceAllele': 'G', 'variantAllele': 'A', 'proteinChange': 'G380R', 'mutationType': 'Missense_Mutation', 'ncbiBuild': 'GRCh37', 'variantType': 'SNP', 'refseqMrnaId': 'NA', 'proteinPosStart': 380, 'proteinPosEnd': 380, 'keyword': 'FGFR3 G380 missense'}]",1,"[{'uniqueSampleKey': 'VENHQS1HMi1BMkVPLTAxOmJsY2FfdGNnYV9wYW5fY2FuX2F0bGFzXzIwMTg', 'uniquePatientKey': 'VENHQS1HMi1BMkVPOmJsY2FfdGNnYV9wYW5fY2FuX2F0bGFzXzIwMTg', 'molecularProfileId': 'blca_tcga_pan_can_atlas_2018_mutations', 'sampleId': 'TCGA-G2-A2EO-01', 'patientId': 'TCGA-G2-A2EO', 'entrezGeneId': 2261, 'gene': {'entrezGeneId': 2261, 'hugoGeneSymbol': 'FGFR3', 'type': 'protein-coding'}, 'studyId': 'blca_tcga_pan_can_atlas_2018', 'center': '.', 'mutationStatus': '.', 'validationStatus': '.', 'tumorAltCount': 173, 'tumorRefCount': 161, 'normalRefCount': 376, 'chr': '4', 'startPosition': 1806119, 'endPosition': 1806119, 'referenceAllele': 'G', 'variantAllele': 'A', 'proteinChange': 'G380R', 'mutationType': 'Missense_Mutation', 'ncbiBuild': 'GRCh37', 'variantType': 'SNP', 'refseqMrnaId': 'NA', 'proteinPosStart': 380, 'proteinPosEnd': 380, 'keyword': 'FGFR3 G380 missense'}]",True,True,MUT,MUT_any,G380R/G382R,G380R,0.5179640718562875,173.0,161.0,12480.3,True,,820.0,69.0,Male,Stage III,High Grade,,TCGA-G2-A2EO-01Z-00-DX5.85F4C6CF-E10B-4EF7-B477-D42E9F78247F.svs
TCGA-G2-A2EO-01Z-00-DX6.8FBEA23E-DC4C-4420-A72A-FDDC0CC1F80A,data/TCGA-G2-A2EO-01Z-00-DX6.8FBEA23E-DC4C-4420-A72A-FDDC0CC1F80A,TCGA-G2-A2EO-01,TCGA-G2-A2EO,"[{'uniqueSampleKey': 'VENHQS1HMi1BMkVPLTAxOmJsY2FfdGNnYV9wYW5fY2FuX2F0bGFzXzIwMTg', 'uniquePatientKey': 'VENHQS1HMi1BMkVPOmJsY2FfdGNnYV9wYW5fY2FuX2F0bGFzXzIwMTg', 'molecularProfileId': 'blca_tcga_pan_can_atlas_2018_mutations', 'sampleId': 'TCGA-G2-A2EO-01', 'patientId': 'TCGA-G2-A2EO', 'entrezGeneId': 2261, 'gene': {'entrezGeneId': 2261, 'hugoGeneSymbol': 'FGFR3', 'type': 'protein-coding'}, 'studyId': 'blca_tcga_pan_can_atlas_2018', 'center': '.', 'mutationStatus': '.', 'validationStatus': '.', 'tumorAltCount': 173, 'tumorRefCount': 161, 'normalRefCount': 376, 'chr': '4', 'startPosition': 1806119, 'endPosition': 1806119, 'referenceAllele': 'G', 'variantAllele': 'A', 'proteinChange': 'G380R', 'mutationType': 'Missense_Mutation', 'ncbiBuild': 'GRCh37', 'variantType': 'SNP', 'refseqMrnaId': 'NA', 'proteinPosStart': 380, 'proteinPosEnd': 380, 'keyword': 'FGFR3 G380 missense'}]",1,"[{'uniqueSampleKey': 'VENHQS1HMi1BMkVPLTAxOmJsY2FfdGNnYV9wYW5fY2FuX2F0bGFzXzIwMTg', 'uniquePatientKey': 'VENHQS1HMi1BMkVPOmJsY2FfdGNnYV9wYW5fY2FuX2F0bGFzXzIwMTg', 'molecularProfileId': 'blca_tcga_pan_can_atlas_2018_mutations', 'sampleId': 'TCGA-G2-A2EO-01', 'patientId': 'TCGA-G2-A2EO', 'entrezGeneId': 2261, 'gene': {'entrezGeneId': 2261, 'hugoGeneSymbol': 'FGFR3', 'type': 'protein-coding'}, 'studyId': 'blca_tcga_pan_can_atlas_2018', 'center': '.', 'mutationStatus': '.', 'validationStatus': '.', 'tumorAltCount': 173, 'tumorRefCount': 161, 'normalRefCount': 376, 'chr': '4', 'startPosition': 1806119, 'endPosition': 1806119, 'referenceAllele': 'G', 'variantAllele': 'A', 'proteinChange': 'G380R', 'mutationType': 'Missense_Mutation', 'ncbiBuild': 'GRCh37', 'variantType': 'SNP', 'refseqMrnaId': 'NA', 'proteinPosStart': 380, 'proteinPosEnd': 380, 'keyword': 'FGFR3 G380 missense'}]",True,True,MUT,MUT_any,G380R/G382R,G380R,0.5179640718562875,173.0,161.0,12480.3,True,,820.0,69.0,Male,Stage III,High Grade,,TCGA-G2-A2EO-01Z-00-DX6.8FBEA23E-DC4C-4420-A72A-FDDC0CC1F80A.svs
TCGA-G2-A2EO-01Z-00-DX7.5784EBED-47AE-4ADA-84F2-3E58965EE2BC,data/TCGA-G2-A2EO-01Z-00-DX7.5784EBED-47AE-4ADA-84F2-3E58965EE2BC,TCGA-G2-A2EO-01,TCGA-G2-A2EO,"[{'uniqueSampleKey': 'VENHQS1HMi1BMkVPLTAxOmJsY2FfdGNnYV9wYW5fY2FuX2F0bGFzXzIwMTg', 'uniquePatientKey': 'VENHQS1HMi1BMkVPOmJsY2FfdGNnYV9wYW5fY2FuX2F0bGFzXzIwMTg', 'molecularProfileId': 'blca_tcga_pan_can_atlas_2018_mutations', 'sampleId': 'TCGA-G2-A2EO-01', 'patientId': 'TCGA-G2-A2EO', 'entrezGeneId': 2261, 'gene': {'entrezGeneId': 2261, 'hugoGeneSymbol': 'FGFR3', 'type': 'protein-coding'}, 'studyId': 'blca_tcga_pan_can_atlas_2018', 'center': '.', 'mutationStatus': '.', 'validationStatus': '.', 'tumorAltCount': 173, 'tumorRefCount': 161, 'normalRefCount': 376, 'chr': '4', 'startPosition': 1806119, 'endPosition': 1806119, 'referenceAllele': 'G', 'variantAllele': 'A', 'proteinChange': 'G380R', 'mutationType': 'Missense_Mutation', 'ncbiBuild': 'GRCh37', 'variantType': 'SNP', 'refseqMrnaId': 'NA', 'proteinPosStart': 380, 'proteinPosEnd': 380, 'keyword': 'FGFR3 G380 missense'}]",1,"[{'uniqueSampleKey': 'VENHQS1HMi1BMkVPLTAxOmJsY2FfdGNnYV9wYW5fY2FuX2F0bGFzXzIwMTg', 'uniquePatientKey': 'VENHQS1HMi1BMkVPOmJsY2FfdGNnYV9wYW5fY2FuX2F0bGFzXzIwMTg', 'molecularProfileId': 'blca_tcga_pan_can_atlas_2018_mutations', 'sampleId': 'TCGA-G2-A2EO-01', 'patientId': 'TCGA-G2-A2EO', 'entrezGeneId': 2261, 'gene': {'entrezGeneId': 2261, 'hugoGeneSymbol': 'FGFR3', 'type': 'protein-coding'}, 'studyId': 'blca_tcga_pan_can_atlas_2018', 'center': '.', 'mutationStatus': '.', 'validationStatus': '.', 'tumorAltCount': 173, 'tumorRefCount': 161, 'normalRefCount': 376, 'chr': '4', 'startPosition': 1806119, 'endPosition': 1806119, 'referenceAllele': 'G', 'variantAllele': 'A', 'proteinChange': 'G380R', 'mutationType': 'Missense_Mutation', 'ncbiBuild': 'GRCh37', 'variantType': 'SNP', 'refseqMrnaId': 'NA', 'proteinPosStart': 380, 'proteinPosEnd': 380, 'keyword': 'FGFR3 G380 missense'}]",True,True,MUT,MUT_any,G380R/G382R,G380R,0.5179640718562875,173.0,161.0,12480.3,True,,820.0,69.0,Male,Stage III,High Grade,,TCGA-G2-A2EO-01Z-00-DX7.5784EBED-47AE-4ADA-84F2-3E58965EE2BC.svs
TCGA-G2-A2EO-01Z-00-DX8.04D3920F-D1FD-4B37-8229-877FC64C3492,data/TCGA-G2-A2EO-01Z-00-DX8.04D3920F-D1FD-4B37-8229-877FC64C3492,TCGA-G2-A2EO-01,TCGA-G2-A2EO,"[{'uniqueSampleKey': 'VENHQS1HMi1BMkVPLTAxOmJsY2FfdGNnYV9wYW5fY2FuX2F0bGFzXzIwMTg', 'uniquePatientKey': 'VENHQS1HMi1BMkVPOmJsY2FfdGNnYV9wYW5fY2FuX2F0bGFzXzIwMTg', 'molecularProfileId': 'blca_tcga_pan_can_atlas_2018_mutations', 'sampleId': 'TCGA-G2-A2EO-01', 'patientId': 'TCGA-G2-A2EO', 'entrezGeneId': 2261, 'gene': {'entrezGeneId': 2261, 'hugoGeneSymbol': 'FGFR3', 'type': 'protein-coding'}, 'studyId': 'blca_tcga_pan_can_atlas_2018', 'center': '.', 'mutationStatus': '.', 'validationStatus': '.', 'tumorAltCount': 173, 'tumorRefCount': 161, 'normalRefCount': 376, 'chr': '4', 'startPosition': 1806119, 'endPosition': 1806119, 'referenceAllele': 'G', 'variantAllele': 'A', 'proteinChange': 'G380R', 'mutationType': 'Missense_Mutation', 'ncbiBuild': 'GRCh37', 'variantType': 'SNP', 'refseqMrnaId': 'NA', 'proteinPosStart': 380, 'proteinPosEnd': 380, 'keyword': 'FGFR3 G380 missense'}]",1,"[{'uniqueSampleKey': 'VENHQS1HMi1BMkVPLTAxOmJsY2FfdGNnYV9wYW5fY2FuX2F0bGFzXzIwMTg', 'uniquePatientKey': 'VENHQS1HMi1BMkVPOmJsY2FfdGNnYV9wYW5fY2FuX2F0bGFzXzIwMTg', 'molecularProfileId': 'blca_tcga_pan_can_atlas_2018_mutations', 'sampleId': 'TCGA-G2-A2EO-01', 'patientId': 'TCGA-G2-A2EO', 'entrezGeneId': 2261, 'gene': {'entrezGeneId': 2261, 'hugoGeneSymbol': 'FGFR3', 'type': 'protein-coding'}, 'studyId': 'blca_tcga_pan_can_atlas_2018', 'center': '.', 'mutationStatus': '.', 'validationStatus': '.', 'tumorAltCount': 173, 'tumorRefCount': 161, 'normalRefCount': 376, 'chr': '4', 'startPosition': 1806119, 'endPosition': 1806119, 'referenceAllele': 'G', 'variantAllele': 'A', 'proteinChange': 'G380R', 'mutationType': 'Missense_Mutation', 'ncbiBuild': 'GRCh37', 'variantType': 'SNP', 'refseqMrnaId': 'NA', 'proteinPosStart': 380, 'proteinPosEnd': 380, 'keyword': 'FGFR3 G380 missense'}]",True,True,MUT,MUT_any,G380R/G382R,G380R,0.5179640718562875,173.0,161.0,12480.3,True,,820.0,69.0,Male,Stage III,High Grade,,TCGA-G2-A2EO-01Z-00-DX8.04D3920F-D1FD-4B37-8229-877FC64C3492.svs
TCGA-G2-A2EO-11A-02-TSB.CC3A642F-D897-40E3-9628-6DC1646AEC8E,data/TCGA-G2-A2EO-11A-02-TSB.CC3A642F-D897-40E3-9628-6DC1646AEC8E,TCGA-G2-A2EO-11,TCGA-G2-A2EO,[],0,[],False,False,WT,WT_any,,,,,,,False,,0.0,69.0,Male,Stage III,,,TCGA-G2-A2EO-11A-02-TSB.CC3A642F-D897-40E3-9628-6DC1646AEC8E.svs
TCGA-G2-A2ES-01A-01-TSA.FE5D9BA0-E774-488B-A442-27CD0C77130B,data/TCGA-G2-A2ES-01A-01-TSA.FE5D9BA0-E774-488B-A442-27CD0C77130B,TCGA-G2-A2ES-01,TCGA-G2-A2ES,[],0,[],False,False,WT,WT_any,,,,,,2816.67,True,,410.0,,,,High Grade,,TCGA-G2-A2ES-01A-01-TSA.FE5D9BA0-E774-488B-A442-27CD0C77130B.svs
TCGA-G2-A2ES-01Z-00-DX1.B80524C7-9705-461E-852E-DA99575FABF0,data/TCGA-G2-A2ES-01Z-00-DX1.B80524C7-9705-461E-852E-DA99575FABF0,TCGA-G2-A2ES-01,TCGA-G2-A2ES,[],0,[],False,False,WT,WT_any,,,,,,2816.67,True,,410.0,85.0,Male,Stage II,High Grade,,TCGA-G2-A2ES-01Z-00-DX1.B80524C7-9705-461E-852E-DA99575FABF0.svs
TCGA-G2-A2ES-01Z-00-DX2.CA66A071-D602-41CD-BD39-4AF1FD7BFC43,data/TCGA-G2-A2ES-01Z-00-DX2.CA66A071-D602-41CD-BD39-4AF1FD7BFC43,TCGA-G2-A2ES-01,TCGA-G2-A2ES,[],0,[],False,False,WT,WT_any,,,,,,2816.67,True,,410.0,,,,High Grade,,TCGA-G2-A2ES-01Z-00-DX2.CA66A071-D602-41CD-BD39-4AF1FD7BFC43.svs
TCGA-G2-A2ES-01Z-00-DX3.4127F544-FC83-44F6-85CD-3F1542785E71,data/TCGA-G2-A2ES-01Z-00-DX3.4127F544-FC83-44F6-85CD-3F1542785E71,TCGA-G2-A2ES-01,TCGA-G2-A2ES,[],0,[],False,False,WT,WT_any,,,,,,2816.67,True,,410.0,,,,High Grade,,TCGA-G2-A2ES-01Z-00-DX3.4127F544-FC83-44F6-85CD-3F1542785E71.svs
TCGA-G2-A2ES-01Z-00-DX4.F8B9CC1E-CDC8-4335-82DD-4BE4F6A35CEF,data/TCGA-G2-A2ES-01Z-00-DX4.F8B9CC1E-CDC8-4335-82DD-4BE4F6A35CEF,TCGA-G2-A2ES-01,TCGA-G2-A2ES,[],0,[],False,False,WT,WT_any,,,,,,2816.67,True,,410.0,,,,High Grade,,TCGA-G2-A2ES-01Z-00-DX4.F8B9CC1E-CDC8-4335-82DD-4BE4F6A35CEF.svs
TCGA-G2-A2ES-01Z-00-DX5.3576FA08-47B1-4A10-94F1-5F5A57A7835E,data/TCGA-G2-A2ES-01Z-00-DX5.3576FA08-47B1-4A10-94F1-5F5A57A7835E,TCGA-G2-A2ES-01,TCGA-G2-A2ES,[],0,[],False,False,WT,WT_any,,,,,,2816.67,True,,410.0,85.0,Male,Stage II,High Grade,,TCGA-G2-A2ES-01Z-00-DX5.3576FA08-47B1-4A10-94F1-5F5A57A7835E.svs
TCGA-G2-A2ES-01Z-00-DX6.FF3254DB-03CE-48A3-8C68-E0BAE60694F6,data/TCGA-G2-A2ES-01Z-00-DX6.FF3254DB-03CE-48A3-8C68-E0BAE60694F6,TCGA-G2-A2ES-01,TCGA-G2-A2ES,[],0,[],False,False,WT,WT_any,,,,,,2816.67,True,,410.0,,,,High Grade,,TCGA-G2-A2ES-01Z-00-DX6.FF3254DB-03CE-48A3-8C68-E0BAE60694F6.svs
TCGA-G2-A2ES-01Z-00-DX7.03160CC5-FC81-4A8D-96D4-BCEBADCDF599,data/TCGA-G2-A2ES-01Z-00-DX7.03160CC5-FC81-4A8D-96D4-BCEBADCDF599,TCGA-G2-A2ES-01,TCGA-G2-A2ES,[],0,[],False,False,WT,WT_any,,,,,,2816.67,True,,410.0,85.0,Male,Stage II,High Grade,,TCGA-G2-A2ES-01Z-00-DX7.03160CC5-FC81-4A8D-96D4-BCEBADCDF599.svs
TCGA-G2-A2ES-11A-03-TSC.8F131E09-72F3-4553-8B6D-8B87E527A6D2,data/TCGA-G2-A2ES-11A-03-TSC.8F131E09-72F3-4553-8B6D-8B87E527A6D2,TCGA-G2-A2ES-11,TCGA-G2-A2ES,[],0,[],False,False,WT,WT_any,,,,,,,False,,0.0,85.0,Male,Stage II,,,TCGA-G2-A2ES-11A-03-TSC.8F131E09-72F3-4553-8B6D-8B87E527A6D2.svs
TCGA-G2-A3IE-01A-01-TSA.1234B8C8-E3A6-4FFD-85EA-1625A236C735,data/TCGA-G2-A3IE-01A-01-TSA.1234B8C8-E3A6-4FFD-85EA-1625A236C735,TCGA-G2-A3IE-01,TCGA-G2-A3IE,[],0,[],False,False,WT,WT_any,,,,,,14249.4,True,,337.0,51.0,Male,Stage II,High Grade,,TCGA-G2-A3IE-01A-01-TSA.1234B8C8-E3A6-4FFD-85EA-1625A236C735.svs
TCGA-G2-A3IE-01Z-00-DX1.DEEF9D35-CE4C-499F-9481-9E9E379694FC,data/TCGA-G2-A3IE-01Z-00-DX1.DEEF9D35-CE4C-499F-9481-9E9E379694FC,TCGA-G2-A3IE-01,TCGA-G2-A3IE,[],0,[],False,False,WT,WT_any,,,,,,14249.4,True,,337.0,51.0,Male,Stage II,High Grade,,TCGA-G2-A3IE-01Z-00-DX1.DEEF9D35-CE4C-499F-9481-9E9E379694FC.svs
TCGA-G2-A3IE-01Z-00-DX2.48A6B225-8608-41A5-9268-63262105DDED,data/TCGA-G2-A3IE-01Z-00-DX2.48A6B225-8608-41A5-9268-63262105DDED,TCGA-G2-A3IE-01,TCGA-G2-A3IE,[],0,[],False,False,WT,WT_any,,,,,,14249.4,True,,337.0,51.0,Male,Stage II,High Grade,,TCGA-G2-A3IE-01Z-00-DX2.48A6B225-8608-41A5-9268-63262105DDED.svs
TCGA-G2-AA3B-01A-01-TS1.E7731085-9405-4803-8B17-0D46CFE83DB8,data/TCGA-G2-AA3B-01A-01-TS1.E7731085-9405-4803-8B17-0D46CFE83DB8,TCGA-G2-AA3B-01,TCGA-G2-AA3B,[],0,[],False,False,WT,WT_any,,,,,,3181.57,True,,658.0,75.0,Female,Stage II,High Grade,,TCGA-G2-AA3B-01A-01-TS1.E7731085-9405-4803-8B17-0D46CFE83DB8.svs
TCGA-G2-AA3B-01Z-00-DX1.F4F8CCF4-E74C-4B07-B385-5E30E0E1BB0D,data/TCGA-G2-AA3B-01Z-00-DX1.F4F8CCF4-E74C-4B07-B385-5E30E0E1BB0D,TCGA-G2-AA3B-01,TCGA-G2-AA3B,[],0,[],False,False,WT,WT_any,,,,,,3181.57,True,,658.0,,,,High Grade,,TCGA-G2-AA3B-01Z-00-DX1.F4F8CCF4-E74C-4B07-B385-5E30E0E1BB0D.svs
TCGA-G2-AA3B-01Z-00-DX2.B9AC70CF-591B-4AFF-A8C0-F43A9C91CFF9,data/TCGA-G2-AA3B-01Z-00-DX2.B9AC70CF-591B-4AFF-A8C0-F43A9C91CFF9,TCGA-G2-AA3B-01,TCGA-G2-AA3B,[],0,[],False,False,WT,WT_any,,,,,,3181.57,True,,658.0,75.0,Female,Stage II,High Grade,,TCGA-G2-AA3B-01Z-00-DX2.B9AC70CF-591B-4AFF-A8C0-F43A9C91CFF9.svs
TCGA-G2-AA3B-01Z-00-DX3.A193600C-0B83-4FEB-AB0C-DECF6FC78E1A,data/TCGA-G2-AA3B-01Z-00-DX3.A193600C-0B83-4FEB-AB0C-DECF6FC78E1A,TCGA-G2-AA3B-01,TCGA-G2-AA3B,[],0,[],False,False,WT,WT_any,,,,,,3181.57,True,,658.0,,,,High Grade,,TCGA-G2-AA3B-01Z-00-DX3.A193600C-0B83-4FEB-AB0C-DECF6FC78E1A.svs
TCGA-G2-AA3B-01Z-00-DX4.6E70BFE1-D95F-48A9-9897-97322FBA937A,data/TCGA-G2-AA3B-01Z-00-DX4.6E70BFE1-D95F-48A9-9897-97322FBA937A,TCGA-G2-AA3B-01,TCGA-G2-AA3B,[],0,[],False,False,WT,WT_any,,,,,,3181.57,True,,658.0,,,,High Grade,,TCGA-G2-AA3B-01Z-00-DX4.6E70BFE1-D95F-48A9-9897-97322FBA937A.svs
TCGA-G2-AA3B-01Z-00-DX5.57084980-934B-4A4A-A720-24FA2E9E0CB2,data/TCGA-G2-AA3B-01Z-00-DX5.57084980-934B-4A4A-A720-24FA2E9E0CB2,TCGA-G2-AA3B-01,TCGA-G2-AA3B,[],0,[],False,False,WT,WT_any,,,,,,3181.57,True,,658.0,75.0,Female,Stage II,High Grade,,TCGA-G2-AA3B-01Z-00-DX5.57084980-934B-4A4A-A720-24FA2E9E0CB2.svs
TCGA-G2-AA3F-01A-01-TS1.BE49D0F8-7012-41E6-8F61-A3FF8AD60F7F,data/TCGA-G2-AA3F-01A-01-TS1.BE49D0F8-7012-41E6-8F61-A3FF8AD60F7F,TCGA-G2-AA3F-01,TCGA-G2-AA3F,[],0,[],False,False,WT,WT_any,,,,,,1077.12,True,,131.0,77.0,Male,Stage IV,High Grade,,TCGA-G2-AA3F-01A-01-TS1.BE49D0F8-7012-41E6-8F61-A3FF8AD60F7F.svs
TCGA-G2-AA3F-01Z-00-DX1.C63054C3-6DBF-42A1-ADA3-79FF26ED02B3,data/TCGA-G2-AA3F-01Z-00-DX1.C63054C3-6DBF-42A1-ADA3-79FF26ED02B3,TCGA-G2-AA3F-01,TCGA-G2-AA3F,[],0,[],False,False,WT,WT_any,,,,,,1077.12,True,,131.0,77.0,Male,Stage IV,High Grade,,TCGA-G2-AA3F-01Z-00-DX1.C63054C3-6DBF-42A1-ADA3-79FF26ED02B3.svs
TCGA-G2-AA3F-01Z-00-DX2.8991BE4B-303B-4177-9046-2D6412D0698E,data/TCGA-G2-AA3F-01Z-00-DX2.8991BE4B-303B-4177-9046-2D6412D0698E,TCGA-G2-AA3F-01,TCGA-G2-AA3F,[],0,[],False,False,WT,WT_any,,,,,,1077.12,True,,131.0,77.0,Male,Stage IV,High Grade,,TCGA-G2-AA3F-01Z-00-DX2.8991BE4B-303B-4177-9046-2D6412D0698E.svs
TCGA-G2-AA3F-01Z-00-DX3.360ECD0E-F773-4153-A782-EDED1819BDBA,data/TCGA-G2-AA3F-01Z-00-DX3.360ECD0E-F773-4153-A782-EDED1819BDBA,TCGA-G2-AA3F-01,TCGA-G2-AA3F,[],0,[],False,False,WT,WT_any,,,,,,1077.12,True,,131.0,77.0,Male,Stage IV,High Grade,,TCGA-G2-AA3F-01Z-00-DX3.360ECD0E-F773-4153-A782-EDED1819BDBA.svs
TCGA-G2-AA3F-01Z-00-DX4.8DD53108-E08F-4F3C-80EE-E31D934B9BDF,data/TCGA-G2-AA3F-01Z-00-DX4.8DD53108-E08F-4F3C-80EE-E31D934B9BDF,TCGA-G2-AA3F-01,TCGA-G2-AA3F,[],0,[],False,False,WT,WT_any,,,,,,1077.12,True,,131.0,77.0,Male,Stage IV,High Grade,,TCGA-G2-AA3F-01Z-00-DX4.8DD53108-E08F-4F3C-80EE-E31D934B9BDF.svs
TCGA-G2-AA3F-01Z-00-DX5.A1D2BBD8-A1B6-46E1-8D22-C897019DB41F,data/TCGA-G2-AA3F-01Z-00-DX5.A1D2BBD8-A1B6-46E1-8D22-C897019DB41F,TCGA-G2-AA3F-01,TCGA-G2-AA3F,[],0,[],False,False,WT,WT_any,,,,,,1077.12,True,,131.0,77.0,Male,Stage IV,High Grade,,TCGA-G2-AA3F-01Z-00-DX5.A1D2BBD8-A1B6-46E1-8D22-C897019DB41F.svs
TCGA-G2-AA3F-01Z-00-DX6.AD188C41-F5A7-49ED-9C1A-F7E956A34AC5,data/TCGA-G2-AA3F-01Z-00-DX6.AD188C41-F5A7-49ED-9C1A-F7E956A34AC5,TCGA-G2-AA3F-01,TCGA-G2-AA3F,[],0,[],False,False,WT,WT_any,,,,,,1077.12,True,,131.0,77.0,Male,Stage IV,High Grade,,TCGA-G2-AA3F-01Z-00-DX6.AD188C41-F5A7-49ED-9C1A-F7E956A34AC5.svs
TCGA-G2-AA3F-01Z-00-DX7.61BFF067-ADE1-4879-8746-34F034B06A2A,data/TCGA-G2-AA3F-01Z-00-DX7.61BFF067-ADE1-4879-8746-34F034B06A2A,TCGA-G2-AA3F-01,TCGA-G2-AA3F,[],0,[],False,False,WT,WT_any,,,,,,1077.12,True,,131.0,77.0,Male,Stage IV,High Grade,,TCGA-G2-AA3F-01Z-00-DX7.61BFF067-ADE1-4879-8746-34F034B06A2A.svs
TCGA-G2-AA3F-01Z-00-DX8.D27EA057-F808-44FE-AF5D-9F7237D59488,data/TCGA-G2-AA3F-01Z-00-DX8.D27EA057-F808-44FE-AF5D-9F7237D59488,TCGA-G2-AA3F-01,TCGA-G2-AA3F,[],0,[],False,False,WT,WT_any,,,,,,1077.12,True,,131.0,77.0,Male,Stage IV,High Grade,,TCGA-G2-AA3F-01Z-00-DX8.D27EA057-F808-44FE-AF5D-9F7237D59488.svs
TCGA-G2-AA3F-01Z-00-DX9.77E9E77B-0A41-4045-A1EE-19FEC7259910,data/TCGA-G2-AA3F-01Z-00-DX9.77E9E77B-0A41-4045-A1EE-19FEC7259910,TCGA-G2-AA3F-01,TCGA-G2-AA3F,[],0,[],False,False,WT,WT_any,,,,,,1077.12,True,,131.0,77.0,Male,Stage IV,High Grade,,TCGA-G2-AA3F-01Z-00-DX9.77E9E77B-0A41-4045-A1EE-19FEC7259910.svs
TCGA-GC-A3BM-01A-01-MS1.621FBCDB-B195-404C-8968-F58FB4E501A7,data/TCGA-GC-A3BM-01A-01-MS1.621FBCDB-B195-404C-8968-F58FB4E501A7,TCGA-GC-A3BM-01,TCGA-GC-A3BM,"[{'uniqueSampleKey': 'VENHQS1HQy1BM0JNLTAxOmJsY2FfdGNnYV9wYW5fY2FuX2F0bGFzXzIwMTg', 'uniquePatientKey': 'VENHQS1HQy1BM0JNOmJsY2FfdGNnYV9wYW5fY2FuX2F0bGFzXzIwMTg', 'molecularProfileId': 'blca_tcga_pan_can_atlas_2018_mutations', 'sampleId': 'TCGA-GC-A3BM-01', 'patientId': 'TCGA-GC-A3BM', 'entrezGeneId': 2261, 'gene': {'entrezGeneId': 2261, 'hugoGeneSymbol': 'FGFR3', 'type': 'protein-coding'}, 'studyId': 'blca_tcga_pan_can_atlas_2018', 'center': '.', 'mutationStatus': '.', 'validationStatus': '.', 'tumorAltCount': 29, 'tumorRefCount': 14, 'normalRefCount': 59, 'chr': '4', 'startPosition': 1803568, 'endPosition': 1803568, 'referenceAllele': 'C', 'variantAllele': 'G', 'proteinChange': 'S249C', 'mutationType': 'Missense_Mutation', 'ncbiBuild': 'GRCh37', 'variantType': 'SNP', 'refseqMrnaId': 'NA', 'proteinPosStart': 249, 'proteinPosEnd': 249, 'keyword': 'FGFR3 S249 missense'}]",1,"[{'uniqueSampleKey': 'VENHQS1HQy1BM0JNLTAxOmJsY2FfdGNnYV9wYW5fY2FuX2F0bGFzXzIwMTg', 'uniquePatientKey': 'VENHQS1HQy1BM0JNOmJsY2FfdGNnYV9wYW5fY2FuX2F0bGFzXzIwMTg', 'molecularProfileId': 'blca_tcga_pan_can_atlas_2018_mutations', 'sampleId': 'TCGA-GC-A3BM-01', 'patientId': 'TCGA-GC-A3BM', 'entrezGeneId': 2261, 'gene': {'entrezGeneId': 2261, 'hugoGeneSymbol': 'FGFR3', 'type': 'protein-coding'}, 'studyId': 'blca_tcga_pan_can_atlas_2018', 'center': '.', 'mutationStatus': '.', 'validationStatus': '.', 'tumorAltCount': 29, 'tumorRefCount': 14, 'normalRefCount': 59, 'chr': '4', 'startPosition': 1803568, 'endPosition': 1803568, 'referenceAllele': 'C', 'variantAllele': 'G', 'proteinChange': 'S249C', 'mutationType': 'Missense_Mutation', 'ncbiBuild': 'GRCh37', 'variantType': 'SNP', 'refseqMrnaId': 'NA', 'proteinPosStart': 249, 'proteinPosEnd': 249, 'keyword': 'FGFR3 S249 missense'}]",True,True,MUT,MUT_any,S249C,S249C,0.6744186046511628,29.0,14.0,11763.5,True,,115.0,,,,High Grade,,TCGA-GC-A3BM-01A-01-MS1.621FBCDB-B195-404C-8968-F58FB4E501A7.svs
TCGA-GC-A3BM-01Z-00-DX1.8880FA8C-8607-4C55-A619-2C8D7F2866EF,data/TCGA-GC-A3BM-01Z-00-DX1.8880FA8C-8607-4C55-A619-2C8D7F2866EF,TCGA-GC-A3BM-01,TCGA-GC-A3BM,"[{'uniqueSampleKey': 'VENHQS1HQy1BM0JNLTAxOmJsY2FfdGNnYV9wYW5fY2FuX2F0bGFzXzIwMTg', 'uniquePatientKey': 'VENHQS1HQy1BM0JNOmJsY2FfdGNnYV9wYW5fY2FuX2F0bGFzXzIwMTg', 'molecularProfileId': 'blca_tcga_pan_can_atlas_2018_mutations', 'sampleId': 'TCGA-GC-A3BM-01', 'patientId': 'TCGA-GC-A3BM', 'entrezGeneId': 2261, 'gene': {'entrezGeneId': 2261, 'hugoGeneSymbol': 'FGFR3', 'type': 'protein-coding'}, 'studyId': 'blca_tcga_pan_can_atlas_2018', 'center': '.', 'mutationStatus': '.', 'validationStatus': '.', 'tumorAltCount': 29, 'tumorRefCount': 14, 'normalRefCount': 59, 'chr': '4', 'startPosition': 1803568, 'endPosition': 1803568, 'referenceAllele': 'C', 'variantAllele': 'G', 'proteinChange': 'S249C', 'mutationType': 'Missense_Mutation', 'ncbiBuild': 'GRCh37', 'variantType': 'SNP', 'refseqMrnaId': 'NA', 'proteinPosStart': 249, 'proteinPosEnd': 249, 'keyword': 'FGFR3 S249 missense'}]",1,"[{'uniqueSampleKey': 'VENHQS1HQy1BM0JNLTAxOmJsY2FfdGNnYV9wYW5fY2FuX2F0bGFzXzIwMTg', 'uniquePatientKey': 'VENHQS1HQy1BM0JNOmJsY2FfdGNnYV9wYW5fY2FuX2F0bGFzXzIwMTg', 'molecularProfileId': 'blca_tcga_pan_can_atlas_2018_mutations', 'sampleId': 'TCGA-GC-A3BM-01', 'patientId': 'TCGA-GC-A3BM', 'entrezGeneId': 2261, 'gene': {'entrezGeneId': 2261, 'hugoGeneSymbol': 'FGFR3', 'type': 'protein-coding'}, 'studyId': 'blca_tcga_pan_can_atlas_2018', 'center': '.', 'mutationStatus': '.', 'validationStatus': '.', 'tumorAltCount': 29, 'tumorRefCount': 14, 'normalRefCount': 59, 'chr': '4', 'startPosition': 1803568, 'endPosition': 1803568, 'referenceAllele': 'C', 'variantAllele': 'G', 'proteinChange': 'S249C', 'mutationType': 'Missense_Mutation', 'ncbiBuild': 'GRCh37', 'variantType': 'SNP', 'refseqMrnaId': 'NA', 'proteinPosStart': 249, 'proteinPosEnd': 249, 'keyword': 'FGFR3 S249 missense'}]",True,True,MUT,MUT_any,S249C,S249C,0.6744186046511628,29.0,14.0,11763.5,True,,115.0,,,,High Grade,,TCGA-GC-A3BM-01Z-00-DX1.8880FA8C-8607-4C55-A619-2C8D7F2866EF.svs
TCGA-GC-A3BM-11A-01-TSA.C70AF788-4FE5-497B-8CA7-4C210A093D31,data/TCGA-GC-A3BM-11A-01-TSA.C70AF788-4FE5-497B-8CA7-4C210A093D31,TCGA-GC-A3BM-11,TCGA-GC-A3BM,[],0,[],False,False,WT,WT_any,,,,,,,False,,0.0,70.0,Male,Stage II,,,TCGA-GC-A3BM-11A-01-TSA.C70AF788-4FE5-497B-8CA7-4C210A093D31.svs
TCGA-GC-A3I6-01A-01-TSA.541C0DB2-76DE-4828-A4FE-DDD05E92E912,data/TCGA-GC-A3I6-01A-01-TSA.541C0DB2-76DE-4828-A4FE-DDD05E92E912,TCGA-GC-A3I6-01,TCGA-GC-A3I6,[],0,[],False,False,WT,WT_any,,,,,,2116.64,True,,173.0,,,,High Grade,,TCGA-GC-A3I6-01A-01-TSA.541C0DB2-76DE-4828-A4FE-DDD05E92E912.svs
TCGA-GC-A3I6-01Z-00-DX1.47650F7B-0AD3-49C9-AB9E-40383C7D07AC,data/TCGA-GC-A3I6-01Z-00-DX1.47650F7B-0AD3-49C9-AB9E-40383C7D07AC,TCGA-GC-A3I6-01,TCGA-GC-A3I6,[],0,[],False,False,WT,WT_any,,,,,,2116.64,True,,173.0,,,,High Grade,,TCGA-GC-A3I6-01Z-00-DX1.47650F7B-0AD3-49C9-AB9E-40383C7D07AC.svs
TCGA-GC-A3OO-01A-01-TS1.95DFF291-07A6-4740-BE5F-78E7A1AD40E2,data/TCGA-GC-A3OO-01A-01-TS1.95DFF291-07A6-4740-BE5F-78E7A1AD40E2,TCGA-GC-A3OO-01,TCGA-GC-A3OO,[],0,[],False,False,WT,WT_any,,,,,,1326.63,True,,118.0,79.0,Male,Stage II,High Grade,,TCGA-GC-A3OO-01A-01-TS1.95DFF291-07A6-4740-BE5F-78E7A1AD40E2.svs
TCGA-GC-A3OO-01Z-00-DX1.F2A671AF-74E6-4F9B-8ABC-6A10EB1F68A8,data/TCGA-GC-A3OO-01Z-00-DX1.F2A671AF-74E6-4F9B-8ABC-6A10EB1F68A8,TCGA-GC-A3OO-01,TCGA-GC-A3OO,[],0,[],False,False,WT,WT_any,,,,,,1326.63,True,,118.0,79.0,Male,Stage II,High Grade,,TCGA-GC-A3OO-01Z-00-DX1.F2A671AF-74E6-4F9B-8ABC-6A10EB1F68A8.svs
TCGA-GC-A3RB-01A-01-TS1.6995C6D1-9C67-4296-BE8F-29D6FE5C89EE,data/TCGA-GC-A3RB-01A-01-TS1.6995C6D1-9C67-4296-BE8F-29D6FE5C89EE,TCGA-GC-A3RB-01,TCGA-GC-A3RB,[],0,[],False,False,WT,WT_any,,,,,,154.922,True,,152.0,,,,High Grade,,TCGA-GC-A3RB-01A-01-TS1.6995C6D1-9C67-4296-BE8F-29D6FE5C89EE.svs
TCGA-GC-A3RB-01Z-00-DX1.C0011A55-EA8A-436B-BBCA-342B96803B22,data/TCGA-GC-A3RB-01Z-00-DX1.C0011A55-EA8A-436B-BBCA-342B96803B22,TCGA-GC-A3RB-01,TCGA-GC-A3RB,[],0,[],False,False,WT,WT_any,,,,,,154.922,True,,152.0,,,,High Grade,,TCGA-GC-A3RB-01Z-00-DX1.C0011A55-EA8A-436B-BBCA-342B96803B22.svs
TCGA-GC-A3RD-01A-01-TS1.5CA46233-801C-44B8-A712-0CFC22F3B9CE,data/TCGA-GC-A3RD-01A-01-TS1.5CA46233-801C-44B8-A712-0CFC22F3B9CE,TCGA-GC-A3RD-01,TCGA-GC-A3RD,[],0,[],False,False,WT,WT_any,,,,,,1854.09,True,,74.0,83.0,Female,Stage III,High Grade,,TCGA-GC-A3RD-01A-01-TS1.5CA46233-801C-44B8-A712-0CFC22F3B9CE.svs
TCGA-GC-A3RD-01Z-00-DX1.40B5E97D-B45F-4C93-A41B-0F17B757491B,data/TCGA-GC-A3RD-01Z-00-DX1.40B5E97D-B45F-4C93-A41B-0F17B757491B,TCGA-GC-A3RD-01,TCGA-GC-A3RD,[],0,[],False,False,WT,WT_any,,,,,,1854.09,True,,74.0,83.0,Female,Stage III,High Grade,,TCGA-GC-A3RD-01Z-00-DX1.40B5E97D-B45F-4C93-A41B-0F17B757491B.svs
TCGA-GC-A3WC-01A-03-TSC.51ACCD62-FDF0-4109-AF52-D8D4DD0CEF7B,data/TCGA-GC-A3WC-01A-03-TSC.51ACCD62-FDF0-4109-AF52-D8D4DD0CEF7B,TCGA-GC-A3WC-01,TCGA-GC-A3WC,[],0,[],False,False,WT,WT_any,,,,,,16883.8,True,,136.0,80.0,Female,Stage III,High Grade,,TCGA-GC-A3WC-01A-03-TSC.51ACCD62-FDF0-4109-AF52-D8D4DD0CEF7B.svs
TCGA-GC-A3WC-01Z-00-DX1.D8F5CD43-7338-414C-ADE8-AC0BBC6A871C,data/TCGA-GC-A3WC-01Z-00-DX1.D8F5CD43-7338-414C-ADE8-AC0BBC6A871C,TCGA-GC-A3WC-01,TCGA-GC-A3WC,[],0,[],False,False,WT,WT_any,,,,,,16883.8,True,,136.0,80.0,Female,Stage III,High Grade,,TCGA-GC-A3WC-01Z-00-DX1.D8F5CD43-7338-414C-ADE8-AC0BBC6A871C.svs
TCGA-GC-A3WC-11A-01-TS1.30E967B2-D170-492B-86A6-2B5404A48376,data/TCGA-GC-A3WC-11A-01-TS1.30E967B2-D170-492B-86A6-2B5404A48376,TCGA-GC-A3WC-11,TCGA-GC-A3WC,[],0,[],False,False,WT,WT_any,,,,,,,False,,0.0,80.0,Female,Stage III,,,TCGA-GC-A3WC-11A-01-TS1.30E967B2-D170-492B-86A6-2B5404A48376.svs
TCGA-GC-A3YS-01A-01-TSA.CE6ABC91-EDF8-4193-87E9-ECF767D7F78F,data/TCGA-GC-A3YS-01A-01-TSA.CE6ABC91-EDF8-4193-87E9-ECF767D7F78F,TCGA-GC-A3YS-01,TCGA-GC-A3YS,[],0,[],False,False,WT,WT_any,,,,,,4066.01,True,,218.0,61.0,Male,Stage IV,High Grade,,TCGA-GC-A3YS-01A-01-TSA.CE6ABC91-EDF8-4193-87E9-ECF767D7F78F.svs
TCGA-GC-A3YS-01Z-00-DX1.97B4664A-9D8B-460D-B4A4-89855D3DB0C2,data/TCGA-GC-A3YS-01Z-00-DX1.97B4664A-9D8B-460D-B4A4-89855D3DB0C2,TCGA-GC-A3YS-01,TCGA-GC-A3YS,[],0,[],False,False,WT,WT_any,,,,,,4066.01,True,,218.0,61.0,Male,Stage IV,High Grade,,TCGA-GC-A3YS-01Z-00-DX1.97B4664A-9D8B-460D-B4A4-89855D3DB0C2.svs
TCGA-GC-A6I1-01A-01-TS1.07E9B4A2-8CB5-42D7-A81D-F123CD6074D2,data/TCGA-GC-A6I1-01A-01-TS1.07E9B4A2-8CB5-42D7-A81D-F123CD6074D2,TCGA-GC-A6I1-01,TCGA-GC-A6I1,[],0,[],False,False,WT,WT_any,,,,,,839.979,True,,212.0,90.0,Female,Stage II,High Grade,,TCGA-GC-A6I1-01A-01-TS1.07E9B4A2-8CB5-42D7-A81D-F123CD6074D2.svs
TCGA-GC-A6I1-01Z-00-DX1.2AD569EC-372B-4B72-A222-924091ADEE99,data/TCGA-GC-A6I1-01Z-00-DX1.2AD569EC-372B-4B72-A222-924091ADEE99,TCGA-GC-A6I1-01,TCGA-GC-A6I1,[],0,[],False,False,WT,WT_any,,,,,,839.979,True,,212.0,90.0,Female,Stage II,High Grade,,TCGA-GC-A6I1-01Z-00-DX1.2AD569EC-372B-4B72-A222-924091ADEE99.svs
TCGA-GD-A2C5-01A-01-TS1.743D7349-5493-4DB9-9309-CEE9C5B1FBEA,data/TCGA-GD-A2C5-01A-01-TS1.743D7349-5493-4DB9-9309-CEE9C5B1FBEA,TCGA-GD-A2C5-01,TCGA-GD-A2C5,[],0,[],False,False,WT,WT_any,,,,,,3826.45,True,,258.0,,,,High Grade,,TCGA-GD-A2C5-01A-01-TS1.743D7349-5493-4DB9-9309-CEE9C5B1FBEA.svs
TCGA-GD-A2C5-01Z-00-DX1.3A81505E-5BF9-466C-938B-28909CD88193,data/TCGA-GD-A2C5-01Z-00-DX1.3A81505E-5BF9-466C-938B-28909CD88193,TCGA-GD-A2C5-01,TCGA-GD-A2C5,[],0,[],False,False,WT,WT_any,,,,,,3826.45,True,,258.0,53.0,Female,Stage IV,High Grade,,TCGA-GD-A2C5-01Z-00-DX1.3A81505E-5BF9-466C-938B-28909CD88193.svs
TCGA-GD-A2C5-11A-01-TS1.58935BAD-933A-44D8-AA45-6CBD6362C5AB,data/TCGA-GD-A2C5-11A-01-TS1.58935BAD-933A-44D8-AA45-6CBD6362C5AB,TCGA-GD-A2C5-11,TCGA-GD-A2C5,[],0,[],False,False,WT,WT_any,,,,,,,False,,0.0,53.0,Female,Stage IV,,,TCGA-GD-A2C5-11A-01-TS1.58935BAD-933A-44D8-AA45-6CBD6362C5AB.svs
TCGA-GD-A3OP-01A-02-TS2.4C8251AD-63A1-4486-8FCE-F3E81CA4DA6B,data/TCGA-GD-A3OP-01A-02-TS2.4C8251AD-63A1-4486-8FCE-F3E81CA4DA6B,TCGA-GD-A3OP-01,TCGA-GD-A3OP,[],0,[],False,False,WT,WT_any,,,,,,5086.83,True,,334.0,84.0,Female,Stage IV,High Grade,,TCGA-GD-A3OP-01A-02-TS2.4C8251AD-63A1-4486-8FCE-F3E81CA4DA6B.svs
TCGA-GD-A3OP-01Z-00-DX1.A1D66E35-8E4D-4420-AD57-D45016D016D5,data/TCGA-GD-A3OP-01Z-00-DX1.A1D66E35-8E4D-4420-AD57-D45016D016D5,TCGA-GD-A3OP-01,TCGA-GD-A3OP,[],0,[],False,False,WT,WT_any,,,,,,5086.83,True,,334.0,84.0,Female,Stage IV,High Grade,,TCGA-GD-A3OP-01Z-00-DX1.A1D66E35-8E4D-4420-AD57-D45016D016D5.svs
TCGA-GD-A3OP-11A-01-TS1.1565C919-DAC3-4771-B6A0-45D09A2568E7,data/TCGA-GD-A3OP-11A-01-TS1.1565C919-DAC3-4771-B6A0-45D09A2568E7,TCGA-GD-A3OP-11,TCGA-GD-A3OP,[],0,[],False,False,WT,WT_any,,,,,,,False,,0.0,,,,,,TCGA-GD-A3OP-11A-01-TS1.1565C919-DAC3-4771-B6A0-45D09A2568E7.svs
TCGA-GD-A3OQ-01A-03-TS3.91737BFF-DC42-4BFA-89C6-BAA3C7BD3C70,data/TCGA-GD-A3OQ-01A-03-TS3.91737BFF-DC42-4BFA-89C6-BAA3C7BD3C70,TCGA-GD-A3OQ-01,TCGA-GD-A3OQ,[],0,[],False,False,WT,WT_any,,,,,,1106.28,True,,108.0,48.0,Male,Stage IV,High Grade,,TCGA-GD-A3OQ-01A-03-TS3.91737BFF-DC42-4BFA-89C6-BAA3C7BD3C70.svs
TCGA-GD-A3OQ-01Z-00-DX1.ED8C9F09-57A9-4915-950A-A61FE2FE8538,data/TCGA-GD-A3OQ-01Z-00-DX1.ED8C9F09-57A9-4915-950A-A61FE2FE8538,TCGA-GD-A3OQ-01,TCGA-GD-A3OQ,[],0,[],False,False,WT,WT_any,,,,,,1106.28,True,,108.0,48.0,Male,Stage IV,High Grade,,TCGA-GD-A3OQ-01Z-00-DX1.ED8C9F09-57A9-4915-950A-A61FE2FE8538.svs
TCGA-GD-A3OQ-11A-02-TS2.B5F4BCD4-3153-4E86-832D-2D44457DAB40,data/TCGA-GD-A3OQ-11A-02-TS2.B5F4BCD4-3153-4E86-832D-2D44457DAB40,TCGA-GD-A3OQ-11,TCGA-GD-A3OQ,[],0,[],False,False,WT,WT_any,,,,,,,False,,0.0,48.0,Male,Stage IV,,,TCGA-GD-A3OQ-11A-02-TS2.B5F4BCD4-3153-4E86-832D-2D44457DAB40.svs
TCGA-GD-A3OS-01A-01-TS1.BD64DEF1-221D-48F6-9B1B-83D778C5D102,data/TCGA-GD-A3OS-01A-01-TS1.BD64DEF1-221D-48F6-9B1B-83D778C5D102,TCGA-GD-A3OS-01,TCGA-GD-A3OS,[],0,[],False,False,WT,WT_any,,,,,,219.933,True,,84.0,54.0,Female,Stage II,High Grade,,TCGA-GD-A3OS-01A-01-TS1.BD64DEF1-221D-48F6-9B1B-83D778C5D102.svs
TCGA-GD-A3OS-01Z-00-DX1.5EA796F4-E7F3-4421-BDEA-522BED020B5B,data/TCGA-GD-A3OS-01Z-00-DX1.5EA796F4-E7F3-4421-BDEA-522BED020B5B,TCGA-GD-A3OS-01,TCGA-GD-A3OS,[],0,[],False,False,WT,WT_any,,,,,,219.933,True,,84.0,,,,High Grade,,TCGA-GD-A3OS-01Z-00-DX1.5EA796F4-E7F3-4421-BDEA-522BED020B5B.svs
TCGA-GD-A76B-01A-01-TS1.217990B7-1812-4F85-9103-242E69B71098,data/TCGA-GD-A76B-01A-01-TS1.217990B7-1812-4F85-9103-242E69B71098,TCGA-GD-A76B-01,TCGA-GD-A76B,[],0,[],False,False,WT,WT_any,,,,,,1430.49,True,,180.0,86.0,Female,Stage II,High Grade,,TCGA-GD-A76B-01A-01-TS1.217990B7-1812-4F85-9103-242E69B71098.svs
TCGA-GD-A76B-01Z-00-DX1.C299842E-F204-4071-AD72-1E1A303B396B,data/TCGA-GD-A76B-01Z-00-DX1.C299842E-F204-4071-AD72-1E1A303B396B,TCGA-GD-A76B-01,TCGA-GD-A76B,[],0,[],False,False,WT,WT_any,,,,,,1430.49,True,,180.0,86.0,Female,Stage II,High Grade,,TCGA-GD-A76B-01Z-00-DX1.C299842E-F204-4071-AD72-1E1A303B396B.svs
TCGA-GU-A42P-01A-01-TS1.A265A399-F503-42F8-A670-B8587BEE9478,data/TCGA-GU-A42P-01A-01-TS1.A265A399-F503-42F8-A670-B8587BEE9478,TCGA-GU-A42P-01,TCGA-GU-A42P,[],0,[],False,False,WT,WT_any,,,,,,4504.12,True,,216.0,72.0,Male,Stage IV,High Grade,,TCGA-GU-A42P-01A-01-TS1.A265A399-F503-42F8-A670-B8587BEE9478.svs
TCGA-GU-A42P-01Z-00-DX1.3A4A8614-693F-452C-BB2C-AD16D5AC6F12,data/TCGA-GU-A42P-01Z-00-DX1.3A4A8614-693F-452C-BB2C-AD16D5AC6F12,TCGA-GU-A42P-01,TCGA-GU-A42P,[],0,[],False,False,WT,WT_any,,,,,,4504.12,True,,216.0,72.0,Male,Stage IV,High Grade,,TCGA-GU-A42P-01Z-00-DX1.3A4A8614-693F-452C-BB2C-AD16D5AC6F12.svs
TCGA-GU-A42P-01Z-00-DX2.3A4A8614-693F-452C-BB2C-AD16D5AC6F12,data/TCGA-GU-A42P-01Z-00-DX2.3A4A8614-693F-452C-BB2C-AD16D5AC6F12,TCGA-GU-A42P-01,TCGA-GU-A42P,[],0,[],False,False,WT,WT_any,,,,,,4504.12,True,,216.0,72.0,Male,Stage IV,High Grade,,TCGA-GU-A42P-01Z-00-DX2.3A4A8614-693F-452C-BB2C-AD16D5AC6F12.svs
TCGA-GU-A42R-01A-01-TSA.23AE363B-D19A-4CA9-8219-CA22EAE68071,data/TCGA-GU-A42R-01A-01-TSA.23AE363B-D19A-4CA9-8219-CA22EAE68071,TCGA-GU-A42R-01,TCGA-GU-A42R,"[{'uniqueSampleKey': 'VENHQS1HVS1BNDJSLTAxOmJsY2FfdGNnYV9wYW5fY2FuX2F0bGFzXzIwMTg', 'uniquePatientKey': 'VENHQS1HVS1BNDJSOmJsY2FfdGNnYV9wYW5fY2FuX2F0bGFzXzIwMTg', 'molecularProfileId': 'blca_tcga_pan_can_atlas_2018_mutations', 'sampleId': 'TCGA-GU-A42R-01', 'patientId': 'TCGA-GU-A42R', 'entrezGeneId': 2261, 'gene': {'entrezGeneId': 2261, 'hugoGeneSymbol': 'FGFR3', 'type': 'protein-coding'}, 'studyId': 'blca_tcga_pan_can_atlas_2018', 'center': '.', 'mutationStatus': '.', 'validationStatus': '.', 'tumorAltCount': 104, 'tumorRefCount': 34, 'normalRefCount': 105, 'chr': '4', 'startPosition': 1805533, 'endPosition': 1805533, 'referenceAllele': 'C', 'variantAllele': 'T', 'proteinChange': 'H349Y', 'mutationType': 'Missense_Mutation', 'ncbiBuild': 'GRCh37', 'variantType': 'SNP', 'refseqMrnaId': 'NA', 'proteinPosStart': 349, 'proteinPosEnd': 349, 'keyword': 'FGFR3 H349 missense'}, {'uniqueSampleKey': 'VENHQS1HVS1BNDJSLTAxOmJsY2FfdGNnYV9wYW5fY2FuX2F0bGFzXzIwMTg', 'uniquePatientKey': 'VENHQS1HVS1BNDJSOmJsY2FfdGNnYV9wYW5fY2FuX2F0bGFzXzIwMTg', 'molecularProfileId': 'blca_tcga_pan_can_atlas_2018_mutations', 'sampleId': 'TCGA-GU-A42R-01', 'patientId': 'TCGA-GU-A42R', 'entrezGeneId': 2261, 'gene': {'entrezGeneId': 2261, 'hugoGeneSymbol': 'FGFR3', 'type': 'protein-coding'}, 'studyId': 'blca_tcga_pan_can_atlas_2018', 'center': '.', 'mutationStatus': '.', 'validationStatus': '.', 'tumorAltCount': 46, 'tumorRefCount': 11, 'normalRefCount': 51, 'chr': '4', 'startPosition': 1803568, 'endPosition': 1803568, 'referenceAllele': 'C', 'variantAllele': 'G', 'proteinChange': 'S249C', 'mutationType': 'Missense_Mutation', 'ncbiBuild': 'GRCh37', 'variantType': 'SNP', 'refseqMrnaId': 'NA', 'proteinPosStart': 249, 'proteinPosEnd': 249, 'keyword': 'FGFR3 S249 missense'}]",2,"[{'uniqueSampleKey': 'VENHQS1HVS1BNDJSLTAxOmJsY2FfdGNnYV9wYW5fY2FuX2F0bGFzXzIwMTg', 'uniquePatientKey': 'VENHQS1HVS1BNDJSOmJsY2FfdGNnYV9wYW5fY2FuX2F0bGFzXzIwMTg', 'molecularProfileId': 'blca_tcga_pan_can_atlas_2018_mutations', 'sampleId': 'TCGA-GU-A42R-01', 'patientId': 'TCGA-GU-A42R', 'entrezGeneId': 2261, 'gene': {'entrezGeneId': 2261, 'hugoGeneSymbol': 'FGFR3', 'type': 'protein-coding'}, 'studyId': 'blca_tcga_pan_can_atlas_2018', 'center': '.', 'mutationStatus': '.', 'validationStatus': '.', 'tumorAltCount': 46, 'tumorRefCount': 11, 'normalRefCount': 51, 'chr': '4', 'startPosition': 1803568, 'endPosition': 1803568, 'referenceAllele': 'C', 'variantAllele': 'G', 'proteinChange': 'S249C', 'mutationType': 'Missense_Mutation', 'ncbiBuild': 'GRCh37', 'variantType': 'SNP', 'refseqMrnaId': 'NA', 'proteinPosStart': 249, 'proteinPosEnd': 249, 'keyword': 'FGFR3 S249 missense'}]",True,True,MUT,MUT_any,S249C,S249C,0.8070175438596491,46.0,11.0,20100.6,True,,131.0,68.0,Male,Stage IV,High Grade,,TCGA-GU-A42R-01A-01-TSA.23AE363B-D19A-4CA9-8219-CA22EAE68071.svs
TCGA-GU-A42R-01Z-00-DX1.1A14BFD8-DE37-4D10-ACB6-317ECEB930CA,data/TCGA-GU-A42R-01Z-00-DX1.1A14BFD8-DE37-4D10-ACB6-317ECEB930CA,TCGA-GU-A42R-01,TCGA-GU-A42R,"[{'uniqueSampleKey': 'VENHQS1HVS1BNDJSLTAxOmJsY2FfdGNnYV9wYW5fY2FuX2F0bGFzXzIwMTg', 'uniquePatientKey': 'VENHQS1HVS1BNDJSOmJsY2FfdGNnYV9wYW5fY2FuX2F0bGFzXzIwMTg', 'molecularProfileId': 'blca_tcga_pan_can_atlas_2018_mutations', 'sampleId': 'TCGA-GU-A42R-01', 'patientId': 'TCGA-GU-A42R', 'entrezGeneId': 2261, 'gene': {'entrezGeneId': 2261, 'hugoGeneSymbol': 'FGFR3', 'type': 'protein-coding'}, 'studyId': 'blca_tcga_pan_can_atlas_2018', 'center': '.', 'mutationStatus': '.', 'validationStatus': '.', 'tumorAltCount': 104, 'tumorRefCount': 34, 'normalRefCount': 105, 'chr': '4', 'startPosition': 1805533, 'endPosition': 1805533, 'referenceAllele': 'C', 'variantAllele': 'T', 'proteinChange': 'H349Y', 'mutationType': 'Missense_Mutation', 'ncbiBuild': 'GRCh37', 'variantType': 'SNP', 'refseqMrnaId': 'NA', 'proteinPosStart': 349, 'proteinPosEnd': 349, 'keyword': 'FGFR3 H349 missense'}, {'uniqueSampleKey': 'VENHQS1HVS1BNDJSLTAxOmJsY2FfdGNnYV9wYW5fY2FuX2F0bGFzXzIwMTg', 'uniquePatientKey': 'VENHQS1HVS1BNDJSOmJsY2FfdGNnYV9wYW5fY2FuX2F0bGFzXzIwMTg', 'molecularProfileId': 'blca_tcga_pan_can_atlas_2018_mutations', 'sampleId': 'TCGA-GU-A42R-01', 'patientId': 'TCGA-GU-A42R', 'entrezGeneId': 2261, 'gene': {'entrezGeneId': 2261, 'hugoGeneSymbol': 'FGFR3', 'type': 'protein-coding'}, 'studyId': 'blca_tcga_pan_can_atlas_2018', 'center': '.', 'mutationStatus': '.', 'validationStatus': '.', 'tumorAltCount': 46, 'tumorRefCount': 11, 'normalRefCount': 51, 'chr': '4', 'startPosition': 1803568, 'endPosition': 1803568, 'referenceAllele': 'C', 'variantAllele': 'G', 'proteinChange': 'S249C', 'mutationType': 'Missense_Mutation', 'ncbiBuild': 'GRCh37', 'variantType': 'SNP', 'refseqMrnaId': 'NA', 'proteinPosStart': 249, 'proteinPosEnd': 249, 'keyword': 'FGFR3 S249 missense'}]",2,"[{'uniqueSampleKey': 'VENHQS1HVS1BNDJSLTAxOmJsY2FfdGNnYV9wYW5fY2FuX2F0bGFzXzIwMTg', 'uniquePatientKey': 'VENHQS1HVS1BNDJSOmJsY2FfdGNnYV9wYW5fY2FuX2F0bGFzXzIwMTg', 'molecularProfileId': 'blca_tcga_pan_can_atlas_2018_mutations', 'sampleId': 'TCGA-GU-A42R-01', 'patientId': 'TCGA-GU-A42R', 'entrezGeneId': 2261, 'gene': {'entrezGeneId': 2261, 'hugoGeneSymbol': 'FGFR3', 'type': 'protein-coding'}, 'studyId': 'blca_tcga_pan_can_atlas_2018', 'center': '.', 'mutationStatus': '.', 'validationStatus': '.', 'tumorAltCount': 46, 'tumorRefCount': 11, 'normalRefCount': 51, 'chr': '4', 'startPosition': 1803568, 'endPosition': 1803568, 'referenceAllele': 'C', 'variantAllele': 'G', 'proteinChange': 'S249C', 'mutationType': 'Missense_Mutation', 'ncbiBuild': 'GRCh37', 'variantType': 'SNP', 'refseqMrnaId': 'NA', 'proteinPosStart': 249, 'proteinPosEnd': 249, 'keyword': 'FGFR3 S249 missense'}]",True,True,MUT,MUT_any,S249C,S249C,0.8070175438596491,46.0,11.0,20100.6,True,,131.0,,,,High Grade,,TCGA-GU-A42R-01Z-00-DX1.1A14BFD8-DE37-4D10-ACB6-317ECEB930CA.svs
TCGA-GU-A42R-01Z-00-DX2.B54CCE4D-E4DE-473B-B7C6-5A349FD7F55C,data/TCGA-GU-A42R-01Z-00-DX2.B54CCE4D-E4DE-473B-B7C6-5A349FD7F55C,TCGA-GU-A42R-01,TCGA-GU-A42R,"[{'uniqueSampleKey': 'VENHQS1HVS1BNDJSLTAxOmJsY2FfdGNnYV9wYW5fY2FuX2F0bGFzXzIwMTg', 'uniquePatientKey': 'VENHQS1HVS1BNDJSOmJsY2FfdGNnYV9wYW5fY2FuX2F0bGFzXzIwMTg', 'molecularProfileId': 'blca_tcga_pan_can_atlas_2018_mutations', 'sampleId': 'TCGA-GU-A42R-01', 'patientId': 'TCGA-GU-A42R', 'entrezGeneId': 2261, 'gene': {'entrezGeneId': 2261, 'hugoGeneSymbol': 'FGFR3', 'type': 'protein-coding'}, 'studyId': 'blca_tcga_pan_can_atlas_2018', 'center': '.', 'mutationStatus': '.', 'validationStatus': '.', 'tumorAltCount': 104, 'tumorRefCount': 34, 'normalRefCount': 105, 'chr': '4', 'startPosition': 1805533, 'endPosition': 1805533, 'referenceAllele': 'C', 'variantAllele': 'T', 'proteinChange': 'H349Y', 'mutationType': 'Missense_Mutation', 'ncbiBuild': 'GRCh37', 'variantType': 'SNP', 'refseqMrnaId': 'NA', 'proteinPosStart': 349, 'proteinPosEnd': 349, 'keyword': 'FGFR3 H349 missense'}, {'uniqueSampleKey': 'VENHQS1HVS1BNDJSLTAxOmJsY2FfdGNnYV9wYW5fY2FuX2F0bGFzXzIwMTg', 'uniquePatientKey': 'VENHQS1HVS1BNDJSOmJsY2FfdGNnYV9wYW5fY2FuX2F0bGFzXzIwMTg', 'molecularProfileId': 'blca_tcga_pan_can_atlas_2018_mutations', 'sampleId': 'TCGA-GU-A42R-01', 'patientId': 'TCGA-GU-A42R', 'entrezGeneId': 2261, 'gene': {'entrezGeneId': 2261, 'hugoGeneSymbol': 'FGFR3', 'type': 'protein-coding'}, 'studyId': 'blca_tcga_pan_can_atlas_2018', 'center': '.', 'mutationStatus': '.', 'validationStatus': '.', 'tumorAltCount': 46, 'tumorRefCount': 11, 'normalRefCount': 51, 'chr': '4', 'startPosition': 1803568, 'endPosition': 1803568, 'referenceAllele': 'C', 'variantAllele': 'G', 'proteinChange': 'S249C', 'mutationType': 'Missense_Mutation', 'ncbiBuild': 'GRCh37', 'variantType': 'SNP', 'refseqMrnaId': 'NA', 'proteinPosStart': 249, 'proteinPosEnd': 249, 'keyword': 'FGFR3 S249 missense'}]",2,"[{'uniqueSampleKey': 'VENHQS1HVS1BNDJSLTAxOmJsY2FfdGNnYV9wYW5fY2FuX2F0bGFzXzIwMTg', 'uniquePatientKey': 'VENHQS1HVS1BNDJSOmJsY2FfdGNnYV9wYW5fY2FuX2F0bGFzXzIwMTg', 'molecularProfileId': 'blca_tcga_pan_can_atlas_2018_mutations', 'sampleId': 'TCGA-GU-A42R-01', 'patientId': 'TCGA-GU-A42R', 'entrezGeneId': 2261, 'gene': {'entrezGeneId': 2261, 'hugoGeneSymbol': 'FGFR3', 'type': 'protein-coding'}, 'studyId': 'blca_tcga_pan_can_atlas_2018', 'center': '.', 'mutationStatus': '.', 'validationStatus': '.', 'tumorAltCount': 46, 'tumorRefCount': 11, 'normalRefCount': 51, 'chr': '4', 'startPosition': 1803568, 'endPosition': 1803568, 'referenceAllele': 'C', 'variantAllele': 'G', 'proteinChange': 'S249C', 'mutationType': 'Missense_Mutation', 'ncbiBuild': 'GRCh37', 'variantType': 'SNP', 'refseqMrnaId': 'NA', 'proteinPosStart': 249, 'proteinPosEnd': 249, 'keyword': 'FGFR3 S249 missense'}]",True,True,MUT,MUT_any,S249C,S249C,0.8070175438596491,46.0,11.0,20100.6,True,,131.0,,,,High Grade,,TCGA-GU-A42R-01Z-00-DX2.B54CCE4D-E4DE-473B-B7C6-5A349FD7F55C.svs
TCGA-GU-A762-01A-01-TSA.748EF7DF-5288-453E-A6E5-5E363A5FC161,data/TCGA-GU-A762-01A-01-TSA.748EF7DF-5288-453E-A6E5-5E363A5FC161,TCGA-GU-A762-01,TCGA-GU-A762,[],0,[],False,False,WT,WT_any,,,,,,187.533,True,,108.0,87.0,Male,Stage IV,High Grade,,TCGA-GU-A762-01A-01-TSA.748EF7DF-5288-453E-A6E5-5E363A5FC161.svs
TCGA-GU-A762-01Z-00-DX1.F01B133E-3744-4430-9752-FDD25EEF58A3,data/TCGA-GU-A762-01Z-00-DX1.F01B133E-3744-4430-9752-FDD25EEF58A3,TCGA-GU-A762-01,TCGA-GU-A762,[],0,[],False,False,WT,WT_any,,,,,,187.533,True,,108.0,87.0,Male,Stage IV,High Grade,,TCGA-GU-A762-01Z-00-DX1.F01B133E-3744-4430-9752-FDD25EEF58A3.svs
TCGA-GU-A764-01A-01-TSA.8DFC4C9B-24D1-4E25-98F6-55693B763062,data/TCGA-GU-A764-01A-01-TSA.8DFC4C9B-24D1-4E25-98F6-55693B763062,TCGA-GU-A764-01,TCGA-GU-A764,[],0,[],False,False,WT,WT_any,,,,,,1364.09,True,,116.0,66.0,Male,Stage II,High Grade,,TCGA-GU-A764-01A-01-TSA.8DFC4C9B-24D1-4E25-98F6-55693B763062.svs
TCGA-GU-A764-01Z-00-DX1.213E1BDD-33DE-454E-BE79-940E5D793D42,data/TCGA-GU-A764-01Z-00-DX1.213E1BDD-33DE-454E-BE79-940E5D793D42,TCGA-GU-A764-01,TCGA-GU-A764,[],0,[],False,False,WT,WT_any,,,,,,1364.09,True,,116.0,66.0,Male,Stage II,High Grade,,TCGA-GU-A764-01Z-00-DX1.213E1BDD-33DE-454E-BE79-940E5D793D42.svs
TCGA-GU-AATP-01A-01-TS1.B107BFB5-1821-4A07-A6D6-14DB872304C1,data/TCGA-GU-AATP-01A-01-TS1.B107BFB5-1821-4A07-A6D6-14DB872304C1,TCGA-GU-AATP-01,TCGA-GU-AATP,[],0,[],False,False,WT,WT_any,,,,,,2400.44,True,,295.0,74.0,Male,Stage IV,High Grade,,TCGA-GU-AATP-01A-01-TS1.B107BFB5-1821-4A07-A6D6-14DB872304C1.svs
TCGA-GU-AATP-01Z-00-DX1.0D8EC37C-88E7-49D5-A76D-F0A4A3FD8AE4,data/TCGA-GU-AATP-01Z-00-DX1.0D8EC37C-88E7-49D5-A76D-F0A4A3FD8AE4,TCGA-GU-AATP-01,TCGA-GU-AATP,[],0,[],False,False,WT,WT_any,,,,,,2400.44,True,,295.0,,,,High Grade,,TCGA-GU-AATP-01Z-00-DX1.0D8EC37C-88E7-49D5-A76D-F0A4A3FD8AE4.svs
TCGA-GV-A3JV-01A-01-TSA.32E4B559-07A8-478F-922D-5D6768D07719,data/TCGA-GV-A3JV-01A-01-TSA.32E4B559-07A8-478F-922D-5D6768D07719,TCGA-GV-A3JV-01,TCGA-GV-A3JV,[],0,[],False,False,WT,WT_any,,,,,,20.0091,True,,109.0,66.0,Male,Stage IV,High Grade,,TCGA-GV-A3JV-01A-01-TSA.32E4B559-07A8-478F-922D-5D6768D07719.svs
TCGA-GV-A3JV-01Z-00-DX1.F071374F-1290-4A36-9466-D6F1F3EBC17E,data/TCGA-GV-A3JV-01Z-00-DX1.F071374F-1290-4A36-9466-D6F1F3EBC17E,TCGA-GV-A3JV-01,TCGA-GV-A3JV,[],0,[],False,False,WT,WT_any,,,,,,20.0091,True,,109.0,66.0,Male,Stage IV,High Grade,,TCGA-GV-A3JV-01Z-00-DX1.F071374F-1290-4A36-9466-D6F1F3EBC17E.svs
TCGA-GV-A3JW-01A-01-TSA.44F30A37-DA81-4EB3-AC7B-089D1EF8296A,data/TCGA-GV-A3JW-01A-01-TSA.44F30A37-DA81-4EB3-AC7B-089D1EF8296A,TCGA-GV-A3JW-01,TCGA-GV-A3JW,[],0,[],False,False,WT,WT_any,,,,,,5013.62,True,,73.0,,,,High Grade,,TCGA-GV-A3JW-01A-01-TSA.44F30A37-DA81-4EB3-AC7B-089D1EF8296A.svs
TCGA-GV-A3JW-01Z-00-DX1.152AD6E5-D30A-4D94-A793-3DDF3828625C,data/TCGA-GV-A3JW-01Z-00-DX1.152AD6E5-D30A-4D94-A793-3DDF3828625C,TCGA-GV-A3JW-01,TCGA-GV-A3JW,[],0,[],False,False,WT,WT_any,,,,,,5013.62,True,,73.0,,,,High Grade,,TCGA-GV-A3JW-01Z-00-DX1.152AD6E5-D30A-4D94-A793-3DDF3828625C.svs
TCGA-GV-A3QF-01A-03-TS3.D6AFE7B7-F819-4E48-963C-391BBD1A67E3,data/TCGA-GV-A3QF-01A-03-TS3.D6AFE7B7-F819-4E48-963C-391BBD1A67E3,TCGA-GV-A3QF-01,TCGA-GV-A3QF,[],0,[],False,False,WT,WT_any,,,,,,3834.58,True,,128.0,79.0,Male,Stage IV,High Grade,,TCGA-GV-A3QF-01A-03-TS3.D6AFE7B7-F819-4E48-963C-391BBD1A67E3.svs
TCGA-GV-A3QF-01Z-00-DX1.C59696CF-C415-46AD-B6D6-70A022AC10FA,data/TCGA-GV-A3QF-01Z-00-DX1.C59696CF-C415-46AD-B6D6-70A022AC10FA,TCGA-GV-A3QF-01,TCGA-GV-A3QF,[],0,[],False,False,WT,WT_any,,,,,,3834.58,True,,128.0,79.0,Male,Stage IV,High Grade,,TCGA-GV-A3QF-01Z-00-DX1.C59696CF-C415-46AD-B6D6-70A022AC10FA.svs
TCGA-GV-A3QG-01A-01-TSA.8B6E9A66-14DD-4C92-8719-DDF94F4D8895,data/TCGA-GV-A3QG-01A-01-TSA.8B6E9A66-14DD-4C92-8719-DDF94F4D8895,TCGA-GV-A3QG-01,TCGA-GV-A3QG,[],0,[],False,False,WT,WT_any,,,,,,882.968,True,,89.0,65.0,Male,Stage IV,High Grade,,TCGA-GV-A3QG-01A-01-TSA.8B6E9A66-14DD-4C92-8719-DDF94F4D8895.svs
TCGA-GV-A3QG-01Z-00-DX1.4A550B20-2A4C-48E5-BFE2-6EBBC59E4041,data/TCGA-GV-A3QG-01Z-00-DX1.4A550B20-2A4C-48E5-BFE2-6EBBC59E4041,TCGA-GV-A3QG-01,TCGA-GV-A3QG,[],0,[],False,False,WT,WT_any,,,,,,882.968,True,,89.0,65.0,Male,Stage IV,High Grade,,TCGA-GV-A3QG-01Z-00-DX1.4A550B20-2A4C-48E5-BFE2-6EBBC59E4041.svs
TCGA-GV-A3QH-01A-01-TSA.E3D77609-052E-47A6-A43E-39D7CAFF2193,data/TCGA-GV-A3QH-01A-01-TSA.E3D77609-052E-47A6-A43E-39D7CAFF2193,TCGA-GV-A3QH-01,TCGA-GV-A3QH,[],0,[],False,False,WT,WT_any,,,,,,4130.29,True,,158.0,,,,High Grade,,TCGA-GV-A3QH-01A-01-TSA.E3D77609-052E-47A6-A43E-39D7CAFF2193.svs
TCGA-GV-A3QH-01Z-00-DX1.A87C25E1-8199-4557-944B-9ABD1A70ADE9,data/TCGA-GV-A3QH-01Z-00-DX1.A87C25E1-8199-4557-944B-9ABD1A70ADE9,TCGA-GV-A3QH-01,TCGA-GV-A3QH,[],0,[],False,False,WT,WT_any,,,,,,4130.29,True,,158.0,,,,High Grade,,TCGA-GV-A3QH-01Z-00-DX1.A87C25E1-8199-4557-944B-9ABD1A70ADE9.svs
TCGA-GV-A3QI-01A-01-TSA.88217DC9-06A0-4839-8269-85CE0798EF89,data/TCGA-GV-A3QI-01A-01-TSA.88217DC9-06A0-4839-8269-85CE0798EF89,TCGA-GV-A3QI-01,TCGA-GV-A3QI,[],0,[],False,False,WT,WT_any,,,,,,148.246,True,,419.0,47.0,Male,Stage III,High Grade,,TCGA-GV-A3QI-01A-01-TSA.88217DC9-06A0-4839-8269-85CE0798EF89.svs
TCGA-GV-A3QI-01Z-00-DX1.0B9889AC-06C7-405F-B300-D93EB0F19D9A,data/TCGA-GV-A3QI-01Z-00-DX1.0B9889AC-06C7-405F-B300-D93EB0F19D9A,TCGA-GV-A3QI-01,TCGA-GV-A3QI,[],0,[],False,False,WT,WT_any,,,,,,148.246,True,,419.0,,,,High Grade,,TCGA-GV-A3QI-01Z-00-DX1.0B9889AC-06C7-405F-B300-D93EB0F19D9A.svs
TCGA-GV-A3QK-01B-01-TS1.750ADF53-B260-4C23-9A9D-EE8ADF6FB4C2,data/TCGA-GV-A3QK-01B-01-TS1.750ADF53-B260-4C23-9A9D-EE8ADF6FB4C2,TCGA-GV-A3QK-01,TCGA-GV-A3QK,[],0,[],False,False,WT,WT_any,,,,,,12150.8,True,,123.0,,,,High Grade,,TCGA-GV-A3QK-01B-01-TS1.750ADF53-B260-4C23-9A9D-EE8ADF6FB4C2.svs
TCGA-GV-A3QK-01Z-00-DX1.DACDDD23-0DD8-44EC-9FE2-945ADEA8AC43,data/TCGA-GV-A3QK-01Z-00-DX1.DACDDD23-0DD8-44EC-9FE2-945ADEA8AC43,TCGA-GV-A3QK-01,TCGA-GV-A3QK,[],0,[],False,False,WT,WT_any,,,,,,12150.8,True,,123.0,56.0,Female,Stage IV,High Grade,,TCGA-GV-A3QK-01Z-00-DX1.DACDDD23-0DD8-44EC-9FE2-945ADEA8AC43.svs
TCGA-GV-A40E-01A-01-TS1.8547763D-4CD8-4F75-B875-5982512B6904,data/TCGA-GV-A40E-01A-01-TS1.8547763D-4CD8-4F75-B875-5982512B6904,TCGA-GV-A40E-01,TCGA-GV-A40E,[],0,[],False,False,WT,WT_any,,,,,,152.008,True,,142.0,75.0,Male,Stage II,High Grade,,TCGA-GV-A40E-01A-01-TS1.8547763D-4CD8-4F75-B875-5982512B6904.svs
TCGA-GV-A40E-01Z-00-DX1.6313DD1A-6E65-4775-82DC-58AD4EF81D32,data/TCGA-GV-A40E-01Z-00-DX1.6313DD1A-6E65-4775-82DC-58AD4EF81D32,TCGA-GV-A40E-01,TCGA-GV-A40E,[],0,[],False,False,WT,WT_any,,,,,,152.008,True,,142.0,75.0,Male,Stage II,High Grade,,TCGA-GV-A40E-01Z-00-DX1.6313DD1A-6E65-4775-82DC-58AD4EF81D32.svs
TCGA-GV-A40G-01A-01-TS1.41997BAB-E4CB-411A-9AA5-30350BF4968A,data/TCGA-GV-A40G-01A-01-TS1.41997BAB-E4CB-411A-9AA5-30350BF4968A,TCGA-GV-A40G-01,TCGA-GV-A40G,[],0,[],False,False,WT,WT_any,,,,,,373.978,True,,145.0,,,,High Grade,,TCGA-GV-A40G-01A-01-TS1.41997BAB-E4CB-411A-9AA5-30350BF4968A.svs
TCGA-GV-A40G-01Z-00-DX1.AD1A709F-A10C-4E69-B4ED-6361777361FD,data/TCGA-GV-A40G-01Z-00-DX1.AD1A709F-A10C-4E69-B4ED-6361777361FD,TCGA-GV-A40G-01,TCGA-GV-A40G,[],0,[],False,False,WT,WT_any,,,,,,373.978,True,,145.0,77.0,Male,Stage II,High Grade,,TCGA-GV-A40G-01Z-00-DX1.AD1A709F-A10C-4E69-B4ED-6361777361FD.svs
TCGA-H4-A2HO-01A-01-TSA.9C10A002-E4AC-46CE-9240-35EADAF30A2D,data/TCGA-H4-A2HO-01A-01-TSA.9C10A002-E4AC-46CE-9240-35EADAF30A2D,TCGA-H4-A2HO-01,TCGA-H4-A2HO,[],0,[],False,False,WT,WT_any,,,,,,3814.62,True,,341.0,53.0,Male,Stage III,High Grade,,TCGA-H4-A2HO-01A-01-TSA.9C10A002-E4AC-46CE-9240-35EADAF30A2D.svs
TCGA-H4-A2HO-01Z-00-DX1.37FB76BF-EA5F-430D-89A4-8789ECACC5DB,data/TCGA-H4-A2HO-01Z-00-DX1.37FB76BF-EA5F-430D-89A4-8789ECACC5DB,TCGA-H4-A2HO-01,TCGA-H4-A2HO,[],0,[],False,False,WT,WT_any,,,,,,3814.62,True,,341.0,53.0,Male,Stage III,High Grade,,TCGA-H4-A2HO-01Z-00-DX1.37FB76BF-EA5F-430D-89A4-8789ECACC5DB.svs
TCGA-HQ-A2OE-01A-01-TSA.D6728C69-15F4-4510-B23F-5A34DE59279E,data/TCGA-HQ-A2OE-01A-01-TSA.D6728C69-15F4-4510-B23F-5A34DE59279E,TCGA-HQ-A2OE-01,TCGA-HQ-A2OE,[],0,[],False,False,WT,WT_any,,,,,,4743.13,True,,139.0,69.0,Male,,,,TCGA-HQ-A2OE-01A-01-TSA.D6728C69-15F4-4510-B23F-5A34DE59279E.svs
TCGA-HQ-A2OE-01Z-00-DX1.6F764592-DFDC-4636-BE91-3F1F92EE5A65,data/TCGA-HQ-A2OE-01Z-00-DX1.6F764592-DFDC-4636-BE91-3F1F92EE5A65,TCGA-HQ-A2OE-01,TCGA-HQ-A2OE,[],0,[],False,False,WT,WT_any,,,,,,4743.13,True,,139.0,69.0,Male,,,,TCGA-HQ-A2OE-01Z-00-DX1.6F764592-DFDC-4636-BE91-3F1F92EE5A65.svs
TCGA-HQ-A2OF-01A-01-TSA.ECCAE8EE-D845-4715-A97F-A1F573CBF53D,data/TCGA-HQ-A2OF-01A-01-TSA.ECCAE8EE-D845-4715-A97F-A1F573CBF53D,TCGA-HQ-A2OF-01,TCGA-HQ-A2OF,[],0,[],False,False,WT,WT_any,,,,,,3468.55,True,,96.0,52.0,Female,Stage III,High Grade,,TCGA-HQ-A2OF-01A-01-TSA.ECCAE8EE-D845-4715-A97F-A1F573CBF53D.svs
TCGA-HQ-A2OF-01Z-00-DX1.6D50B772-71C3-40C3-94CF-969946799028,data/TCGA-HQ-A2OF-01Z-00-DX1.6D50B772-71C3-40C3-94CF-969946799028,TCGA-HQ-A2OF-01,TCGA-HQ-A2OF,[],0,[],False,False,WT,WT_any,,,,,,3468.55,True,,96.0,52.0,Female,Stage III,High Grade,,TCGA-HQ-A2OF-01Z-00-DX1.6D50B772-71C3-40C3-94CF-969946799028.svs
TCGA-HQ-A5ND-01A-01-TS1.1E40416D-66D0-41E9-8C24-26234D5D8325,data/TCGA-HQ-A5ND-01A-01-TS1.1E40416D-66D0-41E9-8C24-26234D5D8325,TCGA-HQ-A5ND-01,TCGA-HQ-A5ND,[],0,[],False,False,WT,WT_any,,,,,,11510.1,True,,79.0,78.0,Male,Stage IV,High Grade,,TCGA-HQ-A5ND-01A-01-TS1.1E40416D-66D0-41E9-8C24-26234D5D8325.svs
TCGA-HQ-A5ND-01Z-00-DX1.EDDFB95C-827E-4533-B49A-56612BC4D9DD,data/TCGA-HQ-A5ND-01Z-00-DX1.EDDFB95C-827E-4533-B49A-56612BC4D9DD,TCGA-HQ-A5ND-01,TCGA-HQ-A5ND,[],0,[],False,False,WT,WT_any,,,,,,11510.1,True,,79.0,,,,High Grade,,TCGA-HQ-A5ND-01Z-00-DX1.EDDFB95C-827E-4533-B49A-56612BC4D9DD.svs
TCGA-K4-A3WS-01A-01-TSA.FC4228F4-81B6-4771-8862-F04B15F18DDE,data/TCGA-K4-A3WS-01A-01-TSA.FC4228F4-81B6-4771-8862-F04B15F18DDE,TCGA-K4-A3WS-01,TCGA-K4-A3WS,[],0,[],False,False,WT,WT_any,,,,,,10129.7,True,,264.0,66.0,Male,Stage III,High Grade,,TCGA-K4-A3WS-01A-01-TSA.FC4228F4-81B6-4771-8862-F04B15F18DDE.svs
TCGA-K4-A3WS-01Z-00-DX1.6814457F-C30E-4B3D-BA37-B701FF591BFE,data/TCGA-K4-A3WS-01Z-00-DX1.6814457F-C30E-4B3D-BA37-B701FF591BFE,TCGA-K4-A3WS-01,TCGA-K4-A3WS,[],0,[],False,False,WT,WT_any,,,,,,10129.7,True,,264.0,66.0,Male,Stage III,High Grade,,TCGA-K4-A3WS-01Z-00-DX1.6814457F-C30E-4B3D-BA37-B701FF591BFE.svs
TCGA-K4-A3WU-01B-01-TS1.9C0AEB9C-6265-41C9-A761-DF75AAF4A9BE,data/TCGA-K4-A3WU-01B-01-TS1.9C0AEB9C-6265-41C9-A761-DF75AAF4A9BE,TCGA-K4-A3WU-01,TCGA-K4-A3WU,[],0,[],False,False,WT,WT_any,,,,,,5882.88,True,,180.0,87.0,Male,Stage III,High Grade,,TCGA-K4-A3WU-01B-01-TS1.9C0AEB9C-6265-41C9-A761-DF75AAF4A9BE.svs
TCGA-K4-A3WU-01Z-00-DX1.DD4CA7B4-7950-4B7A-820A-74C763AFAE65,data/TCGA-K4-A3WU-01Z-00-DX1.DD4CA7B4-7950-4B7A-820A-74C763AFAE65,TCGA-K4-A3WU-01,TCGA-K4-A3WU,[],0,[],False,False,WT,WT_any,,,,,,5882.88,True,,180.0,,,,High Grade,,TCGA-K4-A3WU-01Z-00-DX1.DD4CA7B4-7950-4B7A-820A-74C763AFAE65.svs
TCGA-K4-A4AC-01A-02-TSB.0C7F4F61-8F2A-4304-92ED-CAE7EA02E9BC,data/TCGA-K4-A4AC-01A-02-TSB.0C7F4F61-8F2A-4304-92ED-CAE7EA02E9BC,TCGA-K4-A4AC-01,TCGA-K4-A4AC,[],0,[],False,False,WT,WT_any,,,,,,3101.62,True,,137.0,83.0,Male,Stage II,High Grade,,TCGA-K4-A4AC-01A-02-TSB.0C7F4F61-8F2A-4304-92ED-CAE7EA02E9BC.svs
TCGA-K4-A4AC-01Z-00-DX1.DED1674F-953D-40DB-85AE-9CD595248EC7,data/TCGA-K4-A4AC-01Z-00-DX1.DED1674F-953D-40DB-85AE-9CD595248EC7,TCGA-K4-A4AC-01,TCGA-K4-A4AC,[],0,[],False,False,WT,WT_any,,,,,,3101.62,True,,137.0,83.0,Male,Stage II,High Grade,,TCGA-K4-A4AC-01Z-00-DX1.DED1674F-953D-40DB-85AE-9CD595248EC7.svs
TCGA-K4-A54R-01A-01-TS1.CB16B863-47AC-4BD9-B629-D68AE2E27A1B,data/TCGA-K4-A54R-01A-01-TS1.CB16B863-47AC-4BD9-B629-D68AE2E27A1B,TCGA-K4-A54R-01,TCGA-K4-A54R,[],0,[],False,False,WT,WT_any,,,,,,1895.39,True,,842.0,59.0,Male,Stage II,High Grade,,TCGA-K4-A54R-01A-01-TS1.CB16B863-47AC-4BD9-B629-D68AE2E27A1B.svs
TCGA-K4-A54R-01Z-00-DX1.66AAF596-8C68-4857-9944-226F39E82CA8,data/TCGA-K4-A54R-01Z-00-DX1.66AAF596-8C68-4857-9944-226F39E82CA8,TCGA-K4-A54R-01,TCGA-K4-A54R,[],0,[],False,False,WT,WT_any,,,,,,1895.39,True,,842.0,,,,High Grade,,TCGA-K4-A54R-01Z-00-DX1.66AAF596-8C68-4857-9944-226F39E82CA8.svs
TCGA-K4-A54R-11A-01-TS1.F2D0C146-361D-42C8-95F6-513DDB5CC635,data/TCGA-K4-A54R-11A-01-TS1.F2D0C146-361D-42C8-95F6-513DDB5CC635,TCGA-K4-A54R-11,TCGA-K4-A54R,[],0,[],False,False,WT,WT_any,,,,,,,False,,0.0,59.0,Male,Stage II,,,TCGA-K4-A54R-11A-01-TS1.F2D0C146-361D-42C8-95F6-513DDB5CC635.svs
TCGA-K4-A5RI-01A-01-TSA.42903A95-8A7A-4F8E-AA63-CF017823698A,data/TCGA-K4-A5RI-01A-01-TSA.42903A95-8A7A-4F8E-AA63-CF017823698A,TCGA-K4-A5RI-01,TCGA-K4-A5RI,[],0,[],False,False,WT,WT_any,,,,,,5656.49,True,,121.0,67.0,Female,Stage III,High Grade,,TCGA-K4-A5RI-01A-01-TSA.42903A95-8A7A-4F8E-AA63-CF017823698A.svs
TCGA-K4-A5RI-01Z-00-DX1.A56C3CF4-543E-46D6-BA50-52A4C790FAE8,data/TCGA-K4-A5RI-01Z-00-DX1.A56C3CF4-543E-46D6-BA50-52A4C790FAE8,TCGA-K4-A5RI-01,TCGA-K4-A5RI,[],0,[],False,False,WT,WT_any,,,,,,5656.49,True,,121.0,67.0,Female,Stage III,High Grade,,TCGA-K4-A5RI-01Z-00-DX1.A56C3CF4-543E-46D6-BA50-52A4C790FAE8.svs
TCGA-K4-A5RI-11A-01-TS1.A8937DA1-6B55-45E8-8CBE-450D01C0BCED,data/TCGA-K4-A5RI-11A-01-TS1.A8937DA1-6B55-45E8-8CBE-450D01C0BCED,TCGA-K4-A5RI-11,TCGA-K4-A5RI,[],0,[],False,False,WT,WT_any,,,,,,,False,,0.0,67.0,Female,Stage III,,,TCGA-K4-A5RI-11A-01-TS1.A8937DA1-6B55-45E8-8CBE-450D01C0BCED.svs
TCGA-K4-A5RJ-01A-01-TSA.E0223893-09F7-46BF-9B9A-EEFBE954991C,data/TCGA-K4-A5RJ-01A-01-TSA.E0223893-09F7-46BF-9B9A-EEFBE954991C,TCGA-K4-A5RJ-01,TCGA-K4-A5RJ,[],0,[],False,False,WT,WT_any,,,,,,98.017,True,,320.0,,,,High Grade,,TCGA-K4-A5RJ-01A-01-TSA.E0223893-09F7-46BF-9B9A-EEFBE954991C.svs
TCGA-K4-A5RJ-01Z-00-DX1.DFDDA8B5-E80F-4BF9-87E3-EA75E294ABF5,data/TCGA-K4-A5RJ-01Z-00-DX1.DFDDA8B5-E80F-4BF9-87E3-EA75E294ABF5,TCGA-K4-A5RJ-01,TCGA-K4-A5RJ,[],0,[],False,False,WT,WT_any,,,,,,98.017,True,,320.0,,,,High Grade,,TCGA-K4-A5RJ-01Z-00-DX1.DFDDA8B5-E80F-4BF9-87E3-EA75E294ABF5.svs
TCGA-K4-A6FZ-01A-01-TS1.FE0C96A8-CAFF-4E01-B4D1-A7CECBE53348,data/TCGA-K4-A6FZ-01A-01-TS1.FE0C96A8-CAFF-4E01-B4D1-A7CECBE53348,TCGA-K4-A6FZ-01,TCGA-K4-A6FZ,[],0,[],False,False,WT,WT_any,,,,,,3281.32,True,,359.0,75.0,Female,Stage III,High Grade,,TCGA-K4-A6FZ-01A-01-TS1.FE0C96A8-CAFF-4E01-B4D1-A7CECBE53348.svs
TCGA-K4-A6FZ-01Z-00-DX1.E4BB7534-1719-45C7-8E0F-78558DB9AD37,data/TCGA-K4-A6FZ-01Z-00-DX1.E4BB7534-1719-45C7-8E0F-78558DB9AD37,TCGA-K4-A6FZ-01,TCGA-K4-A6FZ,[],0,[],False,False,WT,WT_any,,,,,,3281.32,True,,359.0,75.0,Female,Stage III,High Grade,,TCGA-K4-A6FZ-01Z-00-DX1.E4BB7534-1719-45C7-8E0F-78558DB9AD37.svs
TCGA-K4-A6FZ-11A-01-TS1.0696AA79-BB72-480B-8F7E-F49F89039CD5,data/TCGA-K4-A6FZ-11A-01-TS1.0696AA79-BB72-480B-8F7E-F49F89039CD5,TCGA-K4-A6FZ-11,TCGA-K4-A6FZ,[],0,[],False,False,WT,WT_any,,,,,,,False,,0.0,75.0,Female,Stage III,,,TCGA-K4-A6FZ-11A-01-TS1.0696AA79-BB72-480B-8F7E-F49F89039CD5.svs
TCGA-K4-A6MB-01A-01-TS1.FD5857C4-BEDA-41C6-A85C-D645A1EAD737,data/TCGA-K4-A6MB-01A-01-TS1.FD5857C4-BEDA-41C6-A85C-D645A1EAD737,TCGA-K4-A6MB-01,TCGA-K4-A6MB,[],0,[],False,False,WT,WT_any,,,,,,5745.86,True,,304.0,,,,High Grade,,TCGA-K4-A6MB-01A-01-TS1.FD5857C4-BEDA-41C6-A85C-D645A1EAD737.svs
TCGA-K4-A6MB-01Z-00-DX1.4A6009D3-05D9-4E8B-8EB2-4A52B5B6FED8,data/TCGA-K4-A6MB-01Z-00-DX1.4A6009D3-05D9-4E8B-8EB2-4A52B5B6FED8,TCGA-K4-A6MB-01,TCGA-K4-A6MB,[],0,[],False,False,WT,WT_any,,,,,,5745.86,True,,304.0,64.0,Male,Stage IV,High Grade,,TCGA-K4-A6MB-01Z-00-DX1.4A6009D3-05D9-4E8B-8EB2-4A52B5B6FED8.svs
TCGA-K4-AAQO-01A-01-TSA.073818A8-3062-44A8-BAF0-04B7207C9A97,data/TCGA-K4-AAQO-01A-01-TSA.073818A8-3062-44A8-BAF0-04B7207C9A97,TCGA-K4-AAQO-01,TCGA-K4-AAQO,[],0,[],False,False,WT,WT_any,,,,,,2668.14,True,,232.0,56.0,Male,Stage III,High Grade,,TCGA-K4-AAQO-01A-01-TSA.073818A8-3062-44A8-BAF0-04B7207C9A97.svs
TCGA-K4-AAQO-01Z-00-DX1.7533831F-414B-4BA5-9CDA-D8B24E579962,data/TCGA-K4-AAQO-01Z-00-DX1.7533831F-414B-4BA5-9CDA-D8B24E579962,TCGA-K4-AAQO-01,TCGA-K4-AAQO,[],0,[],False,False,WT,WT_any,,,,,,2668.14,True,,232.0,56.0,Male,Stage III,High Grade,,TCGA-K4-AAQO-01Z-00-DX1.7533831F-414B-4BA5-9CDA-D8B24E579962.svs
TCGA-KQ-A41N-01A-01-TSA.0325399A-0AC8-4FE3-B09F-3352A8B0FB0E,data/TCGA-KQ-A41N-01A-01-TSA.0325399A-0AC8-4FE3-B09F-3352A8B0FB0E,TCGA-KQ-A41N-01,TCGA-KQ-A41N,[],0,[],False,False,WT,WT_any,,,,,,4605.67,True,,2525.0,73.0,Male,Stage III,High Grade,,TCGA-KQ-A41N-01A-01-TSA.0325399A-0AC8-4FE3-B09F-3352A8B0FB0E.svs
TCGA-LC-A66R-01A-04-TSD.D535521F-8E1E-48A5-A05C-41D09A33B267,data/TCGA-LC-A66R-01A-04-TSD.D535521F-8E1E-48A5-A05C-41D09A33B267,TCGA-LC-A66R-01,TCGA-LC-A66R,[],0,[],False,False,WT,WT_any,,,,,,802.612,True,,123.0,,,,High Grade,,TCGA-LC-A66R-01A-04-TSD.D535521F-8E1E-48A5-A05C-41D09A33B267.svs
TCGA-LC-A66R-01Z-00-DX1.9D753031-E31A-4E0E-B937-E0D3C47CFFB9,data/TCGA-LC-A66R-01Z-00-DX1.9D753031-E31A-4E0E-B937-E0D3C47CFFB9,TCGA-LC-A66R-01,TCGA-LC-A66R,[],0,[],False,False,WT,WT_any,,,,,,802.612,True,,123.0,,,,High Grade,,TCGA-LC-A66R-01Z-00-DX1.9D753031-E31A-4E0E-B937-E0D3C47CFFB9.svs
TCGA-LT-A8JT-01A-01-TSA.3708B897-C617-4885-9343-A149092E5356,data/TCGA-LT-A8JT-01A-01-TSA.3708B897-C617-4885-9343-A149092E5356,TCGA-LT-A8JT-01,TCGA-LT-A8JT,"[{'uniqueSampleKey': 'VENHQS1MVC1BOEpULTAxOmJsY2FfdGNnYV9wYW5fY2FuX2F0bGFzXzIwMTg', 'uniquePatientKey': 'VENHQS1MVC1BOEpUOmJsY2FfdGNnYV9wYW5fY2FuX2F0bGFzXzIwMTg', 'molecularProfileId': 'blca_tcga_pan_can_atlas_2018_mutations', 'sampleId': 'TCGA-LT-A8JT-01', 'patientId': 'TCGA-LT-A8JT', 'entrezGeneId': 2261, 'gene': {'entrezGeneId': 2261, 'hugoGeneSymbol': 'FGFR3', 'type': 'protein-coding'}, 'studyId': 'blca_tcga_pan_can_atlas_2018', 'center': '.', 'mutationStatus': '.', 'validationStatus': '.', 'tumorAltCount': 17, 'tumorRefCount': 0, 'normalRefCount': 14, 'chr': '4', 'startPosition': 1803568, 'endPosition': 1803568, 'referenceAllele': 'C', 'variantAllele': 'G', 'proteinChange': 'S249C', 'mutationType': 'Missense_Mutation', 'ncbiBuild': 'GRCh37', 'variantType': 'SNP', 'refseqMrnaId': 'NA', 'proteinPosStart': 249, 'proteinPosEnd': 249, 'keyword': 'FGFR3 S249 missense'}]",1,"[{'uniqueSampleKey': 'VENHQS1MVC1BOEpULTAxOmJsY2FfdGNnYV9wYW5fY2FuX2F0bGFzXzIwMTg', 'uniquePatientKey': 'VENHQS1MVC1BOEpUOmJsY2FfdGNnYV9wYW5fY2FuX2F0bGFzXzIwMTg', 'molecularProfileId': 'blca_tcga_pan_can_atlas_2018_mutations', 'sampleId': 'TCGA-LT-A8JT-01', 'patientId': 'TCGA-LT-A8JT', 'entrezGeneId': 2261, 'gene': {'entrezGeneId': 2261, 'hugoGeneSymbol': 'FGFR3', 'type': 'protein-coding'}, 'studyId': 'blca_tcga_pan_can_atlas_2018', 'center': '.', 'mutationStatus': '.', 'validationStatus': '.', 'tumorAltCount': 17, 'tumorRefCount': 0, 'normalRefCount': 14, 'chr': '4', 'startPosition': 1803568, 'endPosition': 1803568, 'referenceAllele': 'C', 'variantAllele': 'G', 'proteinChange': 'S249C', 'mutationType': 'Missense_Mutation', 'ncbiBuild': 'GRCh37', 'variantType': 'SNP', 'refseqMrnaId': 'NA', 'proteinPosStart': 249, 'proteinPosEnd': 249, 'keyword': 'FGFR3 S249 missense'}]",True,True,MUT,MUT_any,S249C,S249C,1.0,17.0,0.0,19797.5,True,,72.0,69.0,Female,Stage II,High Grade,,TCGA-LT-A8JT-01A-01-TSA.3708B897-C617-4885-9343-A149092E5356.svs
TCGA-LT-A8JT-01Z-00-DX1.8D04BB53-EEA9-401B-B92E-8EB9DEEE7E4E,data/TCGA-LT-A8JT-01Z-00-DX1.8D04BB53-EEA9-401B-B92E-8EB9DEEE7E4E,TCGA-LT-A8JT-01,TCGA-LT-A8JT,"[{'uniqueSampleKey': 'VENHQS1MVC1BOEpULTAxOmJsY2FfdGNnYV9wYW5fY2FuX2F0bGFzXzIwMTg', 'uniquePatientKey': 'VENHQS1MVC1BOEpUOmJsY2FfdGNnYV9wYW5fY2FuX2F0bGFzXzIwMTg', 'molecularProfileId': 'blca_tcga_pan_can_atlas_2018_mutations', 'sampleId': 'TCGA-LT-A8JT-01', 'patientId': 'TCGA-LT-A8JT', 'entrezGeneId': 2261, 'gene': {'entrezGeneId': 2261, 'hugoGeneSymbol': 'FGFR3', 'type': 'protein-coding'}, 'studyId': 'blca_tcga_pan_can_atlas_2018', 'center': '.', 'mutationStatus': '.', 'validationStatus': '.', 'tumorAltCount': 17, 'tumorRefCount': 0, 'normalRefCount': 14, 'chr': '4', 'startPosition': 1803568, 'endPosition': 1803568, 'referenceAllele': 'C', 'variantAllele': 'G', 'proteinChange': 'S249C', 'mutationType': 'Missense_Mutation', 'ncbiBuild': 'GRCh37', 'variantType': 'SNP', 'refseqMrnaId': 'NA', 'proteinPosStart': 249, 'proteinPosEnd': 249, 'keyword': 'FGFR3 S249 missense'}]",1,"[{'uniqueSampleKey': 'VENHQS1MVC1BOEpULTAxOmJsY2FfdGNnYV9wYW5fY2FuX2F0bGFzXzIwMTg', 'uniquePatientKey': 'VENHQS1MVC1BOEpUOmJsY2FfdGNnYV9wYW5fY2FuX2F0bGFzXzIwMTg', 'molecularProfileId': 'blca_tcga_pan_can_atlas_2018_mutations', 'sampleId': 'TCGA-LT-A8JT-01', 'patientId': 'TCGA-LT-A8JT', 'entrezGeneId': 2261, 'gene': {'entrezGeneId': 2261, 'hugoGeneSymbol': 'FGFR3', 'type': 'protein-coding'}, 'studyId': 'blca_tcga_pan_can_atlas_2018', 'center': '.', 'mutationStatus': '.', 'validationStatus': '.', 'tumorAltCount': 17, 'tumorRefCount': 0, 'normalRefCount': 14, 'chr': '4', 'startPosition': 1803568, 'endPosition': 1803568, 'referenceAllele': 'C', 'variantAllele': 'G', 'proteinChange': 'S249C', 'mutationType': 'Missense_Mutation', 'ncbiBuild': 'GRCh37', 'variantType': 'SNP', 'refseqMrnaId': 'NA', 'proteinPosStart': 249, 'proteinPosEnd': 249, 'keyword': 'FGFR3 S249 missense'}]",True,True,MUT,MUT_any,S249C,S249C,1.0,17.0,0.0,19797.5,True,,72.0,69.0,Female,Stage II,High Grade,,TCGA-LT-A8JT-01Z-00-DX1.8D04BB53-EEA9-401B-B92E-8EB9DEEE7E4E.svs
TCGA-PQ-A6FI-01A-01-TS1.0EDD0AF7-AB76-44BB-88E6-D8A39FE2D8B2,data/TCGA-PQ-A6FI-01A-01-TS1.0EDD0AF7-AB76-44BB-88E6-D8A39FE2D8B2,TCGA-PQ-A6FI-01,TCGA-PQ-A6FI,[],0,[],False,False,WT,WT_any,,,,,,3688.62,True,,142.0,70.0,Male,Stage II,High Grade,,TCGA-PQ-A6FI-01A-01-TS1.0EDD0AF7-AB76-44BB-88E6-D8A39FE2D8B2.svs
TCGA-PQ-A6FI-01Z-00-DX1.EC3791D8-B5D2-468A-9FB7-D0217CD02DFB,data/TCGA-PQ-A6FI-01Z-00-DX1.EC3791D8-B5D2-468A-9FB7-D0217CD02DFB,TCGA-PQ-A6FI-01,TCGA-PQ-A6FI,[],0,[],False,False,WT,WT_any,,,,,,3688.62,True,,142.0,70.0,Male,Stage II,High Grade,,TCGA-PQ-A6FI-01Z-00-DX1.EC3791D8-B5D2-468A-9FB7-D0217CD02DFB.svs
TCGA-R3-A69X-01A-02-TS2.E8D6C71C-C3B1-4364-B65A-7E4C9CB1EBBA,data/TCGA-R3-A69X-01A-02-TS2.E8D6C71C-C3B1-4364-B65A-7E4C9CB1EBBA,TCGA-R3-A69X-01,TCGA-R3-A69X,[],0,[],False,False,WT,WT_any,,,,,,5303.51,True,,199.0,70.0,Male,Stage III,High Grade,,TCGA-R3-A69X-01A-02-TS2.E8D6C71C-C3B1-4364-B65A-7E4C9CB1EBBA.svs
TCGA-SY-A9G0-01A-01-TS1.E0F4AAAD-162F-485E-A4F6-085DB9B08391,data/TCGA-SY-A9G0-01A-01-TS1.E0F4AAAD-162F-485E-A4F6-085DB9B08391,TCGA-SY-A9G0-01,TCGA-SY-A9G0,[],0,[],False,False,WT,WT_any,,,,,,2189.56,True,,46.0,,,,High Grade,,TCGA-SY-A9G0-01A-01-TS1.E0F4AAAD-162F-485E-A4F6-085DB9B08391.svs
TCGA-SY-A9G0-01Z-00-DX1.6F019857-03C8-4B2B-8892-32CBF3EB303F,data/TCGA-SY-A9G0-01Z-00-DX1.6F019857-03C8-4B2B-8892-32CBF3EB303F,TCGA-SY-A9G0-01,TCGA-SY-A9G0,[],0,[],False,False,WT,WT_any,,,,,,2189.56,True,,46.0,,,,High Grade,,TCGA-SY-A9G0-01Z-00-DX1.6F019857-03C8-4B2B-8892-32CBF3EB303F.svs
TCGA-SY-A9G5-01Z-00-DX1.CE221A12-59FC-4482-9BD5-7082A2EA4E61,data/TCGA-SY-A9G5-01Z-00-DX1.CE221A12-59FC-4482-9BD5-7082A2EA4E61,TCGA-SY-A9G5-01,TCGA-SY-A9G5,[],0,[],False,False,WT,WT_any,,,,,,4106.85,True,,924.0,66.0,Male,Stage III,High Grade,,TCGA-SY-A9G5-01Z-00-DX1.CE221A12-59FC-4482-9BD5-7082A2EA4E61.svs
TCGA-UY-A78K-01A-01-TSA.64CFE29C-7661-41B2-BDC3-E6A7F576CB73,data/TCGA-UY-A78K-01A-01-TSA.64CFE29C-7661-41B2-BDC3-E6A7F576CB73,TCGA-UY-A78K-01,TCGA-UY-A78K,[],0,[],False,False,WT,WT_any,,,,,,308.799,True,,771.0,,,,High Grade,,TCGA-UY-A78K-01A-01-TSA.64CFE29C-7661-41B2-BDC3-E6A7F576CB73.svs
TCGA-UY-A78K-01Z-00-DX1.329D9BFF-A204-4A7D-8767-B39F34179708,data/TCGA-UY-A78K-01Z-00-DX1.329D9BFF-A204-4A7D-8767-B39F34179708,TCGA-UY-A78K-01,TCGA-UY-A78K,[],0,[],False,False,WT,WT_any,,,,,,308.799,True,,771.0,60.0,Male,Stage IV,High Grade,,TCGA-UY-A78K-01Z-00-DX1.329D9BFF-A204-4A7D-8767-B39F34179708.svs
TCGA-UY-A78L-01A-01-TSA.2FC984D1-974C-4081-B6FF-35CC670BB45C,data/TCGA-UY-A78L-01A-01-TSA.2FC984D1-974C-4081-B6FF-35CC670BB45C,TCGA-UY-A78L-01,TCGA-UY-A78L,[],0,[],False,False,WT,WT_any,,,,,,12.5366,True,,185.0,62.0,Male,Stage IV,High Grade,,TCGA-UY-A78L-01A-01-TSA.2FC984D1-974C-4081-B6FF-35CC670BB45C.svs
TCGA-UY-A78L-01Z-00-DX1.8955EB83-E4AE-452E-8B68-83C4B8BED6D5,data/TCGA-UY-A78L-01Z-00-DX1.8955EB83-E4AE-452E-8B68-83C4B8BED6D5,TCGA-UY-A78L-01,TCGA-UY-A78L,[],0,[],False,False,WT,WT_any,,,,,,12.5366,True,,185.0,62.0,Male,Stage IV,High Grade,,TCGA-UY-A78L-01Z-00-DX1.8955EB83-E4AE-452E-8B68-83C4B8BED6D5.svs
TCGA-UY-A78M-01A-02-TSB.962C0B74-6AE3-4567-B2AC-9799F79962AD,data/TCGA-UY-A78M-01A-02-TSB.962C0B74-6AE3-4567-B2AC-9799F79962AD,TCGA-UY-A78M-01,TCGA-UY-A78M,[],0,[],False,False,WT,WT_any,,,,,,788.947,True,,146.0,,,,High Grade,,TCGA-UY-A78M-01A-02-TSB.962C0B74-6AE3-4567-B2AC-9799F79962AD.svs
TCGA-UY-A78M-01Z-00-DX1.9C08E77F-E63B-480E-A4D5-1576EF802152,data/TCGA-UY-A78M-01Z-00-DX1.9C08E77F-E63B-480E-A4D5-1576EF802152,TCGA-UY-A78M-01,TCGA-UY-A78M,[],0,[],False,False,WT,WT_any,,,,,,788.947,True,,146.0,81.0,Female,Stage IV,High Grade,,TCGA-UY-A78M-01Z-00-DX1.9C08E77F-E63B-480E-A4D5-1576EF802152.svs
TCGA-UY-A78N-01A-01-TSA.FB549296-7109-4D9D-9A81-671E13F09A04,data/TCGA-UY-A78N-01A-01-TSA.FB549296-7109-4D9D-9A81-671E13F09A04,TCGA-UY-A78N-01,TCGA-UY-A78N,"[{'uniqueSampleKey': 'VENHQS1VWS1BNzhOLTAxOmJsY2FfdGNnYV9wYW5fY2FuX2F0bGFzXzIwMTg', 'uniquePatientKey': 'VENHQS1VWS1BNzhOOmJsY2FfdGNnYV9wYW5fY2FuX2F0bGFzXzIwMTg', 'molecularProfileId': 'blca_tcga_pan_can_atlas_2018_mutations', 'sampleId': 'TCGA-UY-A78N-01', 'patientId': 'TCGA-UY-A78N', 'entrezGeneId': 2261, 'gene': {'entrezGeneId': 2261, 'hugoGeneSymbol': 'FGFR3', 'type': 'protein-coding'}, 'studyId': 'blca_tcga_pan_can_atlas_2018', 'center': '.', 'mutationStatus': '.', 'validationStatus': '.', 'tumorAltCount': 24, 'tumorRefCount': 34, 'normalRefCount': 36, 'chr': '4', 'startPosition': 1805561, 'endPosition': 1805561, 'referenceAllele': 'C', 'variantAllele': 'T', 'proteinChange': 'P358L', 'mutationType': 'Missense_Mutation', 'ncbiBuild': 'GRCh37', 'variantType': 'SNP', 'refseqMrnaId': 'NA', 'proteinPosStart': 358, 'proteinPosEnd': 358, 'keyword': 'FGFR3 P358 missense'}]",1,[],False,True,WT,MUT_any,P358L,P358L,,,,7125.18,True,,266.0,,,,High Grade,,TCGA-UY-A78N-01A-01-TSA.FB549296-7109-4D9D-9A81-671E13F09A04.svs
TCGA-UY-A78N-01Z-00-DX1.31873403-A629-4ED9-B2AF-14817689BB3B,data/TCGA-UY-A78N-01Z-00-DX1.31873403-A629-4ED9-B2AF-14817689BB3B,TCGA-UY-A78N-01,TCGA-UY-A78N,"[{'uniqueSampleKey': 'VENHQS1VWS1BNzhOLTAxOmJsY2FfdGNnYV9wYW5fY2FuX2F0bGFzXzIwMTg', 'uniquePatientKey': 'VENHQS1VWS1BNzhOOmJsY2FfdGNnYV9wYW5fY2FuX2F0bGFzXzIwMTg', 'molecularProfileId': 'blca_tcga_pan_can_atlas_2018_mutations', 'sampleId': 'TCGA-UY-A78N-01', 'patientId': 'TCGA-UY-A78N', 'entrezGeneId': 2261, 'gene': {'entrezGeneId': 2261, 'hugoGeneSymbol': 'FGFR3', 'type': 'protein-coding'}, 'studyId': 'blca_tcga_pan_can_atlas_2018', 'center': '.', 'mutationStatus': '.', 'validationStatus': '.', 'tumorAltCount': 24, 'tumorRefCount': 34, 'normalRefCount': 36, 'chr': '4', 'startPosition': 1805561, 'endPosition': 1805561, 'referenceAllele': 'C', 'variantAllele': 'T', 'proteinChange': 'P358L', 'mutationType': 'Missense_Mutation', 'ncbiBuild': 'GRCh37', 'variantType': 'SNP', 'refseqMrnaId': 'NA', 'proteinPosStart': 358, 'proteinPosEnd': 358, 'keyword': 'FGFR3 P358 missense'}]",1,[],False,True,WT,MUT_any,P358L,P358L,,,,7125.18,True,,266.0,80.0,Male,Stage IV,High Grade,,TCGA-UY-A78N-01Z-00-DX1.31873403-A629-4ED9-B2AF-14817689BB3B.svs
TCGA-UY-A78O-01A-01-TSA.92164516-9028-4B88-90B8-B985B75F461A,data/TCGA-UY-A78O-01A-01-TSA.92164516-9028-4B88-90B8-B985B75F461A,TCGA-UY-A78O-01,TCGA-UY-A78O,[],0,[],False,False,WT,WT_any,,,,,,3061.96,True,,175.0,,,,High Grade,,TCGA-UY-A78O-01A-01-TSA.92164516-9028-4B88-90B8-B985B75F461A.svs
TCGA-UY-A78O-01Z-00-DX1.6DDC084F-A086-4B5B-90B6-9C45E842A5FA,data/TCGA-UY-A78O-01Z-00-DX1.6DDC084F-A086-4B5B-90B6-9C45E842A5FA,TCGA-UY-A78O-01,TCGA-UY-A78O,[],0,[],False,False,WT,WT_any,,,,,,3061.96,True,,175.0,,,,High Grade,,TCGA-UY-A78O-01Z-00-DX1.6DDC084F-A086-4B5B-90B6-9C45E842A5FA.svs
TCGA-UY-A8OC-01A-01-TS1.FCCB957E-66A0-4228-BCE6-81CEABEFCD73,data/TCGA-UY-A8OC-01A-01-TS1.FCCB957E-66A0-4228-BCE6-81CEABEFCD73,TCGA-UY-A8OC-01,TCGA-UY-A8OC,[],0,[],False,False,WT,WT_any,,,,,,227.402,True,,88.0,90.0,Male,Stage IV,High Grade,,TCGA-UY-A8OC-01A-01-TS1.FCCB957E-66A0-4228-BCE6-81CEABEFCD73.svs
TCGA-UY-A8OC-01Z-00-DX1.EE2DF9C6-3CA9-411D-85D4-D1831F14AAFD,data/TCGA-UY-A8OC-01Z-00-DX1.EE2DF9C6-3CA9-411D-85D4-D1831F14AAFD,TCGA-UY-A8OC-01,TCGA-UY-A8OC,[],0,[],False,False,WT,WT_any,,,,,,227.402,True,,88.0,90.0,Male,Stage IV,High Grade,,TCGA-UY-A8OC-01Z-00-DX1.EE2DF9C6-3CA9-411D-85D4-D1831F14AAFD.svs
TCGA-UY-A9PA-01A-01-TS1.CE3D2D3B-040D-4885-96A4-5A9C59F79D95,data/TCGA-UY-A9PA-01A-01-TS1.CE3D2D3B-040D-4885-96A4-5A9C59F79D95,TCGA-UY-A9PA-01,TCGA-UY-A9PA,[],0,[],False,False,WT,WT_any,,,,,,2937.19,True,,159.0,,,,High Grade,,TCGA-UY-A9PA-01A-01-TS1.CE3D2D3B-040D-4885-96A4-5A9C59F79D95.svs
TCGA-UY-A9PA-01Z-00-DX1.A83A79FB-810C-42A4-8EC7-A3328D79542D,data/TCGA-UY-A9PA-01Z-00-DX1.A83A79FB-810C-42A4-8EC7-A3328D79542D,TCGA-UY-A9PA-01,TCGA-UY-A9PA,[],0,[],False,False,WT,WT_any,,,,,,2937.19,True,,159.0,,,,High Grade,,TCGA-UY-A9PA-01Z-00-DX1.A83A79FB-810C-42A4-8EC7-A3328D79542D.svs
TCGA-UY-A9PF-01A-01-TS1.F3458FB1-7F2E-48D5-BDF2-C16987547A47,data/TCGA-UY-A9PF-01A-01-TS1.F3458FB1-7F2E-48D5-BDF2-C16987547A47,TCGA-UY-A9PF-01,TCGA-UY-A9PF,[],0,[],False,False,WT,WT_any,,,,,,3400.0,True,,413.0,,,,High Grade,,TCGA-UY-A9PF-01A-01-TS1.F3458FB1-7F2E-48D5-BDF2-C16987547A47.svs
TCGA-UY-A9PF-01Z-00-DX1.8A5B3826-48D2-42AE-A4DE-C0BB90134FCB,data/TCGA-UY-A9PF-01Z-00-DX1.8A5B3826-48D2-42AE-A4DE-C0BB90134FCB,TCGA-UY-A9PF-01,TCGA-UY-A9PF,[],0,[],False,False,WT,WT_any,,,,,,3400.0,True,,413.0,,,,High Grade,,TCGA-UY-A9PF-01Z-00-DX1.8A5B3826-48D2-42AE-A4DE-C0BB90134FCB.svs
TCGA-XF-A8HC-01A-01-TSA.BC00069B-6260-4123-9FA3-57D5CF21155C,data/TCGA-XF-A8HC-01A-01-TSA.BC00069B-6260-4123-9FA3-57D5CF21155C,TCGA-XF-A8HC-01,TCGA-XF-A8HC,[],0,[],False,False,WT,WT_any,,,,,,50.347,True,,118.0,,,,High Grade,,TCGA-XF-A8HC-01A-01-TSA.BC00069B-6260-4123-9FA3-57D5CF21155C.svs
TCGA-XF-A8HC-01Z-00-DX1.BF199254-2954-4836-B037-E10493275D8C,data/TCGA-XF-A8HC-01Z-00-DX1.BF199254-2954-4836-B037-E10493275D8C,TCGA-XF-A8HC-01,TCGA-XF-A8HC,[],0,[],False,False,WT,WT_any,,,,,,50.347,True,,118.0,,,,High Grade,,TCGA-XF-A8HC-01Z-00-DX1.BF199254-2954-4836-B037-E10493275D8C.svs
TCGA-XF-A8HH-01A-01-TSA.F429621E-12A5-4B70-B746-632BEE6441C7,data/TCGA-XF-A8HH-01A-01-TSA.F429621E-12A5-4B70-B746-632BEE6441C7,TCGA-XF-A8HH-01,TCGA-XF-A8HH,[],0,[],False,False,WT,WT_any,,,,,,5244.85,True,,83.0,61.0,Female,Stage IV,High Grade,,TCGA-XF-A8HH-01A-01-TSA.F429621E-12A5-4B70-B746-632BEE6441C7.svs
TCGA-XF-A8HH-01Z-00-DX1.22E9DD6D-F231-422F-A349-9FF60B65D50E,data/TCGA-XF-A8HH-01Z-00-DX1.22E9DD6D-F231-422F-A349-9FF60B65D50E,TCGA-XF-A8HH-01,TCGA-XF-A8HH,[],0,[],False,False,WT,WT_any,,,,,,5244.85,True,,83.0,,,,High Grade,,TCGA-XF-A8HH-01Z-00-DX1.22E9DD6D-F231-422F-A349-9FF60B65D50E.svs
TCGA-XF-A9SG-01A-01-TSA.C91858EE-2370-4C0A-8EEA-377473A13C91,data/TCGA-XF-A9SG-01A-01-TSA.C91858EE-2370-4C0A-8EEA-377473A13C91,TCGA-XF-A9SG-01,TCGA-XF-A9SG,[],0,[],False,False,WT,WT_any,,,,,,,False,,176.0,81.0,Male,Stage II,High Grade,,TCGA-XF-A9SG-01A-01-TSA.C91858EE-2370-4C0A-8EEA-377473A13C91.svs
TCGA-XF-A9SG-01Z-00-DX1.6D50B71D-9736-46F9-B527-63565FC65AF2,data/TCGA-XF-A9SG-01Z-00-DX1.6D50B71D-9736-46F9-B527-63565FC65AF2,TCGA-XF-A9SG-01,TCGA-XF-A9SG,[],0,[],False,False,WT,WT_any,,,,,,,False,,176.0,81.0,Male,Stage II,High Grade,,TCGA-XF-A9SG-01Z-00-DX1.6D50B71D-9736-46F9-B527-63565FC65AF2.svs
TCGA-XF-A9SI-01A-01-TSA.A0AB54EC-FB6C-4B5E-B228-8F55DFFC77CA,data/TCGA-XF-A9SI-01A-01-TSA.A0AB54EC-FB6C-4B5E-B228-8F55DFFC77CA,TCGA-XF-A9SI-01,TCGA-XF-A9SI,[],0,[],False,False,WT,WT_any,,,,,,30.2587,True,,320.0,,,,High Grade,,TCGA-XF-A9SI-01A-01-TSA.A0AB54EC-FB6C-4B5E-B228-8F55DFFC77CA.svs
TCGA-XF-A9SI-01Z-00-DX1.537F0394-40FE-4CB7-8524-7BC34F624C15,data/TCGA-XF-A9SI-01Z-00-DX1.537F0394-40FE-4CB7-8524-7BC34F624C15,TCGA-XF-A9SI-01,TCGA-XF-A9SI,[],0,[],False,False,WT,WT_any,,,,,,30.2587,True,,320.0,73.0,Female,Stage II,High Grade,,TCGA-XF-A9SI-01Z-00-DX1.537F0394-40FE-4CB7-8524-7BC34F624C15.svs
TCGA-XF-A9SK-01A-01-TS1.308A87CB-1044-487F-B608-37A087DC172D,data/TCGA-XF-A9SK-01A-01-TS1.308A87CB-1044-487F-B608-37A087DC172D,TCGA-XF-A9SK-01,TCGA-XF-A9SK,[],0,[],False,False,WT,WT_any,,,,,,3553.8,True,,137.0,,,,High Grade,,TCGA-XF-A9SK-01A-01-TS1.308A87CB-1044-487F-B608-37A087DC172D.svs
TCGA-XF-A9SK-01Z-00-DX1.1D198106-323F-463B-832B-CB3A03E7B343,data/TCGA-XF-A9SK-01Z-00-DX1.1D198106-323F-463B-832B-CB3A03E7B343,TCGA-XF-A9SK-01,TCGA-XF-A9SK,[],0,[],False,False,WT,WT_any,,,,,,3553.8,True,,137.0,65.0,Male,Stage IV,High Grade,,TCGA-XF-A9SK-01Z-00-DX1.1D198106-323F-463B-832B-CB3A03E7B343.svs
TCGA-XF-A9SL-01A-01-TSA.F3475B46-5CD9-46B1-8FCF-F055D1E2EBD1,data/TCGA-XF-A9SL-01A-01-TSA.F3475B46-5CD9-46B1-8FCF-F055D1E2EBD1,TCGA-XF-A9SL-01,TCGA-XF-A9SL,"[{'uniqueSampleKey': 'VENHQS1YRi1BOVNMLTAxOmJsY2FfdGNnYV9wYW5fY2FuX2F0bGFzXzIwMTg', 'uniquePatientKey': 'VENHQS1YRi1BOVNMOmJsY2FfdGNnYV9wYW5fY2FuX2F0bGFzXzIwMTg', 'molecularProfileId': 'blca_tcga_pan_can_atlas_2018_mutations', 'sampleId': 'TCGA-XF-A9SL-01', 'patientId': 'TCGA-XF-A9SL', 'entrezGeneId': 2261, 'gene': {'entrezGeneId': 2261, 'hugoGeneSymbol': 'FGFR3', 'type': 'protein-coding'}, 'studyId': 'blca_tcga_pan_can_atlas_2018', 'center': '.', 'mutationStatus': '.', 'validationStatus': '.', 'tumorAltCount': 5, 'tumorRefCount': 69, 'normalRefCount': 84, 'chr': '4', 'startPosition': 1805533, 'endPosition': 1805533, 'referenceAllele': 'C', 'variantAllele': 'G', 'proteinChange': 'H349D', 'mutationType': 'Missense_Mutation', 'ncbiBuild': 'GRCh37', 'variantType': 'SNP', 'refseqMrnaId': 'NA', 'proteinPosStart': 349, 'proteinPosEnd': 349, 'keyword': 'FGFR3 H349 missense'}, {'uniqueSampleKey': 'VENHQS1YRi1BOVNMLTAxOmJsY2FfdGNnYV9wYW5fY2FuX2F0bGFzXzIwMTg', 'uniquePatientKey': 'VENHQS1YRi1BOVNMOmJsY2FfdGNnYV9wYW5fY2FuX2F0bGFzXzIwMTg', 'molecularProfileId': 'blca_tcga_pan_can_atlas_2018_mutations', 'sampleId': 'TCGA-XF-A9SL-01', 'patientId': 'TCGA-XF-A9SL', 'entrezGeneId': 2261, 'gene': {'entrezGeneId': 2261, 'hugoGeneSymbol': 'FGFR3', 'type': 'protein-coding'}, 'studyId': 'blca_tcga_pan_can_atlas_2018', 'center': '.', 'mutationStatus': '.', 'validationStatus': '.', 'tumorAltCount': 4, 'tumorRefCount': 62, 'normalRefCount': 83, 'chr': '4', 'startPosition': 1805519, 'endPosition': 1805519, 'referenceAllele': 'C', 'variantAllele': 'A', 'proteinChange': 'S344Y', 'mutationType': 'Missense_Mutation', 'ncbiBuild': 'GRCh37', 'variantType': 'SNP', 'refseqMrnaId': 'NA', 'proteinPosStart': 344, 'proteinPosEnd': 344, 'keyword': 'FGFR3 S344 missense'}]",2,[],False,True,WT,MUT_any,H349D,H349D,,,,115.896,True,,88.0,,,,High Grade,,TCGA-XF-A9SL-01A-01-TSA.F3475B46-5CD9-46B1-8FCF-F055D1E2EBD1.svs
TCGA-XF-A9SL-01Z-00-DX1.AA56A70C-28E1-4140-9B15-72AB0D5051A6,data/TCGA-XF-A9SL-01Z-00-DX1.AA56A70C-28E1-4140-9B15-72AB0D5051A6,TCGA-XF-A9SL-01,TCGA-XF-A9SL,"[{'uniqueSampleKey': 'VENHQS1YRi1BOVNMLTAxOmJsY2FfdGNnYV9wYW5fY2FuX2F0bGFzXzIwMTg', 'uniquePatientKey': 'VENHQS1YRi1BOVNMOmJsY2FfdGNnYV9wYW5fY2FuX2F0bGFzXzIwMTg', 'molecularProfileId': 'blca_tcga_pan_can_atlas_2018_mutations', 'sampleId': 'TCGA-XF-A9SL-01', 'patientId': 'TCGA-XF-A9SL', 'entrezGeneId': 2261, 'gene': {'entrezGeneId': 2261, 'hugoGeneSymbol': 'FGFR3', 'type': 'protein-coding'}, 'studyId': 'blca_tcga_pan_can_atlas_2018', 'center': '.', 'mutationStatus': '.', 'validationStatus': '.', 'tumorAltCount': 5, 'tumorRefCount': 69, 'normalRefCount': 84, 'chr': '4', 'startPosition': 1805533, 'endPosition': 1805533, 'referenceAllele': 'C', 'variantAllele': 'G', 'proteinChange': 'H349D', 'mutationType': 'Missense_Mutation', 'ncbiBuild': 'GRCh37', 'variantType': 'SNP', 'refseqMrnaId': 'NA', 'proteinPosStart': 349, 'proteinPosEnd': 349, 'keyword': 'FGFR3 H349 missense'}, {'uniqueSampleKey': 'VENHQS1YRi1BOVNMLTAxOmJsY2FfdGNnYV9wYW5fY2FuX2F0bGFzXzIwMTg', 'uniquePatientKey': 'VENHQS1YRi1BOVNMOmJsY2FfdGNnYV9wYW5fY2FuX2F0bGFzXzIwMTg', 'molecularProfileId': 'blca_tcga_pan_can_atlas_2018_mutations', 'sampleId': 'TCGA-XF-A9SL-01', 'patientId': 'TCGA-XF-A9SL', 'entrezGeneId': 2261, 'gene': {'entrezGeneId': 2261, 'hugoGeneSymbol': 'FGFR3', 'type': 'protein-coding'}, 'studyId': 'blca_tcga_pan_can_atlas_2018', 'center': '.', 'mutationStatus': '.', 'validationStatus': '.', 'tumorAltCount': 4, 'tumorRefCount': 62, 'normalRefCount': 83, 'chr': '4', 'startPosition': 1805519, 'endPosition': 1805519, 'referenceAllele': 'C', 'variantAllele': 'A', 'proteinChange': 'S344Y', 'mutationType': 'Missense_Mutation', 'ncbiBuild': 'GRCh37', 'variantType': 'SNP', 'refseqMrnaId': 'NA', 'proteinPosStart': 344, 'proteinPosEnd': 344, 'keyword': 'FGFR3 S344 missense'}]",2,[],False,True,WT,MUT_any,H349D,H349D,,,,115.896,True,,88.0,69.0,Male,Stage IV,High Grade,,TCGA-XF-A9SL-01Z-00-DX1.AA56A70C-28E1-4140-9B15-72AB0D5051A6.svs
TCGA-XF-A9SP-01A-01-TSA.DE73757B-9F6C-4326-A38A-CFEFCEBCFC59,data/TCGA-XF-A9SP-01A-01-TSA.DE73757B-9F6C-4326-A38A-CFEFCEBCFC59,TCGA-XF-A9SP-01,TCGA-XF-A9SP,[],0,[],False,False,WT,WT_any,,,,,,5480.81,True,,287.0,59.0,Male,Stage III,High Grade,,TCGA-XF-A9SP-01A-01-TSA.DE73757B-9F6C-4326-A38A-CFEFCEBCFC59.svs
TCGA-XF-A9SP-01Z-00-DX1.7F3BF700-89AD-4045-AFCD-C94F1F959B41,data/TCGA-XF-A9SP-01Z-00-DX1.7F3BF700-89AD-4045-AFCD-C94F1F959B41,TCGA-XF-A9SP-01,TCGA-XF-A9SP,[],0,[],False,False,WT,WT_any,,,,,,5480.81,True,,287.0,59.0,Male,Stage III,High Grade,,TCGA-XF-A9SP-01Z-00-DX1.7F3BF700-89AD-4045-AFCD-C94F1F959B41.svs
TCGA-XF-A9ST-01A-01-TSA.3287E942-C596-4CEB-B27A-6982D35EB236,data/TCGA-XF-A9ST-01A-01-TSA.3287E942-C596-4CEB-B27A-6982D35EB236,TCGA-XF-A9ST-01,TCGA-XF-A9ST,[],0,[],False,False,WT,WT_any,,,,,,193.263,True,,519.0,,,,High Grade,,TCGA-XF-A9ST-01A-01-TSA.3287E942-C596-4CEB-B27A-6982D35EB236.svs
TCGA-XF-A9ST-01Z-00-DX1.C135C4EB-6A64-4B9E-A8A0-87B72594568C,data/TCGA-XF-A9ST-01Z-00-DX1.C135C4EB-6A64-4B9E-A8A0-87B72594568C,TCGA-XF-A9ST-01,TCGA-XF-A9ST,[],0,[],False,False,WT,WT_any,,,,,,193.263,True,,519.0,,,,High Grade,,TCGA-XF-A9ST-01Z-00-DX1.C135C4EB-6A64-4B9E-A8A0-87B72594568C.svs
TCGA-XF-A9SU-01A-03-TSC.80E5B11F-4EBA-4EB3-A571-19697100277D,data/TCGA-XF-A9SU-01A-03-TSC.80E5B11F-4EBA-4EB3-A571-19697100277D,TCGA-XF-A9SU-01,TCGA-XF-A9SU,[],0,[],False,False,WT,WT_any,,,,,,2321.79,True,,55.0,74.0,Female,Stage IV,High Grade,,TCGA-XF-A9SU-01A-03-TSC.80E5B11F-4EBA-4EB3-A571-19697100277D.svs
TCGA-XF-A9SU-01Z-00-DX1.35E2DDBE-5BB9-443B-A3D5-20F77D1C6B92,data/TCGA-XF-A9SU-01Z-00-DX1.35E2DDBE-5BB9-443B-A3D5-20F77D1C6B92,TCGA-XF-A9SU-01,TCGA-XF-A9SU,[],0,[],False,False,WT,WT_any,,,,,,2321.79,True,,55.0,,,,High Grade,,TCGA-XF-A9SU-01Z-00-DX1.35E2DDBE-5BB9-443B-A3D5-20F77D1C6B92.svs
TCGA-XF-A9T0-01A-01-TSA.C9095CDA-1907-443C-8762-A049FFABEBF0,data/TCGA-XF-A9T0-01A-01-TSA.C9095CDA-1907-443C-8762-A049FFABEBF0,TCGA-XF-A9T0-01,TCGA-XF-A9T0,[],0,[],False,False,WT,WT_any,,,,,,1672.69,True,,682.0,,,,High Grade,,TCGA-XF-A9T0-01A-01-TSA.C9095CDA-1907-443C-8762-A049FFABEBF0.svs
TCGA-XF-A9T0-01Z-00-DX1.63C52F23-3DE3-4D3A-914E-E7F3CB23D410,data/TCGA-XF-A9T0-01Z-00-DX1.63C52F23-3DE3-4D3A-914E-E7F3CB23D410,TCGA-XF-A9T0-01,TCGA-XF-A9T0,[],0,[],False,False,WT,WT_any,,,,,,1672.69,True,,682.0,68.0,Male,Stage III,High Grade,,TCGA-XF-A9T0-01Z-00-DX1.63C52F23-3DE3-4D3A-914E-E7F3CB23D410.svs
TCGA-XF-A9T3-01A-01-TSA.B9F9B005-0DB5-4F29-9FFF-55E8DFD79AB5,data/TCGA-XF-A9T3-01A-01-TSA.B9F9B005-0DB5-4F29-9FFF-55E8DFD79AB5,TCGA-XF-A9T3-01,TCGA-XF-A9T3,[],0,[],False,False,WT,WT_any,,,,,,146.341,True,,362.0,,,,High Grade,,TCGA-XF-A9T3-01A-01-TSA.B9F9B005-0DB5-4F29-9FFF-55E8DFD79AB5.svs
TCGA-XF-A9T3-01Z-00-DX1.408F9901-F442-420B-BE89-ADBD01D1E256,data/TCGA-XF-A9T3-01Z-00-DX1.408F9901-F442-420B-BE89-ADBD01D1E256,TCGA-XF-A9T3-01,TCGA-XF-A9T3,[],0,[],False,False,WT,WT_any,,,,,,146.341,True,,362.0,,,,High Grade,,TCGA-XF-A9T3-01Z-00-DX1.408F9901-F442-420B-BE89-ADBD01D1E256.svs
TCGA-XF-A9T6-01A-01-TSA.88D9F37C-D96D-40BD-962C-400570D2BB56,data/TCGA-XF-A9T6-01A-01-TSA.88D9F37C-D96D-40BD-962C-400570D2BB56,TCGA-XF-A9T6-01,TCGA-XF-A9T6,[],0,[],False,False,WT,WT_any,,,,,,1437.59,True,,292.0,88.0,Female,Stage III,High Grade,,TCGA-XF-A9T6-01A-01-TSA.88D9F37C-D96D-40BD-962C-400570D2BB56.svs
TCGA-XF-A9T6-01Z-00-DX1.57AE17FC-DB4C-4D2B-A53F-A259E8482064,data/TCGA-XF-A9T6-01Z-00-DX1.57AE17FC-DB4C-4D2B-A53F-A259E8482064,TCGA-XF-A9T6-01,TCGA-XF-A9T6,[],0,[],False,False,WT,WT_any,,,,,,1437.59,True,,292.0,88.0,Female,Stage III,High Grade,,TCGA-XF-A9T6-01Z-00-DX1.57AE17FC-DB4C-4D2B-A53F-A259E8482064.svs
TCGA-XF-A9T8-01A-01-TSA.0B124594-C948-4013-92D9-F4596E352F36,data/TCGA-XF-A9T8-01A-01-TSA.0B124594-C948-4013-92D9-F4596E352F36,TCGA-XF-A9T8-01,TCGA-XF-A9T8,[],0,[],False,False,WT,WT_any,,,,,,3803.58,True,,644.0,64.0,Male,Stage III,High Grade,,TCGA-XF-A9T8-01A-01-TSA.0B124594-C948-4013-92D9-F4596E352F36.svs
TCGA-XF-A9T8-01Z-00-DX1.C18E4176-C0C1-4F5A-B128-23DF5CE77C05,data/TCGA-XF-A9T8-01Z-00-DX1.C18E4176-C0C1-4F5A-B128-23DF5CE77C05,TCGA-XF-A9T8-01,TCGA-XF-A9T8,[],0,[],False,False,WT,WT_any,,,,,,3803.58,True,,644.0,,,,High Grade,,TCGA-XF-A9T8-01Z-00-DX1.C18E4176-C0C1-4F5A-B128-23DF5CE77C05.svs
TCGA-XF-AAMF-01A-02-TSB.00EC5690-F768-40F0-9BE9-A18EACCA70B5,data/TCGA-XF-AAMF-01A-02-TSB.00EC5690-F768-40F0-9BE9-A18EACCA70B5,TCGA-XF-AAMF-01,TCGA-XF-AAMF,[],0,[],False,False,WT,WT_any,,,,,,,False,,71.0,68.0,Male,Stage IV,High Grade,,TCGA-XF-AAMF-01A-02-TSB.00EC5690-F768-40F0-9BE9-A18EACCA70B5.svs
TCGA-XF-AAMF-01Z-00-DX1.01371D44-969E-44C8-993B-13B83D9E4F0F,data/TCGA-XF-AAMF-01Z-00-DX1.01371D44-969E-44C8-993B-13B83D9E4F0F,TCGA-XF-AAMF-01,TCGA-XF-AAMF,[],0,[],False,False,WT,WT_any,,,,,,,False,,71.0,68.0,Male,Stage IV,High Grade,,TCGA-XF-AAMF-01Z-00-DX1.01371D44-969E-44C8-993B-13B83D9E4F0F.svs
TCGA-XF-AAMG-01A-01-TSA.128C13D6-87ED-4E9C-B9E0-13E7DDFA1BC3,data/TCGA-XF-AAMG-01A-01-TSA.128C13D6-87ED-4E9C-B9E0-13E7DDFA1BC3,TCGA-XF-AAMG-01,TCGA-XF-AAMG,[],0,[],False,False,WT,WT_any,,,,,,178.713,True,,890.0,,,,High Grade,,TCGA-XF-AAMG-01A-01-TSA.128C13D6-87ED-4E9C-B9E0-13E7DDFA1BC3.svs
TCGA-XF-AAMG-01Z-00-DX1.E0234C99-915C-4190-805A-147D4E3B10D9,data/TCGA-XF-AAMG-01Z-00-DX1.E0234C99-915C-4190-805A-147D4E3B10D9,TCGA-XF-AAMG-01,TCGA-XF-AAMG,[],0,[],False,False,WT,WT_any,,,,,,178.713,True,,890.0,,,,High Grade,,TCGA-XF-AAMG-01Z-00-DX1.E0234C99-915C-4190-805A-147D4E3B10D9.svs
TCGA-XF-AAMH-01A-01-TSA.084A87D1-61AA-455E-8B6C-CE697FB63B56,data/TCGA-XF-AAMH-01A-01-TSA.084A87D1-61AA-455E-8B6C-CE697FB63B56,TCGA-XF-AAMH-01,TCGA-XF-AAMH,[],0,[],False,False,WT,WT_any,,,,,,1270.92,True,,56.0,80.0,Male,Stage IV,High Grade,,TCGA-XF-AAMH-01A-01-TSA.084A87D1-61AA-455E-8B6C-CE697FB63B56.svs
TCGA-XF-AAMH-01Z-00-DX1.AB5E1C7D-C3BF-4A69-B614-0ED69F8A3C07,data/TCGA-XF-AAMH-01Z-00-DX1.AB5E1C7D-C3BF-4A69-B614-0ED69F8A3C07,TCGA-XF-AAMH-01,TCGA-XF-AAMH,[],0,[],False,False,WT,WT_any,,,,,,1270.92,True,,56.0,80.0,Male,Stage IV,High Grade,,TCGA-XF-AAMH-01Z-00-DX1.AB5E1C7D-C3BF-4A69-B614-0ED69F8A3C07.svs
TCGA-XF-AAML-01A-01-TSA.B2EA5EE3-F417-4D68-B167-7C91629C922D,data/TCGA-XF-AAML-01A-01-TSA.B2EA5EE3-F417-4D68-B167-7C91629C922D,TCGA-XF-AAML-01,TCGA-XF-AAML,[],0,[],False,False,WT,WT_any,,,,,,1566.58,True,,447.0,,,,High Grade,,TCGA-XF-AAML-01A-01-TSA.B2EA5EE3-F417-4D68-B167-7C91629C922D.svs
TCGA-XF-AAML-01Z-00-DX1.E2780FA6-641F-4A5A-B755-9ABD3C57C13E,data/TCGA-XF-AAML-01Z-00-DX1.E2780FA6-641F-4A5A-B755-9ABD3C57C13E,TCGA-XF-AAML-01,TCGA-XF-AAML,[],0,[],False,False,WT,WT_any,,,,,,1566.58,True,,447.0,,,,High Grade,,TCGA-XF-AAML-01Z-00-DX1.E2780FA6-641F-4A5A-B755-9ABD3C57C13E.svs
TCGA-XF-AAMQ-01A-01-TSA.69F805F6-877A-4244-9240-CE8C9826BBF6,data/TCGA-XF-AAMQ-01A-01-TSA.69F805F6-877A-4244-9240-CE8C9826BBF6,TCGA-XF-AAMQ-01,TCGA-XF-AAMQ,[],0,[],False,False,WT,WT_any,,,,,,6914.69,True,,171.0,59.0,Female,Stage II,High Grade,,TCGA-XF-AAMQ-01A-01-TSA.69F805F6-877A-4244-9240-CE8C9826BBF6.svs
TCGA-XF-AAMQ-01Z-00-DX1.E8D304A9-4BD0-4C62-8B01-4C00994F8EE9,data/TCGA-XF-AAMQ-01Z-00-DX1.E8D304A9-4BD0-4C62-8B01-4C00994F8EE9,TCGA-XF-AAMQ-01,TCGA-XF-AAMQ,[],0,[],False,False,WT,WT_any,,,,,,6914.69,True,,171.0,,,,High Grade,,TCGA-XF-AAMQ-01Z-00-DX1.E8D304A9-4BD0-4C62-8B01-4C00994F8EE9.svs
TCGA-XF-AAMR-01A-03-TSC.56F2A1C7-63F6-417E-B04A-F8CD76ABFD73,data/TCGA-XF-AAMR-01A-03-TSC.56F2A1C7-63F6-417E-B04A-F8CD76ABFD73,TCGA-XF-AAMR-01,TCGA-XF-AAMR,[],0,[],False,False,WT,WT_any,,,,,,1551.69,True,,92.0,48.0,Male,Stage III,High Grade,,TCGA-XF-AAMR-01A-03-TSC.56F2A1C7-63F6-417E-B04A-F8CD76ABFD73.svs
TCGA-XF-AAMR-01Z-00-DX1.7BFF4F04-9B60-41AA-9977-AF63547748AB,data/TCGA-XF-AAMR-01Z-00-DX1.7BFF4F04-9B60-41AA-9977-AF63547748AB,TCGA-XF-AAMR-01,TCGA-XF-AAMR,[],0,[],False,False,WT,WT_any,,,,,,1551.69,True,,92.0,48.0,Male,Stage III,High Grade,,TCGA-XF-AAMR-01Z-00-DX1.7BFF4F04-9B60-41AA-9977-AF63547748AB.svs
TCGA-XF-AAMW-01A-01-TSA.F8C4CD68-92FB-4873-8E31-ED6A7C1990A8,data/TCGA-XF-AAMW-01A-01-TSA.F8C4CD68-92FB-4873-8E31-ED6A7C1990A8,TCGA-XF-AAMW-01,TCGA-XF-AAMW,[],0,[],False,False,WT,WT_any,,,,,,281.624,True,,24.0,,,,High Grade,,TCGA-XF-AAMW-01A-01-TSA.F8C4CD68-92FB-4873-8E31-ED6A7C1990A8.svs
TCGA-XF-AAMW-01Z-00-DX1.875DED6D-805B-418C-8C9E-AE45FDECC504,data/TCGA-XF-AAMW-01Z-00-DX1.875DED6D-805B-418C-8C9E-AE45FDECC504,TCGA-XF-AAMW-01,TCGA-XF-AAMW,[],0,[],False,False,WT,WT_any,,,,,,281.624,True,,24.0,79.0,Female,Stage IV,High Grade,,TCGA-XF-AAMW-01Z-00-DX1.875DED6D-805B-418C-8C9E-AE45FDECC504.svs
TCGA-XF-AAN1-01A-03-TSC.198B46D5-33AB-4C1E-A42A-C843C2DE4B59,data/TCGA-XF-AAN1-01A-03-TSC.198B46D5-33AB-4C1E-A42A-C843C2DE4B59,TCGA-XF-AAN1-01,TCGA-XF-AAN1,"[{'uniqueSampleKey': 'VENHQS1YRi1BQU4xLTAxOmJsY2FfdGNnYV9wYW5fY2FuX2F0bGFzXzIwMTg', 'uniquePatientKey': 'VENHQS1YRi1BQU4xOmJsY2FfdGNnYV9wYW5fY2FuX2F0bGFzXzIwMTg', 'molecularProfileId': 'blca_tcga_pan_can_atlas_2018_mutations', 'sampleId': 'TCGA-XF-AAN1-01', 'patientId': 'TCGA-XF-AAN1', 'entrezGeneId': 2261, 'gene': {'entrezGeneId': 2261, 'hugoGeneSymbol': 'FGFR3', 'type': 'protein-coding'}, 'studyId': 'blca_tcga_pan_can_atlas_2018', 'center': '.', 'mutationStatus': '.', 'validationStatus': '.', 'tumorAltCount': 88, 'tumorRefCount': 9, 'normalRefCount': 142, 'chr': '4', 'startPosition': 1806092, 'endPosition': 1806092, 'referenceAllele': 'A', 'variantAllele': 'T', 'proteinChange': 'S371C', 'mutationType': 'Missense_Mutation', 'ncbiBuild': 'GRCh37', 'variantType': 'SNP', 'refseqMrnaId': 'NA', 'proteinPosStart': 371, 'proteinPosEnd': 371, 'keyword': 'FGFR3 S371 missense'}]",1,"[{'uniqueSampleKey': 'VENHQS1YRi1BQU4xLTAxOmJsY2FfdGNnYV9wYW5fY2FuX2F0bGFzXzIwMTg', 'uniquePatientKey': 'VENHQS1YRi1BQU4xOmJsY2FfdGNnYV9wYW5fY2FuX2F0bGFzXzIwMTg', 'molecularProfileId': 'blca_tcga_pan_can_atlas_2018_mutations', 'sampleId': 'TCGA-XF-AAN1-01', 'patientId': 'TCGA-XF-AAN1', 'entrezGeneId': 2261, 'gene': {'entrezGeneId': 2261, 'hugoGeneSymbol': 'FGFR3', 'type': 'protein-coding'}, 'studyId': 'blca_tcga_pan_can_atlas_2018', 'center': '.', 'mutationStatus': '.', 'validationStatus': '.', 'tumorAltCount': 88, 'tumorRefCount': 9, 'normalRefCount': 142, 'chr': '4', 'startPosition': 1806092, 'endPosition': 1806092, 'referenceAllele': 'A', 'variantAllele': 'T', 'proteinChange': 'S371C', 'mutationType': 'Missense_Mutation', 'ncbiBuild': 'GRCh37', 'variantType': 'SNP', 'refseqMrnaId': 'NA', 'proteinPosStart': 371, 'proteinPosEnd': 371, 'keyword': 'FGFR3 S371 missense'}]",True,True,MUT,MUT_any,S371C/S373C,S371C,0.9072164948453608,88.0,9.0,15475.8,True,,71.0,75.0,Female,Stage III,High Grade,,TCGA-XF-AAN1-01A-03-TSC.198B46D5-33AB-4C1E-A42A-C843C2DE4B59.svs
TCGA-XF-AAN1-01Z-00-DX1.F6F0E65A-0D01-4C00-AEAC-359D52C802BF,data/TCGA-XF-AAN1-01Z-00-DX1.F6F0E65A-0D01-4C00-AEAC-359D52C802BF,TCGA-XF-AAN1-01,TCGA-XF-AAN1,"[{'uniqueSampleKey': 'VENHQS1YRi1BQU4xLTAxOmJsY2FfdGNnYV9wYW5fY2FuX2F0bGFzXzIwMTg', 'uniquePatientKey': 'VENHQS1YRi1BQU4xOmJsY2FfdGNnYV9wYW5fY2FuX2F0bGFzXzIwMTg', 'molecularProfileId': 'blca_tcga_pan_can_atlas_2018_mutations', 'sampleId': 'TCGA-XF-AAN1-01', 'patientId': 'TCGA-XF-AAN1', 'entrezGeneId': 2261, 'gene': {'entrezGeneId': 2261, 'hugoGeneSymbol': 'FGFR3', 'type': 'protein-coding'}, 'studyId': 'blca_tcga_pan_can_atlas_2018', 'center': '.', 'mutationStatus': '.', 'validationStatus': '.', 'tumorAltCount': 88, 'tumorRefCount': 9, 'normalRefCount': 142, 'chr': '4', 'startPosition': 1806092, 'endPosition': 1806092, 'referenceAllele': 'A', 'variantAllele': 'T', 'proteinChange': 'S371C', 'mutationType': 'Missense_Mutation', 'ncbiBuild': 'GRCh37', 'variantType': 'SNP', 'refseqMrnaId': 'NA', 'proteinPosStart': 371, 'proteinPosEnd': 371, 'keyword': 'FGFR3 S371 missense'}]",1,"[{'uniqueSampleKey': 'VENHQS1YRi1BQU4xLTAxOmJsY2FfdGNnYV9wYW5fY2FuX2F0bGFzXzIwMTg', 'uniquePatientKey': 'VENHQS1YRi1BQU4xOmJsY2FfdGNnYV9wYW5fY2FuX2F0bGFzXzIwMTg', 'molecularProfileId': 'blca_tcga_pan_can_atlas_2018_mutations', 'sampleId': 'TCGA-XF-AAN1-01', 'patientId': 'TCGA-XF-AAN1', 'entrezGeneId': 2261, 'gene': {'entrezGeneId': 2261, 'hugoGeneSymbol': 'FGFR3', 'type': 'protein-coding'}, 'studyId': 'blca_tcga_pan_can_atlas_2018', 'center': '.', 'mutationStatus': '.', 'validationStatus': '.', 'tumorAltCount': 88, 'tumorRefCount': 9, 'normalRefCount': 142, 'chr': '4', 'startPosition': 1806092, 'endPosition': 1806092, 'referenceAllele': 'A', 'variantAllele': 'T', 'proteinChange': 'S371C', 'mutationType': 'Missense_Mutation', 'ncbiBuild': 'GRCh37', 'variantType': 'SNP', 'refseqMrnaId': 'NA', 'proteinPosStart': 371, 'proteinPosEnd': 371, 'keyword': 'FGFR3 S371 missense'}]",True,True,MUT,MUT_any,S371C/S373C,S371C,0.9072164948453608,88.0,9.0,15475.8,True,,71.0,,,,High Grade,,TCGA-XF-AAN1-01Z-00-DX1.F6F0E65A-0D01-4C00-AEAC-359D52C802BF.svs
TCGA-XF-AAN2-01A-01-TSA.ED3B4A21-AA70-4D56-9B23-EF48081C818E,data/TCGA-XF-AAN2-01A-01-TSA.ED3B4A21-AA70-4D56-9B23-EF48081C818E,TCGA-XF-AAN2-01,TCGA-XF-AAN2,[],0,[],False,False,WT,WT_any,,,,,,22.2107,True,,410.0,73.0,Male,Stage II,High Grade,,TCGA-XF-AAN2-01A-01-TSA.ED3B4A21-AA70-4D56-9B23-EF48081C818E.svs
TCGA-XF-AAN2-01Z-00-DX1.EB523A3A-0DE0-4FFC-9FE7-CF4FB2FB36CF,data/TCGA-XF-AAN2-01Z-00-DX1.EB523A3A-0DE0-4FFC-9FE7-CF4FB2FB36CF,TCGA-XF-AAN2-01,TCGA-XF-AAN2,[],0,[],False,False,WT,WT_any,,,,,,22.2107,True,,410.0,73.0,Male,Stage II,High Grade,,TCGA-XF-AAN2-01Z-00-DX1.EB523A3A-0DE0-4FFC-9FE7-CF4FB2FB36CF.svs
TCGA-XF-AAN3-01A-01-TSA.5BDF0479-2557-4DEF-ABA5-F791E74948B0,data/TCGA-XF-AAN3-01A-01-TSA.5BDF0479-2557-4DEF-ABA5-F791E74948B0,TCGA-XF-AAN3-01,TCGA-XF-AAN3,[],0,[],False,False,WT,WT_any,,,,,,2234.34,True,,128.0,76.0,Male,Stage IV,High Grade,,TCGA-XF-AAN3-01A-01-TSA.5BDF0479-2557-4DEF-ABA5-F791E74948B0.svs
TCGA-XF-AAN3-01Z-00-DX1.2F004F0A-57C1-42CA-A07C-CE0FE8F876D5,data/TCGA-XF-AAN3-01Z-00-DX1.2F004F0A-57C1-42CA-A07C-CE0FE8F876D5,TCGA-XF-AAN3-01,TCGA-XF-AAN3,[],0,[],False,False,WT,WT_any,,,,,,2234.34,True,,128.0,,,,High Grade,,TCGA-XF-AAN3-01Z-00-DX1.2F004F0A-57C1-42CA-A07C-CE0FE8F876D5.svs
TCGA-YC-A89H-01A-01-TS1.8A29E7BF-BCF8-4C00-84E2-7E728CC88D6B,data/TCGA-YC-A89H-01A-01-TS1.8A29E7BF-BCF8-4C00-84E2-7E728CC88D6B,TCGA-YC-A89H-01,TCGA-YC-A89H,[],0,[],False,False,WT,WT_any,,,,,,1223.81,True,,1368.0,78.0,Female,Stage II,High Grade,,TCGA-YC-A89H-01A-01-TS1.8A29E7BF-BCF8-4C00-84E2-7E728CC88D6B.svs
TCGA-YC-A89H-01Z-00-DX1.ACE5AFD4-274B-4579-9B0E-EDD8D9251A8C,data/TCGA-YC-A89H-01Z-00-DX1.ACE5AFD4-274B-4579-9B0E-EDD8D9251A8C,TCGA-YC-A89H-01,TCGA-YC-A89H,[],0,[],False,False,WT,WT_any,,,,,,1223.81,True,,1368.0,78.0,Female,Stage II,High Grade,,TCGA-YC-A89H-01Z-00-DX1.ACE5AFD4-274B-4579-9B0E-EDD8D9251A8C.svs
TCGA-YC-A8S6-01A-03-TS3.CC77935F-798D-428C-861E-47BA5F350521,data/TCGA-YC-A8S6-01A-03-TS3.CC77935F-798D-428C-861E-47BA5F350521,TCGA-YC-A8S6-01,TCGA-YC-A8S6,[],0,[],False,False,WT,WT_any,,,,,,6784.03,True,,96.0,71.0,Male,Stage II,High Grade,,TCGA-YC-A8S6-01A-03-TS3.CC77935F-798D-428C-861E-47BA5F350521.svs
TCGA-YC-A8S6-01Z-00-DX1.6B92FB17-2000-48B0-B7AE-6C8766D958E2,data/TCGA-YC-A8S6-01Z-00-DX1.6B92FB17-2000-48B0-B7AE-6C8766D958E2,TCGA-YC-A8S6-01,TCGA-YC-A8S6,[],0,[],False,False,WT,WT_any,,,,,,6784.03,True,,96.0,71.0,Male,Stage II,High Grade,,TCGA-YC-A8S6-01Z-00-DX1.6B92FB17-2000-48B0-B7AE-6C8766D958E2.svs
TCGA-YC-A9TC-01A-02-TS2.83AD47F0-1899-41F8-98B4-E187FBF9E652,data/TCGA-YC-A9TC-01A-02-TS2.83AD47F0-1899-41F8-98B4-E187FBF9E652,TCGA-YC-A9TC-01,TCGA-YC-A9TC,[],0,[],False,False,WT,WT_any,,,,,,35.5407,True,,111.0,71.0,Male,Stage IV,High Grade,,TCGA-YC-A9TC-01A-02-TS2.83AD47F0-1899-41F8-98B4-E187FBF9E652.svs
TCGA-YC-A9TC-01Z-00-DX1.D7C1A85C-C39C-436F-A22A-2A09558CCF18,data/TCGA-YC-A9TC-01Z-00-DX1.D7C1A85C-C39C-436F-A22A-2A09558CCF18,TCGA-YC-A9TC-01,TCGA-YC-A9TC,[],0,[],False,False,WT,WT_any,,,,,,35.5407,True,,111.0,,,,High Grade,,TCGA-YC-A9TC-01Z-00-DX1.D7C1A85C-C39C-436F-A22A-2A09558CCF18.svs
TCGA-YC-A9TC-01Z-00-DX2.F74F61C0-CB9F-4E6E-BDA7-D206ECBBDEFC,data/TCGA-YC-A9TC-01Z-00-DX2.F74F61C0-CB9F-4E6E-BDA7-D206ECBBDEFC,TCGA-YC-A9TC-01,TCGA-YC-A9TC,[],0,[],False,False,WT,WT_any,,,,,,35.5407,True,,111.0,71.0,Male,Stage IV,High Grade,,TCGA-YC-A9TC-01Z-00-DX2.F74F61C0-CB9F-4E6E-BDA7-D206ECBBDEFC.svs
TCGA-YF-AA3L-01A-01-TS1.097B8F5C-BCE9-40C2-B394-86BF66CF857A,data/TCGA-YF-AA3L-01A-01-TS1.097B8F5C-BCE9-40C2-B394-86BF66CF857A,TCGA-YF-AA3L-01,TCGA-YF-AA3L,[],0,[],False,False,WT,WT_any,,,,,,2212.66,True,,278.0,47.0,Female,Stage II,High Grade,,TCGA-YF-AA3L-01A-01-TS1.097B8F5C-BCE9-40C2-B394-86BF66CF857A.svs
TCGA-YF-AA3L-01Z-00-DX1.56C211C1-20C7-4000-9C39-F76919ADA592,data/TCGA-YF-AA3L-01Z-00-DX1.56C211C1-20C7-4000-9C39-F76919ADA592,TCGA-YF-AA3L-01,TCGA-YF-AA3L,[],0,[],False,False,WT,WT_any,,,,,,2212.66,True,,278.0,,,,High Grade,,TCGA-YF-AA3L-01Z-00-DX1.56C211C1-20C7-4000-9C39-F76919ADA592.svs
TCGA-YF-AA3M-01A-01-TS1.DF8733C4-97E3-441D-B6FF-86E018C54D85,data/TCGA-YF-AA3M-01A-01-TS1.DF8733C4-97E3-441D-B6FF-86E018C54D85,TCGA-YF-AA3M-01,TCGA-YF-AA3M,[],0,[],False,False,WT,WT_any,,,,,,3123.39,True,,138.0,57.0,Male,Stage II,High Grade,,TCGA-YF-AA3M-01A-01-TS1.DF8733C4-97E3-441D-B6FF-86E018C54D85.svs
TCGA-YF-AA3M-01Z-00-DX1.28587CDB-1FDF-4FD0-B809-86C7EA64562A,data/TCGA-YF-AA3M-01Z-00-DX1.28587CDB-1FDF-4FD0-B809-86C7EA64562A,TCGA-YF-AA3M-01,TCGA-YF-AA3M,[],0,[],False,False,WT,WT_any,,,,,,3123.39,True,,138.0,57.0,Male,Stage II,High Grade,,TCGA-YF-AA3M-01Z-00-DX1.28587CDB-1FDF-4FD0-B809-86C7EA64562A.svs
TCGA-ZF-A9R0-01A-01-TSA.71DED9DE-DA77-43C0-ACA8-EFD833545143,data/TCGA-ZF-A9R0-01A-01-TSA.71DED9DE-DA77-43C0-ACA8-EFD833545143,TCGA-ZF-A9R0-01,TCGA-ZF-A9R0,[],0,[],False,False,WT,WT_any,,,,,,9729.79,True,,176.0,82.0,Male,Stage III,High Grade,,TCGA-ZF-A9R0-01A-01-TSA.71DED9DE-DA77-43C0-ACA8-EFD833545143.svs
TCGA-ZF-A9R0-01Z-00-DX1.B9FD30D2-807E-49F7-A9E0-C58226EDEF13,data/TCGA-ZF-A9R0-01Z-00-DX1.B9FD30D2-807E-49F7-A9E0-C58226EDEF13,TCGA-ZF-A9R0-01,TCGA-ZF-A9R0,[],0,[],False,False,WT,WT_any,,,,,,9729.79,True,,176.0,82.0,Male,Stage III,High Grade,,TCGA-ZF-A9R0-01Z-00-DX1.B9FD30D2-807E-49F7-A9E0-C58226EDEF13.svs
TCGA-ZF-A9R4-01A-01-TS1.E0F7E03B-2C91-48EE-91B6-B088EC7B1F13,data/TCGA-ZF-A9R4-01A-01-TS1.E0F7E03B-2C91-48EE-91B6-B088EC7B1F13,TCGA-ZF-A9R4-01,TCGA-ZF-A9R4,[],0,[],False,False,WT,WT_any,,,,,,2803.86,True,,230.0,,,,High Grade,,TCGA-ZF-A9R4-01A-01-TS1.E0F7E03B-2C91-48EE-91B6-B088EC7B1F13.svs
TCGA-ZF-A9R4-01Z-00-DX1.0A115B7F-FB7F-4D82-953F-62BF64C1245F,data/TCGA-ZF-A9R4-01Z-00-DX1.0A115B7F-FB7F-4D82-953F-62BF64C1245F,TCGA-ZF-A9R4-01,TCGA-ZF-A9R4,[],0,[],False,False,WT,WT_any,,,,,,2803.86,True,,230.0,83.0,Male,Stage II,High Grade,,TCGA-ZF-A9R4-01Z-00-DX1.0A115B7F-FB7F-4D82-953F-62BF64C1245F.svs
TCGA-ZF-A9RC-01A-01-TS1.388FBC54-E300-4BF6-9825-6F7E99839CC6,data/TCGA-ZF-A9RC-01A-01-TS1.388FBC54-E300-4BF6-9825-6F7E99839CC6,TCGA-ZF-A9RC-01,TCGA-ZF-A9RC,[],0,[],False,False,WT,WT_any,,,,,,816.918,True,,846.0,77.0,Male,Stage III,High Grade,,TCGA-ZF-A9RC-01A-01-TS1.388FBC54-E300-4BF6-9825-6F7E99839CC6.svs
TCGA-ZF-A9RC-01Z-00-DX1.A3F3826E-2BDE-48C3-9854-1061273AF9DC,data/TCGA-ZF-A9RC-01Z-00-DX1.A3F3826E-2BDE-48C3-9854-1061273AF9DC,TCGA-ZF-A9RC-01,TCGA-ZF-A9RC,[],0,[],False,False,WT,WT_any,,,,,,816.918,True,,846.0,77.0,Male,Stage III,High Grade,,TCGA-ZF-A9RC-01Z-00-DX1.A3F3826E-2BDE-48C3-9854-1061273AF9DC.svs
TCGA-ZF-A9RE-01A-01-TS1.59E81CAF-5C15-4E7B-9E58-F3E60C42800B,data/TCGA-ZF-A9RE-01A-01-TS1.59E81CAF-5C15-4E7B-9E58-F3E60C42800B,TCGA-ZF-A9RE-01,TCGA-ZF-A9RE,"[{'uniqueSampleKey': 'VENHQS1aRi1BOVJFLTAxOmJsY2FfdGNnYV9wYW5fY2FuX2F0bGFzXzIwMTg', 'uniquePatientKey': 'VENHQS1aRi1BOVJFOmJsY2FfdGNnYV9wYW5fY2FuX2F0bGFzXzIwMTg', 'molecularProfileId': 'blca_tcga_pan_can_atlas_2018_mutations', 'sampleId': 'TCGA-ZF-A9RE-01', 'patientId': 'TCGA-ZF-A9RE', 'entrezGeneId': 2261, 'gene': {'entrezGeneId': 2261, 'hugoGeneSymbol': 'FGFR3', 'type': 'protein-coding'}, 'studyId': 'blca_tcga_pan_can_atlas_2018', 'center': '.', 'mutationStatus': '.', 'validationStatus': '.', 'tumorAltCount': 89, 'tumorRefCount': 21, 'normalRefCount': 153, 'chr': '4', 'startPosition': 1806099, 'endPosition': 1806099, 'referenceAllele': 'A', 'variantAllele': 'G', 'proteinChange': 'Y373C', 'mutationType': 'Missense_Mutation', 'ncbiBuild': 'GRCh37', 'variantType': 'SNP', 'refseqMrnaId': 'NA', 'proteinPosStart': 373, 'proteinPosEnd': 373, 'keyword': 'FGFR3 Y373 missense'}]",1,"[{'uniqueSampleKey': 'VENHQS1aRi1BOVJFLTAxOmJsY2FfdGNnYV9wYW5fY2FuX2F0bGFzXzIwMTg', 'uniquePatientKey': 'VENHQS1aRi1BOVJFOmJsY2FfdGNnYV9wYW5fY2FuX2F0bGFzXzIwMTg', 'molecularProfileId': 'blca_tcga_pan_can_atlas_2018_mutations', 'sampleId': 'TCGA-ZF-A9RE-01', 'patientId': 'TCGA-ZF-A9RE', 'entrezGeneId': 2261, 'gene': {'entrezGeneId': 2261, 'hugoGeneSymbol': 'FGFR3', 'type': 'protein-coding'}, 'studyId': 'blca_tcga_pan_can_atlas_2018', 'center': '.', 'mutationStatus': '.', 'validationStatus': '.', 'tumorAltCount': 89, 'tumorRefCount': 21, 'normalRefCount': 153, 'chr': '4', 'startPosition': 1806099, 'endPosition': 1806099, 'referenceAllele': 'A', 'variantAllele': 'G', 'proteinChange': 'Y373C', 'mutationType': 'Missense_Mutation', 'ncbiBuild': 'GRCh37', 'variantType': 'SNP', 'refseqMrnaId': 'NA', 'proteinPosStart': 373, 'proteinPosEnd': 373, 'keyword': 'FGFR3 Y373 missense'}]",True,True,MUT,MUT_any,Y373C/Y375C,Y373C,0.8090909090909091,89.0,21.0,16463.0,True,,62.0,78.0,Female,Stage II,High Grade,,TCGA-ZF-A9RE-01A-01-TS1.59E81CAF-5C15-4E7B-9E58-F3E60C42800B.svs
TCGA-ZF-A9RE-01Z-00-DX1.6E1EF772-E62D-4D9F-8688-43AAF764A6E6,data/TCGA-ZF-A9RE-01Z-00-DX1.6E1EF772-E62D-4D9F-8688-43AAF764A6E6,TCGA-ZF-A9RE-01,TCGA-ZF-A9RE,"[{'uniqueSampleKey': 'VENHQS1aRi1BOVJFLTAxOmJsY2FfdGNnYV9wYW5fY2FuX2F0bGFzXzIwMTg', 'uniquePatientKey': 'VENHQS1aRi1BOVJFOmJsY2FfdGNnYV9wYW5fY2FuX2F0bGFzXzIwMTg', 'molecularProfileId': 'blca_tcga_pan_can_atlas_2018_mutations', 'sampleId': 'TCGA-ZF-A9RE-01', 'patientId': 'TCGA-ZF-A9RE', 'entrezGeneId': 2261, 'gene': {'entrezGeneId': 2261, 'hugoGeneSymbol': 'FGFR3', 'type': 'protein-coding'}, 'studyId': 'blca_tcga_pan_can_atlas_2018', 'center': '.', 'mutationStatus': '.', 'validationStatus': '.', 'tumorAltCount': 89, 'tumorRefCount': 21, 'normalRefCount': 153, 'chr': '4', 'startPosition': 1806099, 'endPosition': 1806099, 'referenceAllele': 'A', 'variantAllele': 'G', 'proteinChange': 'Y373C', 'mutationType': 'Missense_Mutation', 'ncbiBuild': 'GRCh37', 'variantType': 'SNP', 'refseqMrnaId': 'NA', 'proteinPosStart': 373, 'proteinPosEnd': 373, 'keyword': 'FGFR3 Y373 missense'}]",1,"[{'uniqueSampleKey': 'VENHQS1aRi1BOVJFLTAxOmJsY2FfdGNnYV9wYW5fY2FuX2F0bGFzXzIwMTg', 'uniquePatientKey': 'VENHQS1aRi1BOVJFOmJsY2FfdGNnYV9wYW5fY2FuX2F0bGFzXzIwMTg', 'molecularProfileId': 'blca_tcga_pan_can_atlas_2018_mutations', 'sampleId': 'TCGA-ZF-A9RE-01', 'patientId': 'TCGA-ZF-A9RE', 'entrezGeneId': 2261, 'gene': {'entrezGeneId': 2261, 'hugoGeneSymbol': 'FGFR3', 'type': 'protein-coding'}, 'studyId': 'blca_tcga_pan_can_atlas_2018', 'center': '.', 'mutationStatus': '.', 'validationStatus': '.', 'tumorAltCount': 89, 'tumorRefCount': 21, 'normalRefCount': 153, 'chr': '4', 'startPosition': 1806099, 'endPosition': 1806099, 'referenceAllele': 'A', 'variantAllele': 'G', 'proteinChange': 'Y373C', 'mutationType': 'Missense_Mutation', 'ncbiBuild': 'GRCh37', 'variantType': 'SNP', 'refseqMrnaId': 'NA', 'proteinPosStart': 373, 'proteinPosEnd': 373, 'keyword': 'FGFR3 Y373 missense'}]",True,True,MUT,MUT_any,Y373C/Y375C,Y373C,0.8090909090909091,89.0,21.0,16463.0,True,,62.0,78.0,Female,Stage II,High Grade,,TCGA-ZF-A9RE-01Z-00-DX1.6E1EF772-E62D-4D9F-8688-43AAF764A6E6.svs
TCGA-ZF-A9RG-01A-02-TSB.B2FD6615-0F9B-4BAD-BED6-3850872A9E05,data/TCGA-ZF-A9RG-01A-02-TSB.B2FD6615-0F9B-4BAD-BED6-3850872A9E05,TCGA-ZF-A9RG-01,TCGA-ZF-A9RG,"[{'uniqueSampleKey': 'VENHQS1aRi1BOVJHLTAxOmJsY2FfdGNnYV9wYW5fY2FuX2F0bGFzXzIwMTg', 'uniquePatientKey': 'VENHQS1aRi1BOVJHOmJsY2FfdGNnYV9wYW5fY2FuX2F0bGFzXzIwMTg', 'molecularProfileId': 'blca_tcga_pan_can_atlas_2018_mutations', 'sampleId': 'TCGA-ZF-A9RG-01', 'patientId': 'TCGA-ZF-A9RG', 'entrezGeneId': 2261, 'gene': {'entrezGeneId': 2261, 'hugoGeneSymbol': 'FGFR3', 'type': 'protein-coding'}, 'studyId': 'blca_tcga_pan_can_atlas_2018', 'center': '.', 'mutationStatus': '.', 'validationStatus': '.', 'tumorAltCount': 6, 'tumorRefCount': 6, 'normalRefCount': 28, 'chr': '4', 'startPosition': 1807889, 'endPosition': 1807889, 'referenceAllele': 'A', 'variantAllele': 'G', 'proteinChange': 'K650E', 'mutationType': 'Missense_Mutation', 'ncbiBuild': 'GRCh37', 'variantType': 'SNP', 'refseqMrnaId': 'NA', 'proteinPosStart': 650, 'proteinPosEnd': 650, 'keyword': 'FGFR3 K650 missense'}]",1,"[{'uniqueSampleKey': 'VENHQS1aRi1BOVJHLTAxOmJsY2FfdGNnYV9wYW5fY2FuX2F0bGFzXzIwMTg', 'uniquePatientKey': 'VENHQS1aRi1BOVJHOmJsY2FfdGNnYV9wYW5fY2FuX2F0bGFzXzIwMTg', 'molecularProfileId': 'blca_tcga_pan_can_atlas_2018_mutations', 'sampleId': 'TCGA-ZF-A9RG-01', 'patientId': 'TCGA-ZF-A9RG', 'entrezGeneId': 2261, 'gene': {'entrezGeneId': 2261, 'hugoGeneSymbol': 'FGFR3', 'type': 'protein-coding'}, 'studyId': 'blca_tcga_pan_can_atlas_2018', 'center': '.', 'mutationStatus': '.', 'validationStatus': '.', 'tumorAltCount': 6, 'tumorRefCount': 6, 'normalRefCount': 28, 'chr': '4', 'startPosition': 1807889, 'endPosition': 1807889, 'referenceAllele': 'A', 'variantAllele': 'G', 'proteinChange': 'K650E', 'mutationType': 'Missense_Mutation', 'ncbiBuild': 'GRCh37', 'variantType': 'SNP', 'refseqMrnaId': 'NA', 'proteinPosStart': 650, 'proteinPosEnd': 650, 'keyword': 'FGFR3 K650 missense'}]",True,True,MUT,MUT_any,K652E (K650E),K650E,0.5,6.0,6.0,,False,,218.0,,,,High Grade,,TCGA-ZF-A9RG-01A-02-TSB.B2FD6615-0F9B-4BAD-BED6-3850872A9E05.svs
TCGA-ZF-A9RG-01Z-00-DX1.E9C92201-31AD-4D7E-87C0-64842D705380,data/TCGA-ZF-A9RG-01Z-00-DX1.E9C92201-31AD-4D7E-87C0-64842D705380,TCGA-ZF-A9RG-01,TCGA-ZF-A9RG,"[{'uniqueSampleKey': 'VENHQS1aRi1BOVJHLTAxOmJsY2FfdGNnYV9wYW5fY2FuX2F0bGFzXzIwMTg', 'uniquePatientKey': 'VENHQS1aRi1BOVJHOmJsY2FfdGNnYV9wYW5fY2FuX2F0bGFzXzIwMTg', 'molecularProfileId': 'blca_tcga_pan_can_atlas_2018_mutations', 'sampleId': 'TCGA-ZF-A9RG-01', 'patientId': 'TCGA-ZF-A9RG', 'entrezGeneId': 2261, 'gene': {'entrezGeneId': 2261, 'hugoGeneSymbol': 'FGFR3', 'type': 'protein-coding'}, 'studyId': 'blca_tcga_pan_can_atlas_2018', 'center': '.', 'mutationStatus': '.', 'validationStatus': '.', 'tumorAltCount': 6, 'tumorRefCount': 6, 'normalRefCount': 28, 'chr': '4', 'startPosition': 1807889, 'endPosition': 1807889, 'referenceAllele': 'A', 'variantAllele': 'G', 'proteinChange': 'K650E', 'mutationType': 'Missense_Mutation', 'ncbiBuild': 'GRCh37', 'variantType': 'SNP', 'refseqMrnaId': 'NA', 'proteinPosStart': 650, 'proteinPosEnd': 650, 'keyword': 'FGFR3 K650 missense'}]",1,"[{'uniqueSampleKey': 'VENHQS1aRi1BOVJHLTAxOmJsY2FfdGNnYV9wYW5fY2FuX2F0bGFzXzIwMTg', 'uniquePatientKey': 'VENHQS1aRi1BOVJHOmJsY2FfdGNnYV9wYW5fY2FuX2F0bGFzXzIwMTg', 'molecularProfileId': 'blca_tcga_pan_can_atlas_2018_mutations', 'sampleId': 'TCGA-ZF-A9RG-01', 'patientId': 'TCGA-ZF-A9RG', 'entrezGeneId': 2261, 'gene': {'entrezGeneId': 2261, 'hugoGeneSymbol': 'FGFR3', 'type': 'protein-coding'}, 'studyId': 'blca_tcga_pan_can_atlas_2018', 'center': '.', 'mutationStatus': '.', 'validationStatus': '.', 'tumorAltCount': 6, 'tumorRefCount': 6, 'normalRefCount': 28, 'chr': '4', 'startPosition': 1807889, 'endPosition': 1807889, 'referenceAllele': 'A', 'variantAllele': 'G', 'proteinChange': 'K650E', 'mutationType': 'Missense_Mutation', 'ncbiBuild': 'GRCh37', 'variantType': 'SNP', 'refseqMrnaId': 'NA', 'proteinPosStart': 650, 'proteinPosEnd': 650, 'keyword': 'FGFR3 K650 missense'}]",True,True,MUT,MUT_any,K652E (K650E),K650E,0.5,6.0,6.0,,False,,218.0,,,,High Grade,,TCGA-ZF-A9RG-01Z-00-DX1.E9C92201-31AD-4D7E-87C0-64842D705380.svs
TCGA-ZF-A9RL-01A-01-TS1.9FC22B8F-2A0A-49B0-BCE8-F14E79DD9077,data/TCGA-ZF-A9RL-01A-01-TS1.9FC22B8F-2A0A-49B0-BCE8-F14E79DD9077,TCGA-ZF-A9RL-01,TCGA-ZF-A9RL,"[{'uniqueSampleKey': 'VENHQS1aRi1BOVJMLTAxOmJsY2FfdGNnYV9wYW5fY2FuX2F0bGFzXzIwMTg', 'uniquePatientKey': 'VENHQS1aRi1BOVJMOmJsY2FfdGNnYV9wYW5fY2FuX2F0bGFzXzIwMTg', 'molecularProfileId': 'blca_tcga_pan_can_atlas_2018_mutations', 'sampleId': 'TCGA-ZF-A9RL-01', 'patientId': 'TCGA-ZF-A9RL', 'entrezGeneId': 2261, 'gene': {'entrezGeneId': 2261, 'hugoGeneSymbol': 'FGFR3', 'type': 'protein-coding'}, 'studyId': 'blca_tcga_pan_can_atlas_2018', 'center': '.', 'mutationStatus': '.', 'validationStatus': '.', 'tumorAltCount': 10, 'tumorRefCount': 14, 'normalRefCount': 21, 'chr': '4', 'startPosition': 1807889, 'endPosition': 1807889, 'referenceAllele': 'A', 'variantAllele': 'G', 'proteinChange': 'K650E', 'mutationType': 'Missense_Mutation', 'ncbiBuild': 'GRCh37', 'variantType': 'SNP', 'refseqMrnaId': 'NA', 'proteinPosStart': 650, 'proteinPosEnd': 650, 'keyword': 'FGFR3 K650 missense'}]",1,"[{'uniqueSampleKey': 'VENHQS1aRi1BOVJMLTAxOmJsY2FfdGNnYV9wYW5fY2FuX2F0bGFzXzIwMTg', 'uniquePatientKey': 'VENHQS1aRi1BOVJMOmJsY2FfdGNnYV9wYW5fY2FuX2F0bGFzXzIwMTg', 'molecularProfileId': 'blca_tcga_pan_can_atlas_2018_mutations', 'sampleId': 'TCGA-ZF-A9RL-01', 'patientId': 'TCGA-ZF-A9RL', 'entrezGeneId': 2261, 'gene': {'entrezGeneId': 2261, 'hugoGeneSymbol': 'FGFR3', 'type': 'protein-coding'}, 'studyId': 'blca_tcga_pan_can_atlas_2018', 'center': '.', 'mutationStatus': '.', 'validationStatus': '.', 'tumorAltCount': 10, 'tumorRefCount': 14, 'normalRefCount': 21, 'chr': '4', 'startPosition': 1807889, 'endPosition': 1807889, 'referenceAllele': 'A', 'variantAllele': 'G', 'proteinChange': 'K650E', 'mutationType': 'Missense_Mutation', 'ncbiBuild': 'GRCh37', 'variantType': 'SNP', 'refseqMrnaId': 'NA', 'proteinPosStart': 650, 'proteinPosEnd': 650, 'keyword': 'FGFR3 K650 missense'}]",True,True,MUT,MUT_any,K652E (K650E),K650E,0.4166666666666667,10.0,14.0,11097.5,True,,314.0,,,,High Grade,,TCGA-ZF-A9RL-01A-01-TS1.9FC22B8F-2A0A-49B0-BCE8-F14E79DD9077.svs
TCGA-ZF-A9RL-01Z-00-DX1.6A6B23B8-78D2-4468-8B25-A2D94130722C,data/TCGA-ZF-A9RL-01Z-00-DX1.6A6B23B8-78D2-4468-8B25-A2D94130722C,TCGA-ZF-A9RL-01,TCGA-ZF-A9RL,"[{'uniqueSampleKey': 'VENHQS1aRi1BOVJMLTAxOmJsY2FfdGNnYV9wYW5fY2FuX2F0bGFzXzIwMTg', 'uniquePatientKey': 'VENHQS1aRi1BOVJMOmJsY2FfdGNnYV9wYW5fY2FuX2F0bGFzXzIwMTg', 'molecularProfileId': 'blca_tcga_pan_can_atlas_2018_mutations', 'sampleId': 'TCGA-ZF-A9RL-01', 'patientId': 'TCGA-ZF-A9RL', 'entrezGeneId': 2261, 'gene': {'entrezGeneId': 2261, 'hugoGeneSymbol': 'FGFR3', 'type': 'protein-coding'}, 'studyId': 'blca_tcga_pan_can_atlas_2018', 'center': '.', 'mutationStatus': '.', 'validationStatus': '.', 'tumorAltCount': 10, 'tumorRefCount': 14, 'normalRefCount': 21, 'chr': '4', 'startPosition': 1807889, 'endPosition': 1807889, 'referenceAllele': 'A', 'variantAllele': 'G', 'proteinChange': 'K650E', 'mutationType': 'Missense_Mutation', 'ncbiBuild': 'GRCh37', 'variantType': 'SNP', 'refseqMrnaId': 'NA', 'proteinPosStart': 650, 'proteinPosEnd': 650, 'keyword': 'FGFR3 K650 missense'}]",1,"[{'uniqueSampleKey': 'VENHQS1aRi1BOVJMLTAxOmJsY2FfdGNnYV9wYW5fY2FuX2F0bGFzXzIwMTg', 'uniquePatientKey': 'VENHQS1aRi1BOVJMOmJsY2FfdGNnYV9wYW5fY2FuX2F0bGFzXzIwMTg', 'molecularProfileId': 'blca_tcga_pan_can_atlas_2018_mutations', 'sampleId': 'TCGA-ZF-A9RL-01', 'patientId': 'TCGA-ZF-A9RL', 'entrezGeneId': 2261, 'gene': {'entrezGeneId': 2261, 'hugoGeneSymbol': 'FGFR3', 'type': 'protein-coding'}, 'studyId': 'blca_tcga_pan_can_atlas_2018', 'center': '.', 'mutationStatus': '.', 'validationStatus': '.', 'tumorAltCount': 10, 'tumorRefCount': 14, 'normalRefCount': 21, 'chr': '4', 'startPosition': 1807889, 'endPosition': 1807889, 'referenceAllele': 'A', 'variantAllele': 'G', 'proteinChange': 'K650E', 'mutationType': 'Missense_Mutation', 'ncbiBuild': 'GRCh37', 'variantType': 'SNP', 'refseqMrnaId': 'NA', 'proteinPosStart': 650, 'proteinPosEnd': 650, 'keyword': 'FGFR3 K650 missense'}]",True,True,MUT,MUT_any,K652E (K650E),K650E,0.4166666666666667,10.0,14.0,11097.5,True,,314.0,,,,High Grade,,TCGA-ZF-A9RL-01Z-00-DX1.6A6B23B8-78D2-4468-8B25-A2D94130722C.svs
TCGA-ZF-A9RM-01A-01-TSA.9FF9C8FC-42F4-44D6-9803-D6DD8ACBBC31,data/TCGA-ZF-A9RM-01A-01-TSA.9FF9C8FC-42F4-44D6-9803-D6DD8ACBBC31,TCGA-ZF-A9RM-01,TCGA-ZF-A9RM,[],0,[],False,False,WT,WT_any,,,,,,5235.84,True,,83.0,,,,High Grade,,TCGA-ZF-A9RM-01A-01-TSA.9FF9C8FC-42F4-44D6-9803-D6DD8ACBBC31.svs
TCGA-ZF-A9RM-01Z-00-DX1.68758A74-2409-48F4-811A-EA42B4F8F942,data/TCGA-ZF-A9RM-01Z-00-DX1.68758A74-2409-48F4-811A-EA42B4F8F942,TCGA-ZF-A9RM-01,TCGA-ZF-A9RM,[],0,[],False,False,WT,WT_any,,,,,,5235.84,True,,83.0,70.0,Male,Stage II,High Grade,,TCGA-ZF-A9RM-01Z-00-DX1.68758A74-2409-48F4-811A-EA42B4F8F942.svs
TCGA-ZF-A9RN-01A-01-TSA.88B189C9-B20B-48A8-8737-FC266CC5C433,data/TCGA-ZF-A9RN-01A-01-TSA.88B189C9-B20B-48A8-8737-FC266CC5C433,TCGA-ZF-A9RN-01,TCGA-ZF-A9RN,[],0,[],False,False,WT,WT_any,,,,,,186.75,True,,166.0,67.0,Female,Stage III,High Grade,,TCGA-ZF-A9RN-01A-01-TSA.88B189C9-B20B-48A8-8737-FC266CC5C433.svs
TCGA-ZF-A9RN-01Z-00-DX1.262DCE43-154D-492E-80C3-6F8C8D4058D0,data/TCGA-ZF-A9RN-01Z-00-DX1.262DCE43-154D-492E-80C3-6F8C8D4058D0,TCGA-ZF-A9RN-01,TCGA-ZF-A9RN,[],0,[],False,False,WT,WT_any,,,,,,186.75,True,,166.0,67.0,Female,Stage III,High Grade,,TCGA-ZF-A9RN-01Z-00-DX1.262DCE43-154D-492E-80C3-6F8C8D4058D0.svs
TCGA-ZF-AA4N-01A-01-TS1.596D27B2-1418-43B5-8C79-E5BAC018CF7C,data/TCGA-ZF-AA4N-01A-01-TS1.596D27B2-1418-43B5-8C79-E5BAC018CF7C,TCGA-ZF-AA4N-01,TCGA-ZF-AA4N,[],0,[],False,False,WT,WT_any,,,,,,226.072,True,,152.0,,,,High Grade,,TCGA-ZF-AA4N-01A-01-TS1.596D27B2-1418-43B5-8C79-E5BAC018CF7C.svs
TCGA-ZF-AA4N-01Z-00-DX1.F176510E-CF8B-4681-9CDE-B6210D8DC88F,data/TCGA-ZF-AA4N-01Z-00-DX1.F176510E-CF8B-4681-9CDE-B6210D8DC88F,TCGA-ZF-AA4N-01,TCGA-ZF-AA4N,[],0,[],False,False,WT,WT_any,,,,,,226.072,True,,152.0,74.0,Male,Stage II,High Grade,,TCGA-ZF-AA4N-01Z-00-DX1.F176510E-CF8B-4681-9CDE-B6210D8DC88F.svs
TCGA-ZF-AA4T-01A-01-TS1.0BACD5F5-7FE6-4253-883E-A61798065910,data/TCGA-ZF-AA4T-01A-01-TS1.0BACD5F5-7FE6-4253-883E-A61798065910,TCGA-ZF-AA4T-01,TCGA-ZF-AA4T,[],0,[],False,False,WT,WT_any,,,,,,1590.86,True,,88.0,65.0,Male,Stage IV,High Grade,,TCGA-ZF-AA4T-01A-01-TS1.0BACD5F5-7FE6-4253-883E-A61798065910.svs
TCGA-ZF-AA4T-01Z-00-DX1.3AC48F6E-01E2-4C20-BEFE-3B4A150DFF67,data/TCGA-ZF-AA4T-01Z-00-DX1.3AC48F6E-01E2-4C20-BEFE-3B4A150DFF67,TCGA-ZF-AA4T-01,TCGA-ZF-AA4T,[],0,[],False,False,WT,WT_any,,,,,,1590.86,True,,88.0,65.0,Male,Stage IV,High Grade,,TCGA-ZF-AA4T-01Z-00-DX1.3AC48F6E-01E2-4C20-BEFE-3B4A150DFF67.svs
TCGA-ZF-AA4U-01A-01-TS1.831DB569-494E-45A9-A8D1-4748BF3ED5F6,data/TCGA-ZF-AA4U-01A-01-TS1.831DB569-494E-45A9-A8D1-4748BF3ED5F6,TCGA-ZF-AA4U-01,TCGA-ZF-AA4U,"[{'uniqueSampleKey': 'VENHQS1aRi1BQTRVLTAxOmJsY2FfdGNnYV9wYW5fY2FuX2F0bGFzXzIwMTg', 'uniquePatientKey': 'VENHQS1aRi1BQTRVOmJsY2FfdGNnYV9wYW5fY2FuX2F0bGFzXzIwMTg', 'molecularProfileId': 'blca_tcga_pan_can_atlas_2018_mutations', 'sampleId': 'TCGA-ZF-AA4U-01', 'patientId': 'TCGA-ZF-AA4U', 'entrezGeneId': 2261, 'gene': {'entrezGeneId': 2261, 'hugoGeneSymbol': 'FGFR3', 'type': 'protein-coding'}, 'studyId': 'blca_tcga_pan_can_atlas_2018', 'center': '.', 'mutationStatus': '.', 'validationStatus': '.', 'tumorAltCount': 91, 'tumorRefCount': 85, 'normalRefCount': 168, 'chr': '4', 'startPosition': 1806089, 'endPosition': 1806089, 'referenceAllele': 'G', 'variantAllele': 'T', 'proteinChange': 'G370C', 'mutationType': 'Missense_Mutation', 'ncbiBuild': 'GRCh37', 'variantType': 'SNP', 'refseqMrnaId': 'NA', 'proteinPosStart': 370, 'proteinPosEnd': 370, 'keyword': 'FGFR3 G370 missense'}]",1,"[{'uniqueSampleKey': 'VENHQS1aRi1BQTRVLTAxOmJsY2FfdGNnYV9wYW5fY2FuX2F0bGFzXzIwMTg', 'uniquePatientKey': 'VENHQS1aRi1BQTRVOmJsY2FfdGNnYV9wYW5fY2FuX2F0bGFzXzIwMTg', 'molecularProfileId': 'blca_tcga_pan_can_atlas_2018_mutations', 'sampleId': 'TCGA-ZF-AA4U-01', 'patientId': 'TCGA-ZF-AA4U', 'entrezGeneId': 2261, 'gene': {'entrezGeneId': 2261, 'hugoGeneSymbol': 'FGFR3', 'type': 'protein-coding'}, 'studyId': 'blca_tcga_pan_can_atlas_2018', 'center': '.', 'mutationStatus': '.', 'validationStatus': '.', 'tumorAltCount': 91, 'tumorRefCount': 85, 'normalRefCount': 168, 'chr': '4', 'startPosition': 1806089, 'endPosition': 1806089, 'referenceAllele': 'G', 'variantAllele': 'T', 'proteinChange': 'G370C', 'mutationType': 'Missense_Mutation', 'ncbiBuild': 'GRCh37', 'variantType': 'SNP', 'refseqMrnaId': 'NA', 'proteinPosStart': 370, 'proteinPosEnd': 370, 'keyword': 'FGFR3 G370 missense'}]",True,True,MUT,MUT_any,G370C/G372C,G370C,0.5170454545454546,91.0,85.0,19663.0,True,,54.0,70.0,Male,Stage III,High Grade,,TCGA-ZF-AA4U-01A-01-TS1.831DB569-494E-45A9-A8D1-4748BF3ED5F6.svs
TCGA-ZF-AA4U-01Z-00-DX1.E7FBFD1C-E974-4B9C-8DA8-D14FEC22D117,data/TCGA-ZF-AA4U-01Z-00-DX1.E7FBFD1C-E974-4B9C-8DA8-D14FEC22D117,TCGA-ZF-AA4U-01,TCGA-ZF-AA4U,"[{'uniqueSampleKey': 'VENHQS1aRi1BQTRVLTAxOmJsY2FfdGNnYV9wYW5fY2FuX2F0bGFzXzIwMTg', 'uniquePatientKey': 'VENHQS1aRi1BQTRVOmJsY2FfdGNnYV9wYW5fY2FuX2F0bGFzXzIwMTg', 'molecularProfileId': 'blca_tcga_pan_can_atlas_2018_mutations', 'sampleId': 'TCGA-ZF-AA4U-01', 'patientId': 'TCGA-ZF-AA4U', 'entrezGeneId': 2261, 'gene': {'entrezGeneId': 2261, 'hugoGeneSymbol': 'FGFR3', 'type': 'protein-coding'}, 'studyId': 'blca_tcga_pan_can_atlas_2018', 'center': '.', 'mutationStatus': '.', 'validationStatus': '.', 'tumorAltCount': 91, 'tumorRefCount': 85, 'normalRefCount': 168, 'chr': '4', 'startPosition': 1806089, 'endPosition': 1806089, 'referenceAllele': 'G', 'variantAllele': 'T', 'proteinChange': 'G370C', 'mutationType': 'Missense_Mutation', 'ncbiBuild': 'GRCh37', 'variantType': 'SNP', 'refseqMrnaId': 'NA', 'proteinPosStart': 370, 'proteinPosEnd': 370, 'keyword': 'FGFR3 G370 missense'}]",1,"[{'uniqueSampleKey': 'VENHQS1aRi1BQTRVLTAxOmJsY2FfdGNnYV9wYW5fY2FuX2F0bGFzXzIwMTg', 'uniquePatientKey': 'VENHQS1aRi1BQTRVOmJsY2FfdGNnYV9wYW5fY2FuX2F0bGFzXzIwMTg', 'molecularProfileId': 'blca_tcga_pan_can_atlas_2018_mutations', 'sampleId': 'TCGA-ZF-AA4U-01', 'patientId': 'TCGA-ZF-AA4U', 'entrezGeneId': 2261, 'gene': {'entrezGeneId': 2261, 'hugoGeneSymbol': 'FGFR3', 'type': 'protein-coding'}, 'studyId': 'blca_tcga_pan_can_atlas_2018', 'center': '.', 'mutationStatus': '.', 'validationStatus': '.', 'tumorAltCount': 91, 'tumorRefCount': 85, 'normalRefCount': 168, 'chr': '4', 'startPosition': 1806089, 'endPosition': 1806089, 'referenceAllele': 'G', 'variantAllele': 'T', 'proteinChange': 'G370C', 'mutationType': 'Missense_Mutation', 'ncbiBuild': 'GRCh37', 'variantType': 'SNP', 'refseqMrnaId': 'NA', 'proteinPosStart': 370, 'proteinPosEnd': 370, 'keyword': 'FGFR3 G370 missense'}]",True,True,MUT,MUT_any,G370C/G372C,G370C,0.5170454545454546,91.0,85.0,19663.0,True,,54.0,70.0,Male,Stage III,High Grade,,TCGA-ZF-AA4U-01Z-00-DX1.E7FBFD1C-E974-4B9C-8DA8-D14FEC22D117.svs
TCGA-ZF-AA4W-01A-01-TS1.138D55C6-A62B-4DDB-9647-64C74196D527,data/TCGA-ZF-AA4W-01A-01-TS1.138D55C6-A62B-4DDB-9647-64C74196D527,TCGA-ZF-AA4W-01,TCGA-ZF-AA4W,[],0,[],False,False,WT,WT_any,,,,,,1077.61,True,,502.0,,,,High Grade,,TCGA-ZF-AA4W-01A-01-TS1.138D55C6-A62B-4DDB-9647-64C74196D527.svs
TCGA-ZF-AA4W-01Z-00-DX1.1B35CC2D-3115-4BCF-8BAD-164806CAA7D3,data/TCGA-ZF-AA4W-01Z-00-DX1.1B35CC2D-3115-4BCF-8BAD-164806CAA7D3,TCGA-ZF-AA4W-01,TCGA-ZF-AA4W,[],0,[],False,False,WT,WT_any,,,,,,1077.61,True,,502.0,56.0,Male,Stage III,High Grade,,TCGA-ZF-AA4W-01Z-00-DX1.1B35CC2D-3115-4BCF-8BAD-164806CAA7D3.svs
TCGA-ZF-AA51-01A-02-TS2.6ED8E11F-847E-49C8-8E39-2C5C73245874,data/TCGA-ZF-AA51-01A-02-TS2.6ED8E11F-847E-49C8-8E39-2C5C73245874,TCGA-ZF-AA51-01,TCGA-ZF-AA51,[],0,[],False,False,WT,WT_any,,,,,,3741.52,True,,627.0,69.0,Female,Stage II,High Grade,,TCGA-ZF-AA51-01A-02-TS2.6ED8E11F-847E-49C8-8E39-2C5C73245874.svs
TCGA-ZF-AA51-01Z-00-DX1.128C9731-C206-4E71-9A64-864FA9FD7E96,data/TCGA-ZF-AA51-01Z-00-DX1.128C9731-C206-4E71-9A64-864FA9FD7E96,TCGA-ZF-AA51-01,TCGA-ZF-AA51,[],0,[],False,False,WT,WT_any,,,,,,3741.52,True,,627.0,69.0,Female,Stage II,High Grade,,TCGA-ZF-AA51-01Z-00-DX1.128C9731-C206-4E71-9A64-864FA9FD7E96.svs
TCGA-ZF-AA52-01A-01-TSA.040B1A37-56B6-4D9F-BDC1-D9402B306D0C,data/TCGA-ZF-AA52-01A-01-TSA.040B1A37-56B6-4D9F-BDC1-D9402B306D0C,TCGA-ZF-AA52-01,TCGA-ZF-AA52,[],0,[],False,False,WT,WT_any,,,,,,1197.29,True,,106.0,,,,High Grade,,TCGA-ZF-AA52-01A-01-TSA.040B1A37-56B6-4D9F-BDC1-D9402B306D0C.svs
TCGA-ZF-AA52-01Z-00-DX1.BABC9074-8AF5-42E7-B3F8-39590121B620,data/TCGA-ZF-AA52-01Z-00-DX1.BABC9074-8AF5-42E7-B3F8-39590121B620,TCGA-ZF-AA52-01,TCGA-ZF-AA52,[],0,[],False,False,WT,WT_any,,,,,,1197.29,True,,106.0,,,,High Grade,,TCGA-ZF-AA52-01Z-00-DX1.BABC9074-8AF5-42E7-B3F8-39590121B620.svs
TCGA-ZF-AA53-01A-01-TS1.6DAB9F7B-FBFC-47A0-A16D-6D48A18B355A,data/TCGA-ZF-AA53-01A-01-TS1.6DAB9F7B-FBFC-47A0-A16D-6D48A18B355A,TCGA-ZF-AA53-01,TCGA-ZF-AA53,[],0,[],False,False,WT,WT_any,,,,,,17.2176,True,,166.0,,,,High Grade,,TCGA-ZF-AA53-01A-01-TS1.6DAB9F7B-FBFC-47A0-A16D-6D48A18B355A.svs
TCGA-ZF-AA53-01Z-00-DX1.04E05AAC-DAE2-428F-98DD-37F2B414E818,data/TCGA-ZF-AA53-01Z-00-DX1.04E05AAC-DAE2-428F-98DD-37F2B414E818,TCGA-ZF-AA53-01,TCGA-ZF-AA53,[],0,[],False,False,WT,WT_any,,,,,,17.2176,True,,166.0,,,,High Grade,,TCGA-ZF-AA53-01Z-00-DX1.04E05AAC-DAE2-428F-98DD-37F2B414E818.svs
TCGA-ZF-AA58-01A-01-TSA.4B7FC848-DB6A-4D5C-8A59-1CC97A0D615E,data/TCGA-ZF-AA58-01A-01-TSA.4B7FC848-DB6A-4D5C-8A59-1CC97A0D615E,TCGA-ZF-AA58-01,TCGA-ZF-AA58,[],0,[],False,False,WT,WT_any,,,,,,13.9123,True,,205.0,,,,High Grade,,TCGA-ZF-AA58-01A-01-TSA.4B7FC848-DB6A-4D5C-8A59-1CC97A0D615E.svs
TCGA-ZF-AA58-01Z-00-DX1.85C3611E-11FA-4AAE-B880-C67C8CC7383B,data/TCGA-ZF-AA58-01Z-00-DX1.85C3611E-11FA-4AAE-B880-C67C8CC7383B,TCGA-ZF-AA58-01,TCGA-ZF-AA58,[],0,[],False,False,WT,WT_any,,,,,,13.9123,True,,205.0,61.0,Female,Stage IV,High Grade,,TCGA-ZF-AA58-01Z-00-DX1.85C3611E-11FA-4AAE-B880-C67C8CC7383B.svs
TCGA-ZF-AA5H-01A-01-TS1.9EE5EF24-45BA-4B51-B502-DD17611DED2D,data/TCGA-ZF-AA5H-01A-01-TS1.9EE5EF24-45BA-4B51-B502-DD17611DED2D,TCGA-ZF-AA5H-01,TCGA-ZF-AA5H,[],0,[],False,False,WT,WT_any,,,,,,36.2328,True,,56.0,60.0,Female,Stage IV,High Grade,,TCGA-ZF-AA5H-01A-01-TS1.9EE5EF24-45BA-4B51-B502-DD17611DED2D.svs
TCGA-ZF-AA5H-01Z-00-DX1.2B5DF00E-E0FD-4C58-A82C-3107A27F99D6,data/TCGA-ZF-AA5H-01Z-00-DX1.2B5DF00E-E0FD-4C58-A82C-3107A27F99D6,TCGA-ZF-AA5H-01,TCGA-ZF-AA5H,[],0,[],False,False,WT,WT_any,,,,,,36.2328,True,,56.0,60.0,Female,Stage IV,High Grade,,TCGA-ZF-AA5H-01Z-00-DX1.2B5DF00E-E0FD-4C58-A82C-3107A27F99D6.svs
TCGA-ZF-AA5P-01A-01-TS1.59933EC2-E4FD-44DE-A82A-53A1781356A9,data/TCGA-ZF-AA5P-01A-01-TS1.59933EC2-E4FD-44DE-A82A-53A1781356A9,TCGA-ZF-AA5P-01,TCGA-ZF-AA5P,[],0,[],False,False,WT,WT_any,,,,,,998.888,True,,49.0,65.0,Male,Stage IV,High Grade,,TCGA-ZF-AA5P-01A-01-TS1.59933EC2-E4FD-44DE-A82A-53A1781356A9.svs
TCGA-ZF-AA5P-01Z-00-DX1.B91697A2-A186-4E67-A818-56271D2009A9,data/TCGA-ZF-AA5P-01Z-00-DX1.B91697A2-A186-4E67-A818-56271D2009A9,TCGA-ZF-AA5P-01,TCGA-ZF-AA5P,[],0,[],False,False,WT,WT_any,,,,,,998.888,True,,49.0,65.0,Male,Stage IV,High Grade,,TCGA-ZF-AA5P-01Z-00-DX1.B91697A2-A186-4E67-A818-56271D2009A9.svs
